Workbook

Sheet 01, JAN 2026
A3: KAS BANK MANDIRI
A4: TAHUN 2026
A5: KOPKAR BANDAR BANTEN | D5: BULAN : JANUARI 2026
A7: NO | B7: TGL | C7: KODE | D7: URAIAN | E7: KREDIT | F7: DEBET | G7: SALDO
C8: REK.
D9: SALDO PINDAHAN | E9: 0 | F9: 0 | G9: =+'[1]DESEMBER 2025'!$G$286 -> 4.619115e+08
B10: 03-01-2026 | D10: Pinjaman Uang Koperasi dan Pelunasan an Nahdi | E10: =+F10-2490000 -> 510000 | F10: 3000000 | G10: =+G9+E10-F10 -> 4.594215e+08
B11: 03-01-2026 | D11: Biaya Honor Pengurus Periode November an Rajab Agus | F11: 3000000 | G11: =+G10+E11-F11 -> 4.564215e+08
B12: 03-01-2026 | D12: Pinjaman Barang Koperasi an Atik Salasih | E12: =+F12-3425000 -> 1575000 | F12: 5000000 | G12: =+G11+E12-F12 -> 4.529965e+08
B13: 03-01-2026 | D13: Pengambilan Simpanan Sukarela an Fahmi Rapsanjani | F13: 4000000 | G13: =+G12+E13-F13 -> 4.489965e+08
B14: 03-01-2026 | D14: Biaya Gaji TKHL Bulan Desember 2025 an Angga Putra Permana | F14: 5616182 | G14: =+G13+E14-F14 -> 4.4338032e+08
B15: 03-01-2026 | D15: Biaya Gaji TKHL Bulan Desember 2025 an Galiztan EQ Gunanditya | F15: 5360901 | G15: =+G14+E15-F15 -> 4.3801942e+08
B16: 03-01-2026 | D16: Utip BPJS Kesehatan TKHL PTP Banten | E16: 55384 | G16: =+G15+E16-F16 -> 4.380748e+08
B17: 03-01-2026 | D17: Utip BPJS Ketenagakerjaan TKHL PTP Banten | E17: 523064 | G17: =+G16+E17-F17 -> 4.3859786e+08
B18: 03-01-2026 | D18: Pengambilan Simpanan Pokok dan Wajib an Soleman Tkk | F18: 8100000 | G18: =+G17+E18-F18 -> 4.3049786e+08
B19: 03-01-2026 | D19: Pengambilan Simpanan Pokok dan Wajib an Mu'min Tkk | F19: 11040000 | G19: =+G18+E19-F19 -> 4.1945786e+08
B20: 03-01-2026 | D20: Biaya Administrasi | F20: 2500 | G20: =+G19+E20-F20 -> 4.1945536e+08
B21: 04-01-2026 | D21: Biaya Exfood Pembelian Duren Keuangan & SDM an Lukman Salamudin | F21: 2750000 | G21: =+G20+E21-F21 -> 4.1670536e+08
B22: 04-04-2026 | D22: Biaya Administrasi | F22: 2500 | G22: =+G21+E22-F22 -> 4.1670286e+08
B23: 04-01-2026 | D23: Biaya Pembayaran Paket Bak an Den Cahyadi | F23: 10322000 | G23: =+G22+E23-F23 -> 4.0638086e+08
B24: 04-01-2026 | D24: Biaya Dana Bantuan TJSL Pelindo an Lukman Salamudin | F24: 60000000 | G24: =+G23+E24-F24 -> 3.4638086e+08
B25: 04-01-2026 | D25: Biaya Administrasi | F25: 2500 | G25: =+G24+E25-F25 -> 3.4637836e+08
B26: 05-01-2026 | D26: Pendapatan Pelunasan Pinjaman Management KepBis an M Agus Alfian | E26: 15000000 | G26: =+G25+E26-F26 -> 3.6137836e+08
B27: 05-01-2026 | D27: Simpanan Wajib an Evalin Bernadetha S | E27: 330000 | G27: =+G26+E27-F27 -> 3.6170836e+08
B28: 05-01-2026 | D28: Arisan an Evalin Bernadetha S | G28: =+G27+E28-F28 -> 3.6170836e+08
B29: 05-01-2026 | D29: Transfer BPJS Kesehatan Pegawai Koperasi | F29: 1914472 | G29: =+G28+E29-F29 -> 3.5979389e+08
B30: 05-01-2026 | D30: Pembayaran PPH 23 periode Desember 2025 | F30: 2128134 | G30: =+G29+E30-F30 -> 3.5766576e+08
B31: 05-01-2026 | D31: Pembayaran SPT masa PPH 25 Badan periode Desember 2025 | F31: 5278654 | G31: =+G30+E31-F31 -> 3.523871e+08
B32: 05-01-2026 | D32: Transfer BPJS Kesehatan Karyawan Cs dan Tkhl PTP | F32: 9845856 | G32: =+G31+E32-F32 -> 3.4254125e+08
B33: 05-01-2026 | D33: Pembayaran SPT PPN periode Desember 2025 | F33: 60951595 | G33: =+G32+E33-F33 -> 2.8158965e+08
B34: 05-01-2026 | D34: Pinjaman Barang dan Pelunasan Potongan Gaji 13 an Haryono | E34: =+F34-3109000 -> 11891000 | F34: 15000000 | G34: =+G33+E34-F34 -> 2.7848065e+08
B35: 05-01-2026 | D35: Biaya Dana Bantuan TJSL Pelindo ke 2 an Lukman Salamudin | F35: 30000000 | G35: =+G34+E35-F35 -> 2.4848065e+08
B36: 05-01-2026 | D36: Biaya Administrasi | F36: 2500 | G36: =+G35+E36-F36 -> 2.4847815e+08 | J36: =+F30+F31-E32-E33 -> 7406788
B37: 05-01-2026 | D37: Transfer BPJS Ketenagakerjaan Karyawan Cleaning Service | F37: 16142158 | G37: =+G36+E37-F37 -> 2.3233599e+08
B38: 05-01-2026 | D38: Transfer BPJS Ketenagakerjaan Karyawan Koperasi | F38: 3353804 | G38: =+G37+E38-F38 -> 2.2898219e+08
B39: 05-01-2026 | D39: Biaya Pembelian Kebutuhan Rumah Dinas Gm an Lia Meliawati | F39: 7540000 | G39: =+G38+E39-F39 -> 2.2144219e+08
B40: 05-01-2026 | D40: Pengambilan Simpanan Pokok dan Wajib an M Maulana Fathi | F40: 2700000 | G40: =+G39+E40-F40 -> 2.1874219e+08
B41: 05-01-2026 | D41: Pengambilan Simpanan Pokok dan Wajib an Safroni | F41: 8200000 | G41: =+G40+E41-F41 -> 2.1054219e+08
B42: 05-01-2026 | D42: Pinjaman Uang Koperasi an Haryono | F42: 10000000 | G42: =+G41+E42-F42 -> 2.0054219e+08
B43: 05-01-2026 | D43: Utip Arisan Karyawan PTP Banten an Asep Kosasih | F43: 2875000 | G43: =+G42+E43-F43 -> 1.9766719e+08
B44: 05-01-2026 | D44: Biaya Sharing Bantuan an Rio Wijaya | F44: 2500000 | G44: =+G43+E44-F44 -> 1.9516719e+08
B45: 05-01-2026 | D45: UtipTransfer Pinjaman Yusuf Irsyad ke Dikdik Sofyan ke 3 dan 4 | F45: 1840000 | G45: =+G44+E45-F45 -> 1.9332719e+08
B46: 05-01-2026 | D46: Simpanan Wajib an Irma Mardiyani | E46: 100000 | G46: =+G45+E46-F46 -> 1.9342719e+08
B47: 05-01-2026 | D47: Pengambilan Simpanan Sukarela an Nurullah | F47: 1000000 | G47: =+G46+E47-F47 -> 1.9242719e+08
B48: 05-01-2026 | D48: Pinjaman BS Koperasi an Yusuf Irsyad | F48: 2000000 | G48: =+G47+E48-F48 -> 1.9042719e+08
B49: 05-01-2026 | D49: Biaya Administrasi | F49: 2500 | G49: =+G48+E49-F49 -> 1.9042469e+08
B50: 05-01-2026 | D50: Pengambilan Simpanan Sukarela an Khaerul Umam | F50: 400000 | G50: =+G49+E50-F50 -> 1.9002469e+08
B51: 05-01-2026 | D51: Biaya Kebutuhan Galon Kantor an Muadi | F51: 3942000 | G51: =+G50+E51-F51 -> 1.8608269e+08
B52: 05-01-2026 | D52: Pinjaman Uang Koperasi an Rachmat Hidayat | F52: 10000000 | G52: =+G51+E52-F52 -> 1.7608269e+08
B53: 05-01-2026 | D53: Pendapatan Pekerjaan Foam Pemadam Kebakaran di Lingkungan Pelabuhan Banten | E53: 37830000 | G53: =+G52+E53-F53 -> 2.1391269e+08
B54: 05-01-2026 | D54: Pendapatan Pekerjaan Kebersihan Ruangan Kantor SPJM unit Banten periode November 2025 | E54: 39822866 | G54: =+G53+E54-F54 -> 2.5373556e+08
B55: 05-01-2026 | D55: Pendapatan Sewa Lahan Kantin Jus periode Desember 25 dan Januari 2026 an Lukman S | E55: 2000000 | G55: =+G54+E55-F55 -> 2.5573556e+08
B56: 06-01-2026 | D56: Pendapatan Pekerjaan Kegiatan Fogging (Pengasapan) Dalam rangka Penyelenggaraan Nataru | E56: 2725000 | G56: =+G55+E56-F56 -> 2.5846056e+08
B57: 06-01-2026 | D57: Pendapatan Pekerjaan Pelaksanaan Drill/Simulasi Gempa Bumi dan Tsunami di Pelabuhan | E57: 10584000 | G57: =+G56+E57-F57 -> 2.6904456e+08
B58: 06-01-2026 | D58: Biaya Kebutuhan Belanja Rumah Tangga Kantor an Mulyani | F58: 10810700 | G58: =+G57+E58-F58 -> 2.5823386e+08
B59: 06-01-2026 | D59: Pembelian Air Minum botol Lee Mineral kantin | F59: 2306000 | G59: =+G58+E59-F59 -> 2.5592786e+08
B60: 06-01-2026 | D60: Biaya Kebutuhan Rumah Tangga Umum PTP Banten an Misar Ardiyanto | F60: 8890000 | G60: =+G59+E60-F60 -> 2.4703786e+08
B61: 08-01-2026 | D61: Pembayaran Potongan PDS Periode Januari 2026 | G61: =+G60+E61-F61 -> 2.4703786e+08
B62: 08-01-2026 | D62: Simpanan Wajib Tno Cabang dan PTP Gaji Desember 2025 | E62: 8400000 | G62: =+G61+E62-F62 -> 2.5543786e+08
B63: 08-01-2026 | D63: Simpanan Sukarela Tno Cabang dan PTP Gaji Desember 2025 | E63: 4300000 | G63: =+G62+E63-F63 -> 2.5973786e+08
B64: 08-01-2026 | D64: Pendapatan Potongan Piutang Uang Tno Cabang dan Ptp Gaji Desember 2025 | E64: 12415000 | G64: =+G63+E64-F64 -> 2.7215286e+08
B65: 08-01-2026 | D65: Pendapatan Potongan Piutang Barang Tno Cabang dan PTP Gaji Desember 2025 | E65: 2217500 | G65: =+G64+E65-F65 -> 2.7437036e+08
B66: 08-01-2026 | D66: Pendapatan Potongan Kantin Tno Cabang Gaji Desember 2025 | E66: 2032000 | G66: =+G65+E66-F66 -> 2.7640236e+08
B67: 08-01-2026 | D67: Pendapatan Potongan Kantin Tno PTP Gaji Desember 2025 | E67: 6576000 | G67: =+G66+E67-F67 -> 2.8297836e+08
B68: 08-01-2026 | D68: Utip Arisan PIP Banten & PTP | E68: =500000+920000 -> 1420000 | G68: =+G67+E68-F68 -> 2.8439836e+08
B69: 08-01-2026 | D69: Pendapatan Potongan BJB Tno Cabang | E69: 21045000 | G69: =+G68+E69-F69 -> 3.0544336e+08
B70: 08-01-2026 | D70: Pendapatan Potongan BJB Tno PTP Banten | E70: 29325000 | G70: =+G69+E70-F70 -> 3.3476836e+08
B71: 08-01-2026 | D71: Simpanan Wajib Security Cabang dan PTP | E71: 2350000 | G71: =+G70+E71-F71 -> 3.3711836e+08
B72: 08-01-2026 | D72: Simpanan Sukarela Security Cabang dan PTP | E72: 3850000 | G72: =+G71+E72-F72 -> 3.4096836e+08
B73: 08-01-2026 | D73: Pendapatan Potongan Piutang Uang dan Security Desember 2025 | E73: =1816667+560000 -> 2376667 | G73: =+G72+E73-F73 -> 3.4334502e+08
B74: 08-01-2026 | D74: Pendapatan Potongan Kantin Security Cabang Banten | E74: 2960000 | G74: =+G73+E74-F74 -> 3.4630502e+08
B75: 08-01-2026 | D75: Pendapatan Potongan Kantin Security PTP Banten | E75: 2100000 | G75: =+G74+E75-F75 -> 3.4840502e+08
B76: 08-01-2026 | D76: Utip Piutang Yusuf Irsyad ke Dikdik Sofyan ke 3 & 4 | E76: 1840000 | G76: =+G75+E76-F76 -> 3.5024502e+08
B77: 08-01-2026 | D77: Pinjaman Uang Koperasi dan Pelunasan Piutang an Saiman Hambali | E77: =+F77-6180000 -> 820000 | F77: 7000000 | G77: =+G76+E77-F77 -> 3.4406502e+08
B78: 08-01-2026 | D78: Pengambilan Simpanan Sukarela an Ari Hermawan | F78: 900000 | G78: =+G77+E78-F78 -> 3.4316502e+08
B79: 08-01-2026 | D79: Pengambilan Simpanan Sukarela an Khaerul Umam | F79: 200000 | G79: =+G78+E79-F79 -> 3.4296502e+08
B80: 08-01-2026 | D80: Pembelian Pembelanjaan Kantin Koperasi | F80: 29997500 | G80: =+G79+E80-F80 -> 3.1296752e+08
B81: 08-01-2026 | D81: Pengambilan Simpanan Sukarela an Rima Suteja | F81: 500000 | G81: =+G80+E81-F81 -> 3.1246752e+08
B82: 08-01-2026 | D82: Pinjaman Uang Koperasi dan Angsuran ke 1 an Dikdik Sofyan | E82: 2300000 | F82: 20000000 | G82: =+G81+E82-F82 -> 2.9476752e+08
B83: 08-01-2026 | D83: Pengambilan Simpanan Sukarela an Nurullah | F83: 500000 | G83: =+G82+E83-F83 -> 2.9426752e+08
B84: 08-01-2026 | D84: Pinjaman Uang Koperasi dan Pelunasan Piutang an Rohani | E84: =+F84-2940000 -> 2060000 | F84: 5000000 | G84: =+G83+E84-F84 -> 2.9132752e+08
B85: 08-01-2026 | D85: Biaya Service Mesin Printer an Suherlina | F85: 235000 | G85: =+G84+E85-F85 -> 2.9109252e+08
B86: 08-01-2026 | D86: Pengambilan Simpanan Sukarela an Asep Supardi | F86: 600000 | G86: =+G85+E86-F86 -> 2.9049252e+08
B87: 08-01-2026 | D87: Pengambilan Simpanan Sukarela an Irwan Rosyadi | F87: 900000 | G87: =+G86+E87-F87 -> 2.8959252e+08
B88: 08-01-2026 | D88: Biaya Catering SPJM Periode Desember 2025 an M Agustian | F88: 16020000 | G88: =+G87+E88-F88 -> 2.7357252e+08
B89: 08-01-2026 | D89: Biaya Mooring Bojonegara an Aprizal | F89: 4200000 | G89: =+G88+E89-F89 -> 2.6937252e+08
B90: 08-01-2026 | D90: Pendapatan Sewa Lahan Kantin Nasi periode Januari 2026 | E90: 2000000 | G90: =+G89+E90-F90 -> 2.7137252e+08
B91: 10-01-2026 | D91: Biaya Exfood Acara Nataru divisi SDM & Keuangan an Haryono | F91: 2500000 | G91: =+G90+E91-F91 -> 2.6887252e+08
B92: 10-01-2026 | D92: Pinjaman BS Koperasi an Muadi | F92: 3500000 | G92: =+G91+E92-F92 -> 2.6537252e+08
B93: 10-01-2026 | D93: Biaya TJSL Pelindo ke 3 an Lukman Salamudin | F93: 10000000 | G93: =+G92+E93-F93 -> 2.5537252e+08
B94: 10-01-2026 | D94: Biaya Administrasi | F94: 2500 | G94: =+G93+E94-F94 -> 2.5537002e+08
B95: 12-01-2026 | D95: Simpanan Wajib periode Januari s/d Desember 2026 an Ade Mas'un Priyadi | E95: 1200000 | G95: =+G94+E95-F95 -> 2.5657002e+08
B96: 12-01-2026 | D96: Penarikan Cek Bank Mandiri an Atik Salasih | F96: 70000000 | G96: =+G95+E96-F96 -> 1.8657002e+08
B97: 13-01-2026 | D97: Pengembalian Kelebihan tf utip Arisan PTP an Asep Kosasih | E97: 230000 | G97: =+G96+E97-F97 -> 1.8680002e+08
B98: 13-01-2026 | D98: Pinjaman BS Koperasi jaminan Cuti an Asep Kosasih | F98: 20000000 | G98: =+G97+E98-F98 -> 1.6680002e+08
B99: 13-01-2026 | D99: Transfer BPJS Ketenagakerjaan Karyawan TKHL PTP | F99: 52746 | G99: =+G98+E99-F99 -> 1.6674728e+08
B100: 13-01-2026 | D100: Biaya Ongkir Pembelian Drone an Den Cahyadi | F100: 1000000 | G100: =+G99+E100-F100 -> 1.6574728e+08
B101: 13-01-2026 | D101: Biaya Spanduk Nataru SDM Keuangan an Den Cahyadi | F101: 3000000 | G101: =+G100+E101-F101 -> 1.6274728e+08
B102: 13-01-2026 | D102: Pengambilan Simpanan Sukarela an Mufrodi | F102: 900000 | G102: =+G101+E102-F102 -> 1.6184728e+08
B103: 13-01-2026 | D103: Pengambilan Simpanan Sukarela an Basri | F103: 900000 | G103: =+G102+E103-F103 -> 1.6094728e+08
...

Sheet 02, FEB 2026
A3: KAS BANK MANDIRI
A4: TAHUN 2026
A5: KOPKAR BANDAR BANTEN | D5: BULAN : FEBRUARI 2026
A7: NO | B7: TGL | C7: KODE | D7: URAIAN | E7: KREDIT | F7: DEBET | G7: SALDO
C8: REK.
D9: SALDO PINDAHAN | E9: 0 | F9: 0 | G9: =+'01, JAN 2026'!G264 -> 1.0616681e+08
B10: 02 Feb 2026 | D10: Pendapatan Sewa Tenan Kantin Jus periode Februari an Lukman Salamudin | E10: 1000000 | G10: =+G9+E10-F10 -> 1.0716681e+08
B11: 02 Feb 2026 | D11: Biaya Service Kendaraan Roda 2 PTP an Ahmad Kurniawan | F11: 2530000 | G11: =+G10+E11-F11 -> 1.0463681e+08
B12: 02 Feb 2026 | D12: Pendapatan Pph 23 Padi Umkm | E12: 42274 | G12: =+G11+E12-F12 -> 1.0467908e+08
B13: 03 Feb 2026 | D13: Biaya Kebutuhan Rumah Tangga dan Umum PTP an Misar Ardiyanto | F13: 8890000 | G13: =+G12+E13-F13 -> 95789085
B14: 03 Feb 2026 | D14: Pembelian Lee Mineral Kantin an Humasiyah | F14: 2414000 | G14: =+G13+E14-F14 -> 93375085
B15: 03 Feb 2026 | D15: Pelunasan Pinjaman BS Cuti an Muadi | E15: 3500000 | G15: =+G14+E15-F15 -> 96875085
B16: 04 Feb 2026 | D16: Biaya Gaji TKHL Bulan Januari 2026 an Angga Putra Permana | F16: 5861213 | G16: =+G15+E16-F16 -> 91013872
B17: 04 Feb 2026 | D17: Biaya Gaji TKHL Bulan Januari 2026 an Galiztan EQ Gunanditya | F17: 5861213 | G17: =+G16+E17-F17 -> 85152659
B18: 04 Feb 2026 | D18: Utip BPJS Kesehatan TKHL PTP Banten | E18: 546992 | G18: =+G17+E18-F18 -> 85699651
B19: 4 Feb 2026 | D19: Utip BPJS Ketenagakerjaan TKHL PTP Banten | E19: 60552 | G19: =+G18+E19-F19 -> 85760203
B20: 05 Feb 2026 | D20: Pendapatan Pekerjaan Rekapitulasi Lembur TKHL periode Desember 2025 | E20: 9592664 | G20: =+G19+E20-F20 -> 95352867
B21: 05 Feb 2026 | D21: Pendapatan Pekerjaan Kebersihan Halaman Gedung Kantor dan Workshop PTP periode Des 2025 | E21: 44907018 | G21: =+G20+E21-F21 -> 1.4025988e+08
B22: 05 Feb 2026 | D22: Pendapatan Pekerjaan Kebersihan Toilet Container periode Desember 2025 | E22: 4894117 | G22: =+G21+E22-F22 -> 1.45154e+08
B23: 05 Feb 2026 | D23: Pendapatan Pekerjaan Kebersihan Zonasi Lini 1 Periode Desember 2025 | E23: 155238259 | G23: =+G22+E23-F23 -> 3.0039226e+08
B24: 05 Feb 2026 | D24: Pendapatan Pekerjaan Kebersihan Zonasi Lini 2 periode Desember 2025 | E24: 49775685 | G24: =+G23+E24-F24 -> 3.5016795e+08
B25: 05 Feb 2026 | D25: Pembayaran Potongan PDS Periode Februari 2026 | G25: =+G24+E25-F25 -> 3.5016795e+08
B26: 05 Feb 2026 | D26: Simpanan Wajib Tno Cabang dan PTP Gaji Januari 2026 | E26: 8100000 | G26: =+G25+E26-F26 -> 3.5826795e+08
B27: 05 Feb 2026 | D27: Simpanan Sukarela Tno Cabang dan PTP Gaji Januari 2026 | E27: 4300000 | G27: =+G26+E27-F27 -> 3.6256795e+08
B28: 05 Feb 2026 | D28: Pendapatan Potongan Piutang Uang Tno Cabang dan Ptp Gaji Januari 2026 | E28: 18565000 | G28: =+G27+E28-F28 -> 3.8113295e+08
B29: 05 Feb 2026 | D29: Pendapatan Potongan Piutang Barang Tno Cabang dan PTP Gaji Januari 2026 | E29: 2093750 | G29: =+G28+E29-F29 -> 3.832267e+08
B30: 05 Feb 2026 | D30: Pendapatan Potongan Kantin Tno Cabang Gaji Januari 2026 | E30: 3056000 | G30: =+G29+E30-F30 -> 3.862827e+08
B31: 05 Feb 2026 | D31: Pendapatan Potongan Kantin Tno PTP Gaji Januari 2026 | E31: 5018000 | G31: =+G30+E31-F31 -> 3.913007e+08
B32: 05 Feb 2026 | D32: Utip Arisan PIP Banten & PTP | E32: 920000 | G32: =+G31+E32-F32 -> 3.922207e+08
B33: 05 Feb 2026 | D33: Pendapatan Potongan BJB Tno Cabang | E33: =2875000+3450000 -> 6325000 | G33: =+G32+E33-F33 -> 3.985457e+08
B34: 05 Feb 2026 | D34: Pendapatan Potongan BJB Tno PTP Banten | E34: 26450000 | G34: =+G33+E34-F34 -> 4.249957e+08
B35: 05 Feb 2026 | D35: Simpanan Wajib Security Cabang dan PTP | E35: 2350000 | G35: =+G34+E35-F35 -> 4.273457e+08
B36: 05 Feb 2026 | D36: Simpanan Sukarela Security Cabang dan PTP | E36: 3500000 | G36: =+G35+E36-F36 -> 4.308457e+08
B37: 05 Feb 2026 | D37: Pendapatan Potongan Piutang Uang dan Security Januari 2026 | E37: =1816667+560000 -> 2376667 | G37: =+G36+E37-F37 -> 4.3322236e+08
B38: 05 Feb 2026 | D38: Pendapatan Potongan Kantin Security Cabang Banten | E38: 1931000 | G38: =+G37+E38-F38 -> 4.3515336e+08
B39: 05 Feb 2026 | D39: Pendapatan Potongan Kantin Security PTP Banten | E39: 3355000 | G39: =+G38+E39-F39 -> 4.3850836e+08
B40: 05 Feb 2026 | D40: Utip Piutang Yusuf Irsyad ke Dikdik Sofyan ke 5 & 6 | E40: 1840000 | G40: =+G39+E40-F40 -> 4.4034836e+08
B41: 05 Feb 2026 | D41: Pendapatan Pekerjaan Cleaning Service Cabang periode November 2025 | E41: 175975333 | G41: =+G40+E41-F41 -> 6.163237e+08
B42: 05 Feb 2026 | D42: Biaya Pembelian TV Samsung an Elektronic City Indonesia | F42: 14399000 | G42: =+G41+E42-F42 -> 6.019247e+08
B43: 05 Feb 2026 | D43: Transfer BPJS Kesehatan Pegawai Koperasi | F43: 1914472 | G43: =+G42+E43-F43 -> 6.0001022e+08
B44: 05 Feb 2026 | D44: Pembayaran PPH 23 periode Januari 2026 | F44: 2170408 | G44: =+G43+E44-F44 -> 5.9783982e+08
B45: 05 Feb 2026 | D45: Pembayaran SPT masa PPH 25 Badan periode Januari 2026 | F45: 5278654 | G45: =+G44+E45-F45 -> 5.9256116e+08
B46: 05 Feb 2026 | D46: Transfer BPJS Kesehatan Karyawan Cs dan Tkhl PTP | F46: 9845856 | G46: =+G45+E46-F46 -> 5.8271531e+08
B47: 05 Feb 2026 | D47: Transfer BPJS Ketenagakerjaan Karyawan Cleaning Service | F47: 16142158 | G47: =+G46+E47-F47 -> 5.6657315e+08
B48: 05 Feb 2026 | D48: Utip Arisan Pegawai dan Tno PTP Banten an Asep Kosasih | F48: 2645000 | G48: =+G47+E48-F48 -> 5.6392815e+08
B49: 05 Feb 2026 | D49: Pembayaran Vendor Kebersihan MMS Periode Desember 2025 | F49: 51067154 | G49: =+G48+E49-F49 -> 5.1286099e+08
B50: 05 Feb 2026 | D50: Biaya Administrasi | F50: 2500 | G50: =+G49+E50-F50 -> 5.1285849e+08
B51: 05 Feb 2026 | D51: Transfer BPJS Ketenagakerjaan Karyawan Koperasi | F51: 3353804 | G51: =+G50+E51-F51 -> 5.0950469e+08
B52: 05 Feb 2026 | D52: Pembayaran SPT PPN periode Januari 2026 | F52: 24022832 | G52: =+G51+E52-F52 -> 4.8548186e+08
B53: 05 Feb 2026 | D53: Biaya Silaturahmi terkait Kontrak Kebersihan PTP an Suherlina | F53: 10000000 | G53: =+G52+E53-F53 -> 4.7548186e+08
... B65: 05 Feb 2026 | D65: UtipTransfer Pinjaman Yusuf Irsyad ke Dikdik Sofyan ke 5 dan 6 | F65: 1840000 | G65: =+G64+E65-F65 -> 2.1452183e+08
B66: 06 Feb 2026 | D66: Pendapatan Padi Umkm | E66: 29997400 | G66: =+G65+E66-F66 -> 2.4451923e+08
B67: 09 Feb 2026 | D67: LPJ Pengembalian Sisa Pembelian Kebutuhan Rumdin GM an Lia M | E67: 1464530 | G67: =+G66+E67-F67 -> 2.4598376e+08
B68: 09 Feb 2026 | D68: Pelunasan Pinjaman Tomi Hendri Suhartanto | E68: 200000 | G68: =+G67+E68-F68 -> 2.4618376e+08
B69: 09 Feb 2026 | D69: Biaya Kebutuhan Galon Kantor an Muadi | F69: 3819000 | G69: =+G68+E69-F69 -> 2.4236476e+08
B70: 09 Feb 2026 | D70: Biaya DP Audit Tahun 2026 an KAP Roza | F70: 8325000 | G70: =+G69+E70-F70 -> 2.3403976e+08
B71: 09 Feb 2026 | D71: Biaya Pembelian Alat Kebersihan PTP an Muadi | F71: 8874000 | G71: =+G70+E71-F71 -> 2.2516576e+08
B72: 09 Feb 2026 | D72: Biaya Kebutuhan RT Kantor an Mulyani | F72: 9799600 | G72: =+G71+E72-F72 -> 2.1536616e+08
B73: 10 Feb 2026 | D73: Transfer BPJS Ketenegakerjaan TKHL | F73: 60552 | G73: =+G72+E73-F73 -> 2.153056e+08
B74: 10 Feb 2026 | D74: Biaya Service TV Divisi Tekhnik an Dimyati | F74: 1500000 | G74: =+G73+E74-F74 -> 2.138056e+08
B75: 10 Feb 2026 | D75: Pendapatan Potongan Koperasi SPJM Periode Januari 2026 | E75: 0 | G75: =+G74+E75-F75 -> 2.138056e+08
B76: 10 Feb 2026 | D76: Pendapatan Simpanan Wajib PT SPJM | E76: 1600000 | G76: =+G75+E76-F76 -> 2.154056e+08
B77: 10 Feb 2026 | D77: Pendapatan Potongan Uang Pegawai SPJM | E77: =2200000+320000 -> 2520000 | G77: =+G76+E77-F77 -> 2.179256e+08
B78: 10 Feb 2026 | D78: Pendapatan Potongan Barang Pegawai SPJM | E78: 920000 | G78: =+G77+E78-F78 -> 2.188456e+08
B79: 10 Feb 2026 | D79: Pendapatan Potongan BJB PTP Banten | E79: 8500000 | G79: =+G78+E79-F79 -> 2.273456e+08
B80: 10 Feb 2026 | D80: Pinjaman Koperasi BS Bonus an Rio Wijaya | F80: 15000000 | G80: =+G79+E80-F80 -> 2.123456e+08
B81: 10 Feb 2026 | D81: Pendapatan Pekerjaan Pelaksanaan Safety Awereness dan Pemberian Bantuan TJSL (APD) PTP | E81: 17963200 | G81: =+G80+E81-F81 -> 2.303088e+08
B82: 10 Feb 2026 | D82: Biaya Kebutuhan Rumah Dinas GM an Lia Meliawati | F82: 6720000 | G82: =+G81+E82-F82 -> 2.235888e+08
B83: 10 Feb 2026 | D83: Pembayaran Outstanding Divisi Komersial Piutang Ivan Zulhifan an Rio Wijaya | E83: 5000000 | G83: =+G82+E83-F83 -> 2.285888e+08
B84: 11 Feb 2026 | D84: Pembayaran Outstanding Divisi Komersial Piutang Ivan Zulhifan an Den Cahyadi | E84: 5000000 | G84: =+G83+E84-F84 -> 2.335888e+08
B85: 11 Feb 2026 | D85: Biaya Pekerjaan Tekhnik an Den Cahyadi | F85: 1803000 | G85: =+G84+E85-F85 -> 2.317858e+08
B86: 11 Feb 2026 | D86: Pendapatan Potongan Koperasi Pegawai PTP Periode Januari 2026 | E86: 0 | G86: =+G85+E86-F86 -> 2.317858e+08
B87: 11 Feb 2026 | D87: Pendapatan Simpanan Wajib PT PTP | E87: 1975000 | G87: =+G86+E87-F87 -> 2.337608e+08
B88: 11 Feb 2026 | D88: Pendapatan Simpanan Sukarela PT PTP | E88: 1000000 | G88: =+G87+E88-F88 -> 2.347608e+08
B89: 11 Feb 2026 | D89: Pendapatan Potongan Uang Pegawai PTP Banten | E89: =3550000+442500 -> 3992500 | G89: =+G88+E89-F89 -> 2.387533e+08
B90: 11 Feb 2026 | D90: Pendapatan Potongan Kantin Pegawai PTP Banten | E90: 1406000 | G90: =+G89+E90-F90 -> 2.401593e+08
B91: 11 Feb 2026 | D91: Pendapatan Potongan BJB PTP Banten | E91: 6927778 | G91: =+G90+E91-F91 -> 2.4708708e+08
B92: 11 Feb 2026 | D92: Utip Arisan PIP PTP Banten | E92: 1610000 | G92: =+G91+E92-F92 -> 2.4869708e+08
B93: 11 Feb 2026 | D93: Pendapatan Potongan BJB II Pegawai PTP Banten | E93: 18666667 | G93: =+G92+E93-F93 -> 2.6736375e+08
B94: 11 Feb 2026 | D94: Utip Potongan Piutang Gunawan an Zaenal Firdaus | E94: 2925000 | G94: =+G93+E94-F94 -> 2.7028875e+08
B95: 11 Feb 2026 | D95: Biaya Pekerjaan Sharing Biaya PTP an APBMI Banten | F95: 15000000 | G95: =+G94+E95-F95 -> 2.5528875e+08
B96: 11 Feb 2026 | D96: Biaya Administrasi | F96: 2500 | G96: =+G95+E96-F96 -> 2.5528625e+08
B97: 12 Feb 2026 | D97: Pengambilan Simpanan wajib an Dodi Ahmad Fauzi | F97: 1000000 | G97: =+G96+E97-F97 -> 2.5428625e+08
B98: 12 Feb 2026 | D98: Pengembalian Sisa Belanja Pembelian Kebutuhan Rumdin GM an Lia M | E98: 690585 | G98: =+G97+E98-F98 -> 2.5497683e+08
B99: 12 Feb 2026 | D99: Pendapatan Pekerjaan Pelaksanaan Bulan K3 Nasional Tahun 2026 | E99: 29253000 | G99: =+G98+E99-F99 -> 2.8422983e+08
B100: 13 Feb 2026 | D100: Pembayaran Simpanan Wajib periode Januari s/d Desember 2026 an Adi Suryana | E100: 1200000 | G100: =+G99+E100-F100 -> 2.8542983e+08
B101: 13 Feb 2026 | D101: Utip Pengembalian Piutang Gunawan ke Zainal Firdaus | F101: 2925000 | G101: =+G100+E101-F101 -> 2.8250483e+08
B102: 14 Feb 2026 | D102: Pinjaman Koperasi Barang an Alit Nova Afriyani | F102: 3500000 | G102: =+G101+E102-F102 -> 2.7900483e+08
B103: 15 Feb 2026 | D103: Pinjaman Uang Koperasi an Ega Gan Gan | F103: 900000 | G103: =+G102+E103-F103 -> 2.7810483e+08
B104: 15 Feb 2026 | D104: Biaya Pekerjaan Perbaikan Laptop 2026 an Irwansyah | F104: 500000 | G104: =+G103+E104-F104 -> 2.7760483e+08
B105: 15 Feb 2026 | D105: Biaya Pekerjaan Perbaikan Laptop 2026 an Dimyati | F105: 500000 | G105: =+G104+E105-F105 -> 2.7710483e+08
B106: 16 Feb 2026 | D106: Pengambilan Simpanan wajib dan pelunasan uang koperasi an Ainun Naim | E106: =+F106-10780000 -> 1220000 | F106: 12000000 | G106: =+G105+E106-F106 -> 2.6632483e+08
B107: 16 Feb 2026 | D107: Pinjaman Koperasi Barang an Ahmad Kurniawan | F107: 5000000 | G107: =+G106+E107-F107 -> 2.6132483e+08
B108: 16 Feb 2026 | D108: Biaya Administrasi | F108: 2500 | G108: =+G107+E108-F108 -> 2.6132233e+08
B109: 18 Feb 2026 | D109: Pengembalian LPJ Pekerjaan Bulan k3 tahun 2026 an Suherlina | E109: 394839 | G109: =+G108+E109-F109 -> 2.6171717e+08
B110: 19 Feb 2026 | D110: Pengembalian LPJ terkait Kontrak Kebersihan PTP an Suherlina | E110: 5161000 | G110: =+G109+E110-F110 -> 2.6687817e+08
B111: 19 Feb 2026 | D111: Pembelian Bahan Tiang Umbul-umbul an Sinar Mutiara Sukses | F111: 17050000 | G111: =+G110+E111-F111 -> 2.4982817e+08
B112: 19 Feb 2026 | D112: Utip Pendapatan Angleb Tahun 2026 Pelabuhan Banten | E112: 51800974 | G112: =+G111+E112-F112 -> 3.0162915e+08
B113: 19 Feb 2026 | D113: Pendapatan Potongan Koperasi pegawai SPJM Periode Januari 2026 | E113: 0 | G113: =+G112+E113-F113 -> 3.0162915e+08
B114: 19 Feb 2026 | D114: Pendapatan Simpanan Wajib PTP SPJM Banten | E114: 1600000 | G114: =+G113+E114-F114 -> 3.0322915e+08
...

Sheet 03, MAR 26
A3: KAS BANK MANDIRI
A4: TAHUN 2026
A5: KOPKAR BANDAR BANTEN | D5: BULAN : MARET 2026
A7: NO | B7: TGL | C7: KODE | D7: URAIAN | E7: KREDIT | F7: DEBET | G7: SALDO
C8: REK.
D9: SALDO PINDAHAN | E9: 0 | F9: 0 | G9: =+'02, FEB 2026'!G199 -> 4.7066636e+08
B10: 02 Mar 2026 | D10: Pembayaran BPJS Ketenagakerjaan TKHL PTP Banten | F10: 60552 | G10: =+G9+E10-F10 -> 4.7060581e+08
B11: 02 Mar 2026 | D11: Transfer BPJS Kesehatan Pegawai Koperasi | F11: 1915954 | G11: =+G10+E11-F11 -> 4.6868986e+08
B12: 02 Mar 2026 | D12: Transfer BPJS Ketenagakerjaan Karyawan Cleaning Service | F12: 16142158 | G12: =+G11+E12-F12 -> 4.525477e+08
B13: 02 Mar 2026 | D13: Pembayaran PPH 23 periode Februari 2026 | F13: 2182004 | G13: =+G12+E13-F13 -> 4.5036569e+08
B14: 02 Mar 2026 | D14: Transfer BPJS Ketenagakerjaan Karyawan Koperasi | F14: 3353804 | G14: =+G13+E14-F14 -> 4.4701189e+08
B15: 02 Mar 2026 | D15: Pembayaran SPT masa PPH 25 Badan periode Februari 2026 | F15: 5278654 | G15: =+G14+E15-F15 -> 4.4173324e+08
B16: 02 Mar 2026 | D16: Pembayaran SPT PPN periode Februari 2026 | F16: 27101569 | G16: =+G15+E16-F16 -> 4.1463167e+08
B17: 02 Mar 2026 | D17: Biaya Gaji TKHL Bulan Februari 2026 an Angga Putra Permana | F17: 5060260 | G17: =+G16+E17-F17 -> 4.0957141e+08
B18: 02 Mar 2026 | D18: Biaya Gaji TKHL Bulan Februari 2026 an Galiztan EQ Gunanditya | F18: 5060260 | G18: =+G17+E18-F18 -> 4.0451115e+08
B19: 02 Mar 2026 | D19: Utip BPJS Kesehatan TKHL PTP Banten | E19: 549956 | G19: =+G18+E19-F19 -> 4.050611e+08
B20: 02 Mar 2026 | D20: Utip BPJS Ketenagakerjaan TKHL PTP Banten | E20: 60552 | G20: =+G19+E20-F20 -> 4.0512165e+08
B21: 02 Mar 2026 | D21: Biaya Transport an Tuti Suimroh | F21: 500000 | G21: =+G20+E21-F21 -> 4.0462165e+08
B22: 02 Mar 2026 | D22: Transfer Angsuran BJB Anggota Koperasi | F22: 63765278 | G22: =+G21+E22-F22 -> 3.4085638e+08
B23: 02 Mar 2026 | D23: Biaya Administrasi | F23: 2500 | G23: =+G22+E23-F23 -> 3.4085388e+08
B24: 02 Mar 2026 | D24: Pembayaran Honor Pengurus periode Januari s/d Maret 2026 an Rajab Agus | F24: 9000000 | G24: =+G23+E24-F24 -> 3.3185388e+08
B25: 02 Mar 2026 | D25: Biaya Administrasi | F25: 2500 | G25: =+G24+E25-F25 -> 3.3185138e+08
B26: 02 Mar 2026 | D26: Pelunasan dan Pinjaman Uang Koperasi an M Agus Alfian | E26: 1220000 | F26: 5000000 | G26: =+G25+E26-F26 -> 3.2807138e+08
B27: 02 Mar 2026 | D27: DP ke 2 Pekerjaan Las Tiang Umbul-umbul an Ahmad Hobis | F27: 2500000 | G27: =+G26+E27-F27 -> 3.2557138e+08
B28: 02 Mar 2026 | D28: Biaya Administrasi | F28: 2500 | G28: =+G27+E28-F28 -> 3.2556888e+08
B29: 02 Mar 2026 | D29: Pengambilan Simpanan Sukarela an Taufik Hidayat | F29: 3000000 | G29: =+G28+E29-F29 -> 3.2256888e+08
B30: 02 Mar 2026 | D30: Utip Transfer Piutang Yusuf Irsyad Ke 7 & 8 an Dikdik Sofyan | F30: 1840000 | G30: =+G29+E30-F30 -> 3.2072888e+08
B31: 02 Mar 2026 | D31: Pinjaman Uang Koperasi an Melyawati | F31: 10000000 | G31: =+G30+E31-F31 -> 3.1072888e+08
B32: 02 Mar 2026 | D32: Pengambilan Simpanan Wajib dan Pelunasan Piutang Barang an Atik Salasih | E32: 2000000 | F32: 10000000 | G32: =+G31+E32-F32 -> 3.0272888e+08 | H32: 302728876
B33: 02 Mar 2026 | D33: Utip Transfer Arisan Pengurus Cabang Banten an Ari Mulyasih | F33: 2000000 | G33: =+G32+E33-F33 -> 3.0072888e+08
B34: 02 Mar 2026 | D34: Pengambilan Simpanan Sukarela an Anis Rahmatullah | F34: 900000 | G34: =+G33+E34-F34 -> 2.9982888e+08
B35: 02 Mar 2026 | D35: Utip Transfer Arisan Anggota PTP an Asep Kosasih | F35: 2645000 | G35: =+G34+E35-F35 -> 2.9718388e+08
B36: 02 Mar 2026 | D36: Pengembalian Kelebihan Transfer Pinjaman an Purwaji | F36: 2575000 | G36: =+G35+E36-F36 -> 2.9460888e+08
B37: 02 Mar 2026 | D37: Pembayaran Honor Pengurus periode Januari s/d Maret 2026 an Jimmy Greei Ganap | F37: 3000000 | G37: =+G36+E37-F37 -> 2.9160888e+08
B38: 02 Mar 2026 | D38: Biaya Rumah Tangga PTP Periode Maret an Misar Ardiyanto | F38: 7615000 | G38: =+G37+E38-F38 -> 2.8399388e+08
B39: 02 Mar 2026 | D39: Pendapatan Angkutan Lebaran an Christiawan | E39: 10000000 | G39: =+G38+E39-F39 -> 2.9399388e+08
B40: 03 Maret 2026 | D40: Pendapatan Simpanan Wajib dan Sukarela periode Juli sd Des 25 dan Jan sd Des 26 an M Fajar | E40: 1800000 | G40: =+G39+E40-F40 -> 2.9579388e+08
B41: 03 Maret 2026 | D41: Pendapatan Simpanan Wajib an Hayati Nufus | E41: 200000 | G41: =+G40+E41-F41 -> 2.9599388e+08
B42: 03 Maret 2026 | D42: Pendapatan Simpanan wajib an Oman Rahayu | E42: 100000 | G42: =+G41+E42-F42 -> 2.9609388e+08
B43: 03 Maret 2026 | D43: Pendapatan Pph 23 Padi UMKM | E43: 53870 | G43: =+G42+E43-F43 -> 2.9614775e+08
B44: 03 Maret 2026 | D44: Transfer BPJS Kesehatan Karyawan Cs dan Tkhl PTP dan Pembayaran Kekurangan | F44: 10005912 | G44: =+G43+E44-F44 -> 2.8614183e+08
B45: 03 Maret 2026 | D45: Utip Arisan PIP Pengurus Cabang Banten an Ari Mulyasih | F45: 500000 | G45: =+G44+E45-F45 -> 2.8564183e+08
B46: 03 Maret 2026 | D46: Pembelian Lee Mineral kantin koperasi an Humasiyah | F46: 2000000 | G46: =+G45+E46-F46 -> 2.8364183e+08
B47: 04 Maret 2026 | D47: Pembelian Dormakaba MDU ES 250 Pro an Cahaya Tritunggal Abadi | F47: 27730000 | G47: =+G46+E47-F47 -> 2.5591183e+08
B48: 04 Maret 2026 | D48: Biaya Administrasi | F48: 2500 | G48: =+G47+E48-F48 -> 2.5590933e+08
B49: 04 Maret 2026 | D49: DP ke 3 Pekerjaan Las Tiang Umbul-umbul an Ahmad Hobis | F49: 3352500 | G49: =+G48+E49-F49 -> 2.5255683e+08
B50: 04 Maret 2026 | D50: Biaya Administrasi | F50: 2500 | G50: =+G49+E50-F50 -> 2.5255433e+08
B51: 05 Maret 2026 | D51: Simpanan Sukarela an M Agustian | E51: 2300000 | G51: =+G50+E51-F51 -> 2.5485433e+08
B52: 05 Maret 2026 | D52: Pendapatan Pekerjaan Kebersihan Toilet Container periode Januari 2026 | E52: 5319069 | G52: =+G51+E52-F52 -> 2.601734e+08
B53: 05 Maret 2026 | D53: Pendapatan Pekerjaan Kebersihan Zonasi Lini 1 Periode Januari 2026 | E53: 161863363 | G53: =+G52+E53-F53 -> 4.2203677e+08
B54: 05 Maret 2026 | D54: Pendapatan Pekerjaan Perawatan Kendaraan Operasional Roda 2 PTP Banten | E54: 3253650 | G54: =+G53+E54-F54 -> 4.2529042e+08
B55: 05 Maret 2026 | D55: Pendapatan Pekerjaan Kebersihan Halaman Gedung Kantor dan Workshop PTP periode Jan 2026 | E55: 48507291 | G55: =+G54+E55-F55 -> 4.7379771e+08
B56: 5 Maret 2026 | D56: Pendapatan Pekerjaan Kebersihan Zonasi Lini 2 periode Januari 2026 | E56: 51259460 | G56: =+G55+E56-F56 -> 5.2505717e+08
B57: 5 Maret 2026 | D57: Pembayaran Potongan PDS Periode Maret 2026 | G57: =+G56+E57-F57 -> 5.2505717e+08
B58: 5 Maret 2026 | D58: Simpanan Wajib Tno Cabang dan PTP Gaji Februari 2026 | E58: 8100000 | G58: =+G57+E58-F58 -> 5.3315717e+08
B59: 5 Maret 2026 | D59: Simpanan Sukarela Tno Cabang dan PTP Gaji Februari 2026 | E59: 4650000 | G59: =+G58+E59-F59 -> 5.3780717e+08
B60: 5 Maret 2026 | D60: Pendapatan Potongan Piutang Uang Tno Cabang dan Ptp Gaji Februari 2026 | E60: 15050000 | G60: =+G59+E60-F60 -> 5.5285717e+08
B61: 5 Maret 2026 | D61: Pendapatan Jasa Uang Tno Cabang dan Tno PTP | E61: 2005000 | G61: =+G60+E61-F61 -> 5.5486217e+08
B62: 5 Maret 2026 | D62: Pendapatan Potongan Piutang Barang Tno Cabang dan PTP Gaji Februari 2026 | E62: 1050000 | G62: =+G61+E62-F62 -> 5.5591217e+08
B63: 5 Maret 2026 | D63: Pendapatan Jasa Barang Tno Cabang dan Tno PTP | E63: 143750 | G63: =+G62+E63-F63 -> 5.5605592e+08
B64: 5 Maret 2026 | D64: Pendapatan Potongan Kantin Tno Cabang Gaji Februari 2026 | E64: 5243000 | G64: =+G63+E64-F64 -> 5.6129892e+08
B65: 5 Maret 2026 | D65: Pendapatan Potongan Kantin Tno PTP Gaji Februari 2026 | E65: 6221000 | G65: =+G64+E65-F65 -> 5.6751992e+08
B66: 5 Maret 2026 | D66: Utip Arisan PIP Banten & PTP | E66: 920000 | G66: =+G65+E66-F66 -> 5.6843992e+08
B67: 5 Maret 2026 | D67: Pendapatan Potongan BJB Tno Cabang | E67: 3450000 | G67: =+G66+E67-F67 -> 5.7188992e+08
B68: 5 Maret 2026 | D68: Pendapatan Potongan BJB Tno PTP Banten | E68: 6900000 | G68: =+G67+E68-F68 -> 5.7878992e+08
B69: 5 Maret 2026 | D69: Simpanan Wajib Security Cabang dan PTP | E69: 2300000 | G69: =+G68+E69-F69 -> 5.8108992e+08
B70: 5 Maret 2026 | D70: Simpanan Sukarela Security Cabang dan PTP | E70: 3400000 | G70: =+G69+E70-F70 -> 5.8448992e+08
B71: 5 Maret 2026 | D71: Pendapatan Potongan Piutang Uang dan Security Februari 2026 | E71: =1816667+560000 -> 2376667 | G71: =+G70+E71-F71 -> 5.8686658e+08
B72: 5 Maret 2026 | D72: Pendapatan Potongan Kantin Security Cabang Banten | E72: 2971000 | G72: =+G71+E72-F72 -> 5.8983758e+08
B73: 5 Maret 2026 | D73: Pendapatan Potongan Kantin Security PTP Banten | E73: 3879000 | G73: =+G72+E73-F73 -> 5.9371658e+08
B74: 5 Maret 2026 | D74: Utip Piutang Yusuf Irsyad ke Dikdik Sofyan ke 7 & 8 | E74: 1840000 | G74: =+G73+E74-F74 -> 5.9555658e+08
B75: 5 Maret 2026 | D75: Biaya Kebutuhan Galon Kantor Pelabuhan an Muadi | F75: 3439000 | G75: =+G74+E75-F75 -> 5.9211758e+08
B76: 5 Maret 2026 | D76: Biaya Pembelian Papan Simbolis Pelabuhan an Muadi | F76: 230000 | G76: =+G75+E76-F76 -> 5.9188758e+08
B77: 5 Maret 2026 | D77: Pembayaran Vendor Jasa Kebersihan PT MMS periode Januari 2026 | F77: 51067154 | G77: =+G76+E77-F77 -> 5.4082043e+08
B78: 5 Maret 2026 | D78: Biaya Administrasi | F78: 2500 | G78: =+G77+E78-F78 -> 5.4081793e+08
B79: 5 Maret 2026 | D79: Pembayaran Vendor Jasa Kebersihan PT KPK periode Januari 2026 | F79: 50810816 | G79: =+G78+E79-F79 -> 4.9000711e+08
B80: 5 Maret 2026 | D80: Pembayaran Vendor Jasa Kebersihan PT KPSS periode Januari 2026 | F80: 10605316 | G80: =+G79+E80-F80 -> 4.794018e+08
B81: 5 Maret 2026 | D81: Biaya Pemasangan CCTV an Nugroho Widyo Laksono | F81: 6000000 | G81: =+G80+E81-F81 -> 4.734018e+08
B82: 5 Maret 2026 | D82: Biaya Pekerjaan Angkutan Lebaran Tahun 2026 an Muadi | F82: 10000000 | G82: =+G81+E82-F82 -> 4.634018e+08
B83: 06 Maret 2026 | D83: Pendapatan Sewa Lahan Kantin ASDP periode 09 Maret s/d 20 Maret 2026 | E83: 13000000 | G83: =+G82+E83-F83 -> 4.764018e+08
B84: 06 Maret 2026 | D84: Kekurangan Biaya Pembelian Papan Simbolis Pelabuhan an Muadi | F84: 90000 | G84: =+G83+E84-F84 -> 4.763118e+08
B85: 06 Maret 2026 | D85: Transfer Angsuran BJB Deden Suryadi periode Maret 2026 | F85: 5854167 | G85: =+G84+E85-F85 -> 4.7045763e+08
B86: 06 Maret 2026 | D86: Biaya Administrasi | F86: 2900 | G86: =+G85+E86-F86 -> 4.7045473e+08
B87: 6 Maret 2026 | D87: Utip Transfer KPK ke PT Marengmang Putra Persada Pelabuhan Banten periode Januari 2026 | F87: 3500000 | G87: =+G86+E87-F87 -> 4.6695473e+08
B88: 6 Maret 2026 | D88: Biaya Kebutuhan Rumah Dinas GM an Lia Meliawati | F88: 7045000 | G88: =+G87+E88-F88 -> 4.5990973e+08
B89: 6 Maret 2026 | D89: Biaya Administrasi | F89: 2900 | G89: =+G88+E89-F89 -> 4.5990683e+08
B90: 6 Maret 2026 | D90: Biaya Pekerjaan Perlengkapan Pendukung Angleb dan Fogging an Suherlina | F90: 15605120 | G90: =+G89+E90-F90 -> 4.4430171e+08
B91: 6 Maret 2026 | D91: Biaya Catering SPJM Periode Februari 2026 an M Agustian | F91: 15480000 | G91: =+G90+E91-F91 -> 4.2882171e+08
B92: 6 Maret 2026 | D92: Pembayaran THR Pegawai Koperasi | F92: 27713350 | G92: =+G91+E92-F92 -> 4.0110836e+08
B93: 6 Maret 2026 | D93: Pembayaran THR Cleaning Service Cabang Pelabuhan Banten | F93: 65206935 | G93: =+G92+E93-F93 -> 3.3590143e+08
B94: 6 Maret 2026 | D94: Pembayaran THR Cleaning Service PTP Pelabuhan Banten | F94: 12684988 | G94: =+G93+E94-F94 -> 3.2321644e+08
B95: 6 Maret 2026 | D95: Pembayaran THR Cleaning Service Zonasi PTP Pelabuhan Banten | F95: 19436482 | G95: =+G94+E95-F95 -> 3.0377996e+08
B96: 6 Maret 2026 | D96: Pembayaran THR Cleaning Service SPJM Pelabuhan Banten | F96: 13070988 | G96: =+G95+E96-F96 -> 2.9070897e+08
B97: 6 Maret 2026 | D97: Pendapatan Kegiatan Angkutan Lebaran Djarum Tahun 2026 | E97: 10000000 | G97: =+G96+E97-F97 -> 3.0070897e+08
B98: 07 Maret 2026 | D98: Biaya Instalasi Saluran Air Angkutan Lebaran an Niko Rudiyanto | F98: 4000000 | G98: =+G97+E98-F98 -> 2.9670897e+08
B99: 07 Maret 2026 | D99: Biaya Administrasi | F99: 2500 | G99: =+G98+E99-F99 -> 2.9670647e+08
B100: 09 Maret 2026 | D100: Pendapatan Pekerjaan Penyediaan TKHL Harian PTP periode Januari 2026 | E100: 14845277 | G100: =+G99+E100-F100 -> 3.1155175e+08
B101: 09 Maret 2026 | D101: Pembayaran Pinjaman Management an Rajab Agus | E101: 100000000 | G101: =+G100+E101-F101 -> 4.1155175e+08
B102: 10 Maret 2026 | D102: Biaya Pelaksanaan Bukber Koperasi an Suherlina | F102: 8775000 | G102: =+G101+E102-F102 -> 4.0277675e+08
B103: 10 Maret 2026 | D103: Pelunasan Posko Angkutan Lebaran an Dede Setiawan | F103: 9465000 | G103: =+G102+E103-F103 -> 3.9331175e+08
...

Sheet 04, APRIL 26
A3: KAS BANK MANDIRI
A4: TAHUN 2026
A5: KOPKAR BANDAR BANTEN | D5: BULAN : APRIL 2026
A7: NO | B7: TGL | C7: KODE | D7: URAIAN | E7: KREDIT | F7: DEBET | G7: SALDO
C8: REK.
D9: SALDO PINDAHAN | E9: 0 | F9: 0 | G9: =+'03, MAR 26'!G291 -> 17425269
B10: 02 April 2026 | D10: Pembayaran Potongan Koperasi PDS Periode April 2026 | G10: =+G9+E10-F10 -> 17425269
B11: 02 April 2026 | D11: Simpanan Wajib Tno Cabang dan PTP Gaji Maret 2026 | E11: 8050000 | G11: =+G10+E11-F11 -> 25475269
B12: 02 April 2026 | D12: Simpanan Sukarela Tno Cabang dan PTP Gaji Maret 2026 | E12: 4650000 | G12: =+G11+E12-F12 -> 30125269
B13: 02 April 2026 | D13: Pendapatan Potongan Piutang Uang Tno Cabang dan Ptp Gaji MAret 2026 | E13: 16250000 | G13: =+G12+E13-F13 -> 46375269
B14: 02 April 2026 | D14: Pendapatan Jasa Uang Tno Cabang dan Tno PTP | E14: 2175000 | G14: =+G13+E14-F14 -> 48550269
B15: 02 April 2026 | D15: Pendapatan Potongan Piutang Barang Tno Cabang dan PTP Gaji Maret 2026 | E15: 1400000 | G15: =+G14+E15-F15 -> 49950269
B16: 02 April 2026 | D16: Pendapatan Jasa Barang Tno Cabang dan Tno PTP | E16: 185750 | G16: =+G15+E16-F16 -> 50136019
B17: 02 April 2026 | D17: Pendapatan Potongan Kantin Tno Cabang Gaji Maret 2026 | E17: 272000 | G17: =+G16+E17-F17 -> 50408019
B18: 02 April 2026 | D18: Pendapatan Potongan Kantin Tno PTP Gaji Maret 2026 | E18: 181000 | G18: =+G17+E18-F18 -> 50589019
B19: 02 April 2026 | D19: Utip Arisan PIP Banten & PTP | E19: 920000 | G19: =+G18+E19-F19 -> 51509019
B20: 02 April 2026 | D20: Pendapatan Potongan BJB Tno Cabang | E20: 3450000 | G20: =+G19+E20-F20 -> 54959019
B21: 02 April 2026 | D21: Simpanan Wajib Security Cabang dan PTP | E21: 2300000 | G21: =+G20+E21-F21 -> 57259019
B22: 02 April 2026 | D22: Simpanan Sukarela Security Cabang dan PTP | E22: 3400000 | G22: =+G21+E22-F22 -> 60659019
B23: 02 April 2026 | D23: Pendapatan Potongan Piutang Uang dan Security Maret 2026 | E23: =1816667+560000 -> 2376667 | G23: =+G22+E23-F23 -> 63035686
B24: 02 April 2026 | D24: Pendapatan Potongan Kantin Security Cabang Banten | E24: 0 | G24: =+G23+E24-F24 -> 63035686
B25: 02 April 2026 | D25: Pendapatan Potongan Kantin Security PTP Banten | E25: 0 | G25: =+G24+E25-F25 -> 63035686
B26: 02 April 2026 | D26: Pendapatan Pph 23 Padi UMKM | E26: 35394 | G26: =+G25+E26-F26 -> 63071080
B27: 02 April 2026 | D27: Biaya Gaji TKHL Bulan Maret 2026 an Angga Putra Permana | F27: 4526292 | G27: =+G26+E27-F27 -> 58544788
B28: 02 April 2026 | D28: Biaya Gaji TKHL Bulan Maret 2026 an Galiztan EQ Gunanditya | F28: 4526292 | G28: =+G27+E28-F28 -> 54018496
B29: 02 April 2026 | D29: Utip BPJS Kesehatan TKHL PTP Banten | E29: 549956 | G29: =+G28+E29-F29 -> 54568452
B30: 02 April 2026 | D30: Utip BPJS Ketenagakerjaan TKHL PTP Banten | E30: 60552 | G30: =+G29+E30-F30 -> 54629004
B31: 02 April 2026 | D31: Pengambilan Simpanan Wajib an Dodi Ahmad Fauzi ke 2 | F31: 1500000 | G31: =+G30+E31-F31 -> 53129004
B32: 02 April 2026 | D32: Pinjaman Uang Koperasi an Rima Suteja (5 bulan) | F32: 1000000 | G32: =+G31+E32-F32 -> 52129004
B33: 03 April 2026 | D33: Transfer BPJS Kesehatan Karyawan Cleaning Service | F33: 9899208 | G33: =+G32+E33-F33 -> 42229796
B34: 03 April 2026 | D34: Pembayaran BPJS Ketenagakerjaan TKHL PTP Banten | F34: 60552 | G34: =+G33+E34-F34 -> 42169244
B35: 03 April 2026 | D35: Pembayaran SPT masa PPH 25 Badan periode Maret 2026 | F35: 5278654 | G35: =+G34+E35-F35 -> 36890590
B36: 03 April 2026 | D36: Transfer BPJS Ketenagakerjaan Karyawan Cleaning Service | F36: 15668323 | G36: =+G35+E36-F36 -> 21222267
B37: 03 April 2026 | D37: Pembayaran SPT PPN periode Maret 2026 | F37: 16514116 | G37: =+G36+E37-F37 -> 4708151.2
B38: 03 April 2026 | D38: Transfer BPJS Ketenagakerjaan Karyawan Koperasi | F38: 3353804 | G38: =+G37+E38-F38 -> 1354347.2
B39: 06 April 2026 | D39: Pendapatan Sewa Lahan Kantin Jus periode Maret dan April 2026 an Lukman Salamudin | E39: 1650000 | G39: =+G38+E39-F39 -> 3004347.2
B40: 06 April 2026 | D40: Pendapatan Pekerjaan Pelaksanaan Pengasapan Fogging dlm rangka Angleb 2026 | E40: 2450000 | G40: =+G39+E40-F40 -> 5454347.2
B41: 10 April 2026 | D41: Biaya Kebutuhan Galon Kantor Pelabuhan an Muadi | F41: 3477000 | G41: =+G40+E41-F41 -> 1977347.2
B42: 13 April 2026 | D42: Pendapatan Pekerjaan Pengadaan dan Pemasangan Dormakaba MDU ES 250 Pro Teknik | E42: 31274250 | G42: =+G41+E42-F42 -> 33251597
B43: 13 April 2026 | D43: Utip Transfer Arisan PTP Cabang Banten an Asep Kosasih | F43: 2645000 | G43: =+G42+E43-F43 -> 30606597
B44: 13 April 2026 | D44: Biaya Kebutuhan Rumah Tangga Kantor an Mulyani | F44: 9816900 | G44: =+G43+E44-F44 -> 20789697
B45: 13 April 2026 | D45: Biaya Kebutuhan Rumah Tangga dan Umum PTP an Misar Ardiyanto | F45: 7655000 | G45: =+G44+E45-F45 -> 13134697
B46: 13 April 2026 | D46: Biaya Kebutuhan Rumah Dinas GM an Lia Meliawati | F46: 9380000 | G46: =+G45+E46-F46 -> 3754697.2
B47: 13 April 2026 | D47: Utip Transfer Arisan PIP Cabang Banten an Ari Mulyasih | F47: 2500000 | G47: =+G46+E47-F47 -> 1254697.2
B48: 15 April 2026 | D48: LPJ Pengembalian sisa Belanja Kebutuhan Rumah Dinas GM an Lia Meliawati | E48: 1161020 | G48: =+G47+E48-F48 -> 2415717.2
B49: 15 April 2026 | D49: Pendapatan Pekerjaan Kebersihan Zonasi Lini 2 periode Februari 2026 | E49: 51259460 | G49: =+G48+E49-F49 -> 53675177
B50: 15 April 2026 | D50: Pendapatan Pekerjaan Kebersihan Zonasi Lini 1 Periode Februari 2026 | E50: 161863363 | G50: =+G49+E50-F50 -> 2.1553854e+08
B51: 15 April 2026 | D51: Utip Transfer KPK ke PT Marengmang Putra Persada Pelabuhan Banten periode Februari 2026 | F51: 3500000 | G51: =+G50+E51-F51 -> 2.1203854e+08
B52: 15 April 2026 | D52: Pembayaran Vendor Jasa Kebersihan PT KPSS periode Februari 2026 | F52: 10605316 | G52: =+G51+E52-F52 -> 2.0143322e+08
B53: 15 April 2026 | D53: Biaya Administrasi | F53: 2900 | G53: =+G52+E53-F53 -> 2.0143032e+08
B54: 15 April 2026 | D54: Biaya Pekerjaan Catering SPJM Maret 2026 an M Agustian | F54: 16762500 | G54: =+G53+E54-F54 -> 1.8466782e+08
B55: 15 April 2026 | D55: Pembayaran Vendor Jasa Kebersihan PT MMS periode Februari 2026 | F55: 51067154 | G55: =+G54+E55-F55 -> 1.3360067e+08
B56: 15 April 2026 | D56: Biaya Administrasi | F56: 2500 | G56: =+G55+E56-F56 -> 1.3359817e+08
B57: 15 April 2026 | D57: Pembayaran Vendor Jasa Kebersihan PT KPK periode Februari 2026 | F57: 50810816 | G57: =+G56+E57-F57 -> 82787354
B58: 15 April 2026 | D58: Pinjaman Uang BS Koperasi 2 an Yusuf Irsyad | F58: 2500000 | G58: =+G57+E58-F58 -> 80287354
B59: 15 April 2026 | D59: Biaya Administrasi | F59: 2500 | G59: =+G58+E59-F59 -> 80284854
B60: 19 April 2026 | D60: Pinjaman Uang BS Koperasi an Muadi | E60: 0 | F60: 2500000 | G60: =+G59+E60-F60 -> 77784854
B61: 20 April 2026 | D61: Pendapatan Sewa Lahan Kantin Bakso periode April 2026 an Roni | E61: 800000 | G61: =+G60+E61-F61 -> 78584854
B62: 21 April 2026 | D62: Pembayaran Pas(orang) Langganan Pelabuhan Banten | F62: 12810001 | G62: =+G61+E62-F62 -> 65774853
B63: 21 April 2026 | D63: Pembayaran Pas Kendaraan-Harian Pelabuhan Banten | F63: 14090000 | G63: =+G62+E63-F63 -> 51684853
B64: 21 April 2026 | D64: Biaya Pengukuran Lahan Bojonegara dgn ATR BPN an Rajab Agus | F64: 5000000 | G64: =+G63+E64-F64 -> 46684853
B65: 21 April 2026 | D65: Biaya Administrasi | F65: 2500 | G65: =+G64+E65-F65 -> 46682353
B66: 21 April 2026 | D66: Pengambilan Simpanan Wajib an Ega Gan Gan | F66: 1000000 | G66: =+G65+E66-F66 -> 45682353
B67: 22 April 2026 | D67: Pinjaman Uang Koperasi BS SHU an Ahmad Suryani | F67: 1000000 | G67: =+G66+E67-F67 -> 44682353
B68: 22 April 2026 | D68: Biaya Administrasi | F68: 2500 | G68: =+G67+E68-F68 -> 44679853
B69: 22 April 2026 | D69: Angsuran LPDB ke 29 an Suherlina | F69: 17355841 | G69: =+G68+E69-F69 -> 27324012
B70: 22 April 2026 | D70: Pembayaran Pajak PPH | F70: 2163528 | G70: =+G69+E70-F70 -> 25160484
B71: 23 April 2026 | D71: Pendapatan Pengembalian Pinjaman Management an Rajab Agus | E71: 10000000 | G71: =+G70+E71-F71 -> 35160484
B72: 24 April 2026 | D72: Pendapatan Simpanan Potongan PT Jasa Armada Indonesia Banten | E72: 300000 | G72: =+G71+E72-F72 -> 35460484
B73: 24 April 2026 | D73: Pendapatan Padi UMKM | E73: 20021875 | G73: =+G72+E73-F73 -> 55482359
B74: 24 April 2026 | D74: Pendapatan Pekerjaan Sharing Bantuan Dana Penyuluhan Bahaya Narkoba PTP Banten | E74: 2742750 | G74: =+G73+E74-F74 -> 58225109
B75: 24 April 2026 | D75: Pendapatan Pekerjaan Kebersihan Toilet Container periode Februari 2026 | E75: 5319069 | G75: =+G74+E75-F75 -> 63544178
B76: 24 April 2026 | D76: Pendapatan Rekapitulasi Lembur TKHL PTP periode Maret 2026 | E76: 5534367 | G76: =+G75+E76-F76 -> 69078545
B77: 24 April 2026 | D77: Pendapatan Pekerjaan Penyediaan TKHL Harian PTP periode Maret 2026 | E77: 11445231 | G77: =+G76+E77-F77 -> 80523776
B78: 24 April 2026 | D78: Pendapatan Pekerjaan Kebersihan Toilet Container periode Maret 2026 | E78: 5319069 | G78: =+G77+E78-F78 -> 85842845
B79: 24 April 2026 | D79: Pendapatan Pekerjaan Kebersihan Halaman Gedung Kantor dan Workshop PTP periode Feb 2026 | E79: 48507291 | G79: =+G78+E79-F79 -> 1.3435014e+08
B80: 24 April 2026 | D80: Pendapatan Pekerjaan Kebersihan Halaman Gedung Kantor dan Workshop PTP periode Mar 2026 | E80: 48507291 | G80: =+G79+E80-F80 -> 1.8285743e+08
B81: 24 April 2026 | D81: Pendapatan Pekerjaan Kebersihan Zonasi Lini 2 periode Maret 2026 | E81: 51259460 | G81: =+G80+E81-F81 -> 2.3411689e+08
B82: 24 April 2026 | D82: Pembayaran BPJS Kesehatan pegawai Koperasi | F82: 1924846 | G82: =+G81+E82-F82 -> 2.3219204e+08
B83: 24 April 2026 | D83: Pembayaran Gaji Pegawai Koperasi Bulan April 2026 | E83: 0 | F83: 16696547 | G83: =+G82+E83-F83 -> 2.1549549e+08
B84: 24 April 2026 | D84: Pembayaran Gaji Pegawai Fotocopy | E84: 0 | F84: 10748501 | G84: =+G83+E84-F84 -> 2.0474699e+08
B85: 24 April 2026 | D85: Pembayaran Gaji Pegawai Kantin Koperasi | E85: 0 | F85: 11496953 | G85: =+G84+E85-F85 -> 1.9325004e+08
B86: 24 April 2026 | D86: Utip BPJS Ketenagakerjaan Pegawai Koperasi | E86: 3353805 | F86: 0 | G86: =+G85+E86-F86 -> 1.9660385e+08
B87: 24 April 2026 | D87: Utip BPJS Kesehatan Pegawai Koperasi | E87: 1924846 | F87: 0 | G87: =+G86+E87-F87 -> 1.9852869e+08
B88: 24 April 2026 | D88: Simpanan Wajib Pegawai Koperasi | E88: 650000 | F88: 0 | G88: =+G87+E88-F88 -> 1.9917869e+08
B89: 24 April 2026 | D89: Simpanan Sukarela Pegawai Koperasi | E89: 200000 | F89: 0 | G89: =+G88+E89-F89 -> 1.9937869e+08
B90: 24 April 2026 | D90: Pendapatan Potongan Uang Pegawai Koperasi | E90: 6550000 | F90: 0 | G90: =+G89+E90-F90 -> 2.0592869e+08
B91: 24 April 2026 | D91: Pendapatan Jasa Uang | E91: 952500 | G91: =+G90+E91-F91 -> 2.0688119e+08
B92: 24 April 2026 | D92: Pendaatan Potongan Barang Pegawai Koperasi | E92: 1800000 | G92: =+G91+E92-F92 -> 2.0868119e+08
B93: 24 April 2026 | D93: Pendapatan Jasa Barang | E93: 265000 | G93: =+G92+E93-F93 -> 2.0894619e+08
B94: 24 April 2026 | D94: Pembayaran Gaji Cleaning Service Kantor Cabang Potongan Bulan Mei 2026 | E94: 0 | F94: 1.0021497e+08 | G94: =+G93+E94-F94 -> 1.0873122e+08
B95: 24 April 2026 | D95: Utip BPJS Ketenagakerjaan Cleaning Service Kantor | E95: 9508469.3 | F95: 0 | G95: =+G94+E95-F95 -> 1.1823969e+08
B96: 24 April 2026 | D96: Utip BPJS Kesehatan Cleaning Service Kantor | E96: 5499560 | F96: 0 | G96: =+G95+E96-F96 -> 1.2373925e+08
B97: 24 April 2026 | D97: Simpanan Wajib Cleaning Service kantor | E97: 1750000 | F97: 0 | G97: =+G96+E97-F97 -> 1.2548925e+08
B98: 24 April 2026 | D98: Simpanan Sukarela Cleaning Service Kantor | E98: 1750000 | F98: 0 | G98: =+G97+E98-F98 -> 1.2723925e+08
B99: 24 April 2026 | D99: Angsuran Potongan Uang Cleaning Service kantor | E99: 4200000 | F99: 0 | G99: =+G98+E99-F99 -> 1.3143925e+08
B100: 24 April 2026 | D100: Pendapatan Jasa Uang | E100: 605000 | G100: =+G99+E100-F100 -> 1.3204425e+08
B101: 24 April 2026 | D101: Angsuran Potongan Barang Cleaning Service kantor | E101: 400000 | G101: =+G100+E101-F101 -> 1.3244425e+08
B102: 24 April 2026 | D102: Pendapatan Jasa Barang | E102: 100000 | G102: =+G101+E102-F102 -> 1.3254425e+08
B103: 24 April 2026 | D103: Pendapatan Potongan BJB | E103: 11500000 | F103: 0 | G103: =+G102+E103-F103 -> 1.4404425e+08
...

Sheet 05,MEI 26
A3: KAS BANK MANDIRI
A4: TAHUN 2026
A5: KOPKAR BANDAR BANTEN | D5: BULAN : MEI 2026
A7: NO | B7: TGL | C7: KODE | D7: URAIAN | E7: KREDIT | F7: DEBET | G7: SALDO
C8: REK.
D9: SALDO PINDAHAN | E9: 0 | F9: 0 | G9: =+'04, APRIL 26'!G200 -> 1.9727524e+08
B10: 01 Mei 2026 | D10: Biaya Gaji TKHL Bulan April 2026 an Angga Putra Permana | F10: 5594229 | G10: =+G9+E10-F10 -> 1.9168101e+08
D11: Biaya Gaji TKHL Bulan April 2026 an Galiztan EQ Gunanditya | F11: 5594229 | G11: =+G10+E11-F11 -> 1.8608678e+08
D12: Utip BPJS Kesehatan TKHL PTP Banten | E12: 549956 | G12: =+G11+E12-F12 -> 1.8663674e+08
D13: Utip BPJS Ketenagakerjaan TKHL PTP Banten | E13: 60552 | G13: =+G12+E13-F13 -> 1.8669729e+08
D14: Pengambilan Simpanan Wajib dan Pokok an Agus Fazri | F14: 3600000 | G14: =+G13+E14-F14 -> 1.8309729e+08
D15: Biaya Administrasi | F15: 2500 | G15: =+G14+E15-F15 -> 1.8309479e+08
D16: Biaya Kebutuhan RT Umum PTP Banten an Misar Ardiyanto | F16: 8745000 | G16: =+G15+E16-F16 -> 1.7434979e+08
D17: Utip Transfer Angsuran Bjb Anggota Koperasi | F17: 56276389 | G17: =+G16+E17-F17 -> 1.180734e+08
D18: Biaya Administrasi | F18: 2500 | G18: =+G17+E18-F18 -> 1.180709e+08
D19: Biaya Pekerjaan Pengadaan PH Air dan Labelling KepBis an Suherlina | F19: 1217986 | G19: =+G18+E19-F19 -> 1.1685292e+08
D20: Pengambilan Simpanan Wajib dan Pokok an Heri Firmansyah | F20: 874875 | G20: =+G19+E20-F20 -> 1.1597804e+08
D21: Biaya Cetak Spanduk dan Papan Simbolis Qurban Pelindo an Muadi | F21: 335000 | G21: =+G20+E21-F21 -> 1.1564304e+08
B22: 02 Mei 2026 | D22: Biaya Pekerjaan CCTV dan an Nugroho Widyo Laksono | F22: 19500000 | G22: =+G21+E22-F22 -> 96143041
B23: 04 Mei 2026 | D23: Pendapatan Sewa Lahan Kantin Jus periode Mei an Lukman Salamudin | E23: 1000000 | G23: =+G22+E23-F23 -> 97143041
B24: 05 Mei 2026 | D24: Pembayaran BPJS Ketenagakerjaan TKHL PTP Banten | E24: 0 | F24: 60552 | G24: =+G23+E24-F24 -> 97082489
D25: Pembayaran BPJS Kesehatan pegawai Koperasi | E25: 0 | F25: 1924846 | G25: =+G24+E25-F25 -> 95157643
D26: Pembayaran SPT PPH 23 Periode April 2026 | F26: 2453175 | G26: =+G25+E26-F26 -> 92704468
D27: Pembayaran SPT Masa PPH 25 Badan periode April 2026 | F27: 5315708 | G27: =+G26+E27-F27 -> 87388760
D28: Transfer BPJS Kesehatan Karyawan Cleaning Service | F28: 9899208 | G28: =+G27+E28-F28 -> 77489552
D29: Transfer BPJS Ketenagakerjaan Karyawan Cleaning Service | F29: 15194488 | G29: =+G28+E29-F29 -> 62295064
D30: Pembayaran SPT PPN Periode April 2026 | F30: 20289466 | G30: =+G29+E30-F30 -> 42005598
D31: Transfer BPJS Ketenagakerjaan Karyawan Koperasi | F31: 3353804 | G31: =+G30+E31-F31 -> 38651794
D32: Simpanan Wajib an Hayati Nufus | E32: 200000 | G32: =+G31+E32-F32 -> 38851794
D33: Simpanan Wajib an Oman Rahayu | E33: 100000 | G33: =+G32+E33-F33 -> 38951794
D34: Simpanan Wajib an Slamet Kiswountoro | E34: 100000 | G34: =+G33+E34-F34 -> 39051794
D35: Pendapatan Pekerjaan Kebersihan Zonasi Lini 1 Periode Maret 2026 | E35: 161863363 | G35: =+G34+E35-F35 -> 2.0091516e+08
D36: Pendapatan Pph 23 Padi UMKM | E36: 5041 | G36: =+G35+E36-F36 -> 2.009202e+08
D37: Pembayaran Potongan Koperasi PDS Periode Mei 2026 | E37: 0 | G37: =+G36+E37-F37 -> 2.009202e+08
D38: Simpanan Wajib Tno Cabang dan PTP Gaji April 2026 | E38: 8050000 | G38: =+G37+E38-F38 -> 2.089702e+08
D39: Simpanan Sukarela Tno Cabang dan PTP Gaji April 2026 | E39: 4400000 | G39: =+G38+E39-F39 -> 2.133702e+08
D40: Pendapatan Potongan Piutang Uang Tno Cabang dan Ptp Gaji April 2026 | E40: 13450000 | G40: =+G39+E40-F40 -> 2.268202e+08
D41: Pendapatan Jasa Uang Tno Cabang dan Tno PTP | E41: 1755000 | G41: =+G40+E41-F41 -> 2.285752e+08
D42: Pendapatan Potongan Piutang Barang Tno Cabang dan PTP Gaji April 2026 | E42: 1400000 | G42: =+G41+E42-F42 -> 2.299752e+08
D43: Pendapatan Jasa Barang Tno Cabang dan Tno PTP | E43: 185750 | G43: =+G42+E43-F43 -> 2.3016095e+08
... D51: Pendapatan Potongan Kantin Security PTP Banten | E51: 0 | G51: =+G50+E51-F51 -> 2.3965762e+08
D52: Pembayaran Vendor Jasa Kebersihan PT KPK periode Maret 2026 | F52: 50810816 | G52: =+G51+E52-F52 -> 1.888468e+08
D53: Pembayaran Vendor Jasa Kebersihan PT MMS periode Maret 2026 | F53: 51067154 | G53: =+G52+E53-F53 -> 1.3777965e+08
D54: Biaya Administrasi | F54: 2500 | G54: =+G53+E54-F54 -> 1.3777715e+08
D55: Biaya Catering Pandu SPJM Periode Mei 2026 an M Agustian | F55: 17662500 | G55: =+G54+E55-F55 -> 1.2011465e+08
D56: Biaya Dana Sponsorship PTP Banten an Nur Amrin Chakim | F56: 5000000 | G56: =+G55+E56-F56 -> 1.1511465e+08
D57: Biaya Administrasi | F57: 2500 | G57: =+G56+E57-F57 -> 1.1511215e+08
D58: Utip Transfer KPK ke PT Marengmang Putra Persada Pelabuhan Banten periode Maret 2026 | F58: 3500000 | G58: =+G57+E58-F58 -> 1.1161215e+08
D59: Biaya Administrasi | F59: 2900 | G59: =+G58+E59-F59 -> 1.1160925e+08
D60: Pengambilan Simpanan Wajib dan Pokok an Asep Sudrajat | F60: 37678000 | G60: =+G59+E60-F60 -> 73931245
D61: Pengambilan Simpanan Wajib dan Pokok an Deden Suryadi | F61: 7600000 | G61: =+G60+E61-F61 -> 66331245
D62: Pengambilan Simpanan untuk Pelunasan BJB an Heri Firmansyah | F62: 9025125 | G62: =+G61+E62-F62 -> 57306120
D63: Biaya Administrasi | F63: 2500 | G63: =+G62+E63-F63 -> 57303620
D64: Pengambilan Simpanan Wajib dan Pokok an Guntoro | F64: 9350000 | G64: =+G63+E64-F64 -> 47953620
D65: Pembayaran Vendor Jasa Kebersihan PT KPSS periode Maret 2026 | F65: 10605136 | G65: =+G64+E65-F65-180 -> 37348304
D66: Pengambilan Simpanan Wajib dan Pokok an Okteddy Gunawan | F66: 5250000 | G66: =+G65+E66-F66 -> 32098304
D67: Pendapatan Sewa Lahan Kantin Nasi an Adelina Sunara | E67: 3400000 | G67: =+G66+E67-F67 -> 35498304
B68: 06 Mei 2026 | D68: Pengambilan Simpanan Wajib an Nanung Arsena | F68: 4000000 | G68: =+G67+E68-F68 -> 31498304
D69: Pengambilan Simpanan Wajib an Hajali Juhri | F69: 3000000 | G69: =+G68+E69-F69 -> 28498304
D70: Pinjaman Uang Koperasi dan Pelunasan an Sayuti | E70: 410000 | F70: 2500000 | G70: =+G69+E70-F70 -> 26408304
D71: Biaya Kebutuhan Rumdin GM an Lia Meliawati | F71: 6770000 | G71: =+G70+E71-F71 -> 19638304
D72: Transfer utip Arisan PTP Periode April 2026 an Asep Kosasih | F72: 2570000 | G72: =+G71+E72-F72 -> 17068304
D73: Pinjaman Uang Koperasi dan Pelunasan an Hakina Jili | E73: 410000 | F73: 2500000 | G73: =+G72+E73-F73 -> 14978304
D74: Pinjaman dan Pelunasan Uang an Tati Herawati | E74: 625000 | F74: 2000000 | G74: =+G73+E74-F74 -> 13603304
D75: Transfer Arisan PIP an Ari Mulyasih | F75: 2500000 | G75: =+G74+E75-F75 -> 11103304
D76: Pengambilan Simpanan Sukarela an Muhammad Rusdi | F76: 4000000 | G76: =+G75+E76-F76 -> 7103304.3
D77: Pinjaman Barang Koperasi an Dodi Ahmad | F77: 2000000 | G77: =+G76+E77-F77 -> 5103304.3
D78: Biaya Kebutuhan Galon Kantor Pelabuhan an Muadi | F78: 3598000 | G78: =+G77+E78-F78 -> 1505304.3
D79: Pelunasan Pinjaman Barang Koperasi an Dodi Ahmad F | E79: 2000000 | G79: =+G78+E79-F79 -> 3505304.3
D80: Pendapatan Pekerjaan Cleaning Service periode Desember 2025 | E80: 175975334 | G80: =+G79+E80-F80 -> 1.7948064e+08
D81: Pendapatan Pekerjaan Bingkisan Angkutan Lebaran Tahun 2026 | E81: 274400000 | G81: =+G80+E81-F81 -> 4.5388064e+08
B82: 07 Mei 2025 | D82: Pinjaman Barang Koperasi an Yohan Setiawan | F82: 2000000 | G82: =+G81+E82-F82 -> 4.5188064e+08
D83: Biaya Kebutuhan RT Kantor Cabang an Mulyani | F83: 9947400 | G83: =+G82+E83-F83 -> 4.4193324e+08
D84: Pengambilan Simpanan Sukarela an M Alfian | F84: 1000000 | G84: =+G83+E84-F84 -> 4.4093324e+08
B85: 08 Mei 2025 | D85: Pinjaman Japen Koperasi an Endin Oktaviana | F85: 10000000 | G85: =+G84+E85-F85 -> 4.3093324e+08
D86: Biaya Administrasi | F86: 2500 | G86: =+G85+E86-F86 -> 4.3093074e+08
D87: Pinjaman Uang Koperasi an Opik Sundari | F87: 2000000 | G87: =+G86+E87-F87 -> 4.2893074e+08
D88: Biaya Administrasi | F88: 2500 | G88: =+G87+E88-F88 -> 4.2892824e+08
D89: Biaya Mooring 9xRp 30 an Aprizal | F89: 2700000 | G89: =+G88+E89-F89 -> 4.2622824e+08
D90: Utip Transfer Biaya RAT Tahun Buku 2025 | F90: 200000000 | G90: =+G89+E90-F90 -> 2.2622824e+08
D91: Biaya Administrasi | F91: 2500 | G91: =+G90+E91-F91 -> 2.2622574e+08
D92: Biaya Pinjaman Operasional Pekerjaan PT Tangga Karir Kita | F92: 25000000 | G92: =+G91+E92-F92 -> 2.0122574e+08
D93: Pinjaman Uang Koperasi an Asep Kosasih | F93: 4000000 | G93: =+G92+E93-F93 -> 1.9722574e+08
D94: Pinjaman Uang Koperasi dan Pelunsan an M Azhari | E94: 500000 | F94: 3000000 | G94: =+G93+E94-F94 -> 1.9472574e+08
B95: 09 Mei 2026 | D95: Pinjaman Uang Koperasi an Komaruzaman | E95: 500000 | F95: 5500000 | G95: =+G94+E95-F95 -> 1.8972574e+08
B96: 12 Mei 2026 | D96: Pendapatan Potongan PTP Banten periode Maret 2026 | E96: 42115945 | G96: =+G95+E96-F96 -> 2.3184168e+08
D97: Pendapatan Simpanan Wajib PT PTP | G97: =+G96+E97-F97 -> 2.3184168e+08
D98: Pendapatan Simpanan Sukarela PT PTP | G98: =+G97+E98-F98 -> 2.3184168e+08
D99: Pendapatan Potongan Uang Pegawai PTP Banten | G99: =+G98+E99-F99 -> 2.3184168e+08
D100: Pendapatan Jasa Uang | G100: =+G99+E100-F100 -> 2.3184168e+08
D101: Pendapatan Potongan Kantin Pegawai PTP Banten | G101: =+G100+E101-F101 -> 2.3184168e+08
D102: Pendapatan Potongan BJB PTP Banten | G102: =+G101+E102-F102 -> 2.3184168e+08
D103: Utip Arisan PIP PTP Banten | G103: =+G102+E103-F103 -> 2.3184168e+08
D104: Pendapatan Potongan BJB II Pegawai PTP Banten | G104: =+G103+E104-F104 -> 2.3184168e+08
D105: Utip Potongan Piutang Gunawan an Zaenal Firdaus | G105: =+G104+E105-F105 -> 2.3184168e+08
D106: Pendapatan Potongan Koperasi SPJM Periode Februari 2026 | E106: 15840000 | G106: =+G105+E106-F106 -> 2.4768168e+08
D107: Pendapatan Simpanan Wajib PT SPJM | G107: =+G106+E107-F107 -> 2.4768168e+08
D108: Pendapatan Potongan Uang Pegawai SPJM | G108: =+G107+E108-F108 -> 2.4768168e+08
D109: Pendapatan Potongan Barang Pegawai SPJM | G109: =+G108+E109-F109 -> 2.4768168e+08
D110: Pendapatan Potongan BJB PTP Banten | G110: =+G109+E110-F110 -> 2.4768168e+08
...

Sheet 06, JUNI 26
A3: KAS BANK MANDIRI
A4: TAHUN 2026
A5: KOPKAR BANDAR BANTEN | D5: BULAN : JUNI 2026
A7: NO | B7: TGL | C7: KODE | D7: URAIAN | E7: KREDIT | F7: DEBET | G7: SALDO
C8: REK.
D9: SALDO PINDAHAN | E9: 0 | F9: 0 | G9: =+'05,MEI 26'!G268 -> 5847035
B10: 02 Juni 2026 | D10: Setor Tunai Pembayaran Lembur Karyawan Cleaning Service | E10: 10000000 | G10: =+G9+E10-F10 -> 15847035
D11: Pembayaran Potongan Koperasi PDS Periode Juni 2026 | G11: =+G10+E11-F11 -> 15847035
D12: Simpanan Wajib Tno Cabang dan PTP Gaji Mei 2026 | E12: 8050000 | G12: =+G11+E12-F12 -> 23897035
D13: Simpanan Sukarela Tno Cabang dan PTP Gaji Mei 2026 | E13: 4400000 | G13: =+G12+E13-F13 -> 28297035
D14: Pendapatan Potongan Piutang Uang Tno Cabang dan Ptp Gaji Mei 2026 | E14: 14700000 | G14: =+G13+E14-F14 -> 42997035
D15: Pendapatan Jasa Uang Tno Cabang dan Tno PTP | E15: 1780000 | G15: =+G14+E15-F15 -> 44777035
D16: Pendapatan Potongan Piutang Barang Tno Cabang dan PTP Gaji Mei 2026 | E16: 1400000 | G16: =+G15+E16-F16 -> 46177035
D17: Pendapatan Jasa Barang Tno Cabang dan Tno PTP | E17: 185750 | G17: =+G16+E17-F17 -> 46362785
D18: Pendapatan Potongan Kantin Tno Cabang Gaji Mei 2026 | E18: 437000 | G18: =+G17+E18-F18 -> 46799785
D19: Pendapatan Potongan Kantin Tno PTP Gaji Mei 2026 | E19: 431000 | G19: =+G18+E19-F19 -> 47230785
D20: Utip Arisan PIP Banten & PTP | E20: 1190000 | G20: =+G19+E20-F20 -> 48420785
D21: Simpanan Wajib Security Cabang dan PTP | E21: 2400000 | G21: =+G20+E21-F21 -> 50820785
D22: Simpanan Sukarela Security Cabang dan PTP | E22: 3150000 | G22: =+G21+E22-F22 -> 53970785
D23: Pendapatan Potongan Piutang Uang dan Security Mei 2026 | E23: 2456667 | G23: =+G22+E23-F23 -> 56427452
... D25: Pendapatan Potongan Kantin Security PTP Banten | E25: 0 | G25: =+G24+E25-F25 -> 56427452
D26: Pembayaran Lembur Cleaning Service Kantor Cabang | F26: 3090000 | G26: =+G25+E26-F26 -> 53337452
D27: Pembayaran Lembur Cleaning Service PTP | F27: 1680000 | G27: =+G26+E27-F27 -> 51657452
D28: Pembayaran Lembur Cleaning Service Zonasi | F28: 1560000 | G28: =+G27+E28-F28 -> 50097452
D29: Pembayaran Lembur Cleaning Service SPJM | F29: 2160000 | G29: =+G28+E29-F29 -> 47937452
D30: Biaya Gaji TKHL Bulan Mei 2026 an Angga Putra Permana | F30: 5861213 | G30: =+G29+E30-F30 -> 42076239
D31: Biaya Gaji TKHL Bulan Mei 2026 an Galiztan EQ Gunanditya | F31: 4793276 | G31: =+G30+E31-F31 -> 37282963
D32: Utip BPJS Kesehatan TKHL PTP Banten | E32: 549956 | G32: =+G31+E32-F32 -> 37832919
D33: Utip BPJS Ketenagakerjaan TKHL PTP Banten | E33: 60552 | G33: =+G32+E33-F33 -> 37893471
D34: Utip transfer Piutang Yohan ke Dimas Gusman | F34: 200000 | G34: =+G33+E34-F34 -> 37693471
B35: 03 Juni 2026 | D35: Pengambilan Simpanan Wajib an Ega Gan Gan | F35: 1500000 | G35: =+G34+E35-F35 -> 36193471
D36: Biaya Administrasi | F36: 2500 | G36: =+G35+E36-F36 -> 36190971
D37: Simpanan Sukarela an Jimmy Greei Ganap | E37: 10000000 | G37: =+G36+E37-F37 -> 46190971
D38: Biaya Pembelian Alat Kebersihan Cleaning Service Cabang an Mulyani | F38: 11204228 | G38: =+G37+E38-F38 -> 34986743
D39: Pendapatan Potongan Bonus Pegawai Pelabuhan Banten | E39: 106550000 | G39: =+G38+E39-F39 -> 1.4153674e+08
E40: 0 | G40: =+G39+E40-F40 -> 1.4153674e+08
E41: 0 | G41: =+G40+E41-F41 -> 1.4153674e+08
E42: 0 | G42: =+G41+E42-F42 -> 1.4153674e+08
E43: 0 | G43: =+G42+E43-F43 -> 1.4153674e+08
E44: 0 | G44: =+G43+E44-F44 -> 1.4153674e+08
E45: 0 | G45: =+G44+E45-F45 -> 1.4153674e+08
B46: 04 Juni 2026 | D46: Pendapatan Sewa Lahan Kantin Nasi an Lukman Salamudin | E46: 1000000 | G46: =+G45+E46-F46 -> 1.4253674e+08
D47: Pembayaran BPJS Kesehatan pegawai Koperasi | E47: 0 | F47: 1924846 | G47: =+G46+E47-F47 -> 1.406119e+08
D48: Pembayaran BPJS Ketenagakerjaan TKHL PTP Banten | E48: 0 | F48: 60552 | G48: =+G47+E48-F48 -> 1.4055135e+08
D49: Transfer BPJS Ketenagakerjaan Karyawan Koperasi | F49: 3353804 | G49: =+G48+E49-F49 -> 1.3719754e+08
D50: Transfer BPJS Kesehatan Karyawan Cleaning Service | F50: 9899208 | G50: =+G49+E50-F50 -> 1.2729833e+08
D51: Utip Arisan Pengurus PIP Cabang Banten an Ari Mulyasih | F51: 2500000 | G51: =+G50+E51-F51 -> 1.2479833e+08
D52: Pembayaran SPT PPH 23 Periode Mei 2026 | F52: 2165192 | G52: =+G51+E52-F52 -> 1.2263314e+08
D53: Pembayaran SPT Masa PPH 25 Badan periode Mei 2026 | F53: 5315800 | G53: =+G52+E53-F53 -> 1.1731734e+08
D54: Biaya Kebutuhan RT Umum PTP Banten an Misar Ardiyanto | F54: 8745000 | G54: =+G53+E54-F54 -> 1.0857234e+08
D55: Biaya Kebutuhan Galon Kantor an Muadi | F55: 4237000 | G55: =+G54+E55-F55 -> 1.0433534e+08
D56: Utip Arisan PTP Banten periode Mei 2026 an Asep Kosasih | F56: 2655000 | G56: =+G55+E56-F56 -> 1.0168034e+08
B57: 05 Juni 2026 | D57: Pendapatan Biaya SHU Pemindah Bukuan BNI ke Mandiri | E57: 200000000 | G57: =+G56+E57-F57 -> 3.0168034e+08
D58: Pendapatan Pekerjaan Shiffting Kapal PT Sakura Samudera Lines PTP Banten | E58: 37450088 | G58: =+G57+E58-F58 -> 3.3913043e+08
D59: Biaya Administrasi Padi Umkm | E59: 37058 | G59: =+G58+E59-F59 -> 3.3916749e+08
D60: Biaya Sisa Hasil Usaha (SHU) Anggota Tahun 2025 | F60: =298026000-3782900 -> 294243100 | G60: =+G59+E60-F60 -> 44924387
D61: Biaya Administrasi | F61: 62500 | G61: =+G60+E61-F61 -> 44861887
D62: Pendapatan Piutang BS Shu Koperasi an Rachmat Hidayat | E62: 2000000 | G62: =+G61+E62-F62 -> 46861887
D63: Biaya SHU untuk Piutang BJB an Reiza Dwi Putra | F63: 782400 | G63: =+G62+E63-F63 -> 46079487
D64: Biaya SHU untuk Piutang BJB an Habibudin | F64: 1080800 | G64: =+G63+E64-F64 -> 44998687
D65: Biaya SHU untuk Piutang BJB an Ikbal Fikri | F65: 841900 | G65: =+G64+E65-F65 -> 44156787
D66: Biaya SHU untuk Piutang BJB an Irvan Affandi | F66: 782500 | G66: =+G65+E66-F66 -> 43374287
D67: Biaya SHU untuk Piutang BJB an Edy Junaedi | F67: 295300 | G67: =+G66+E67-F67 -> 43078987
D68: Pendapatan Piutang Uang Koperasi an Gunawan | E68: 841800 | G68: =+G67+E68-F68 -> 43920787
D69: Pendapatan Piutang Uang Koperasi an Dedi Suryadi | E69: 251000 | G69: =+G68+E69-F69 -> 44171787
D70: Pendapatan Piutang Uang Koperasi an Rulansyah | E70: 343800 | G70: =+G69+E70-F70 -> 44515587
D71: Pendapatan Piutang Uang Koperasi an Rulansyah | E71: 240100 | G71: =+G70+E71-F71 -> 44755687
D72: Pendapatan Piutang BS Koperasi an Ahmad Suryani | E72: 1000000 | G72: =+G71+E72-F72 -> 45755687
D73: Kelebihan untuk Simpanan Sukarela an Ahmad Suryani | E73: 500000 | G73: =+G72+E73-F73 -> 46255687
D74: Pendapatan Pekerjaan Cleaning Service periode Maret 2026 | E74: 175975332 | G74: =+G73+E74-F74 -> 2.2223102e+08
D75: Pendapatan Pekerjaan Penyedotan Limbah Domestik PTP Banten | E75: 13080000 | G75: =+G74+E75-F75 -> 2.3531102e+08 | H75: 2.3531102e+08
B76: 06 Juni 2026 | D76: Transfer BPJS Ketenagakerjaan Karyawan Cleaning Service | F76: 15194488 | G76: =+G75+E76-F76 -> 2.2011653e+08 | H76: =+H75-G75 -> -0.0046475232
D77: Pembayaran SPT PPN Periode Mei 2026 | F77: 29915519 | G77: =+G76+E77-F77 -> 1.9020101e+08
D78: Biaya Shu Anggota Tahun 2025 an Johanes Agus W | F78: 654800 | G78: =+G77+E78-F78 -> 1.8954621e+08
D79: Biaya SHU Sukarela Anggota Tahun 2025 | F79: 45765000 | G79: =+G78+E79-F79 -> 1.4378121e+08
D80: Biaya Administrasi | F80: 12500 | G80: =+G79+E80-F80 -> 1.4376871e+08
D81: Biaya Alat Kebersihan Cs Gedung Workshop PTP Banten an Muadi | F81: 5892500 | G81: =+G80+E81-F81 -> 1.3787621e+08
D82: Biaya Alat Kebersihan CS Lapangan PTP Banten an Maudi | F82: 4099500 | G82: =+G81+E82-F82 -> 1.3377671e+08
D83: Shu Sukarela Tahun 2025 an Irvan Afandi | F83: 31200 | G83: =+G82+E83-F83 -> 1.3374551e+08
D84: Pendapatan Piutang BJB an Irvan Affandi | E84: 31200 | G84: =+G83+E84-F84 -> 1.3377671e+08
D85: Shu Sukarela Tahun 2025 an Edy Junaedi | F85: 75700 | G85: =+G84+E85-F85 -> 1.3370101e+08
D86: Pendapatan Piutang BJB an Edy Junaedi | E86: 75700 | G86: =+G85+E86-F86 -> 1.3377671e+08
D87: Shu Sukarela Tahun 2025 an Syahrudin | F87: 27100 | G87: =+G86+E87-F87 -> 1.3374961e+08
D88: Pendapatan Jasa Koperasi an Syahrudin | E88: 27100 | G88: =+G87+E88-F88 -> 1.3377671e+08
B89: 08 Juni 2026 | D89: Biaya Pembelian Perlengkapan MWT an Suherlina | F89: 3304500 | G89: =+G88+E89-F89 -> 1.3047221e+08
D90: Biaya Service Kendaraan Roda 2 PTP Banten an Ahmad Kurniawan | F90: 2592000 | G90: =+G89+E90-F90 -> 1.2788021e+08
D91: Biaya Catering SPJM Pandu periode Mei 2026 an M Agustian | F91: 17145000 | G91: =+G90+E91-F91 -> 1.1073521e+08
D92: Pembayaran Kebersihan KPK periode April 2026 | F92: 29014221 | G92: =+G91+E92-F92 -> 81720991
D93: Pembayaran Pinjaman Management Kepbis an Rajab Agus | E93: 100000000 | G93: =+G92+E93-F93 -> 1.8172099e+08
D94: Pembayaran Padi UMKM | E94: 10966425 | G94: =+G93+E94-F94 -> 1.9268742e+08
B95: 09 Juni 2026 | D95: Utip Transfer Piutang Marengmang (KPK) ke Pelindo periode apRIL 2026 | F95: 3500000 | G95: =+G94+E95-F95 -> 1.8918742e+08
D96: Biaya Kebutuhan Rumah Tangga Kantor an Mulyani | F96: 10170800 | G96: =+G95+E96-F96 -> 1.7901662e+08
D97: Biaya Administrasi | F97: 2900 | G97: =+G96+E97-F97 -> 1.7901372e+08
D98: Pembelian Belanja Kebutuhan Rokok Kantin an Humasiyah | F98: 10225000 | G98: =+G97+E98-F98 -> 1.6878872e+08
B99: 10 Juni 2026 | D99: Shu Sukarela Tahun 2025 an Qomarudin | F99: 49400 | G99: =+G98+E99-F99 -> 1.6873932e+08
D100: Pembelian Aqua Kantin Koperasi an Jimmy Greei Ganap | F100: 400000 | G100: =+G99+E100-F100 -> 1.6833932e+08
D101: Pengambilan Simpanan Sukarela an Rosnieti | F101: 700000 | G101: =+G100+E101-F101 -> 1.6763932e+08
D102: Pengambilan Simpanan Wajib an Putri Fajar Sari (sisa) | F102: 6625000 | G102: =+G101+E102-F102 -> 1.6101432e+08
D103: Biaya Administrasi | F103: 2500 | G103: =+G102+E103-F103 -> 1.6101182e+08
D104: Pembelian Aqua Kantin Koperasi an Humasiyah | F104: 2204000 | G104: =+G103+E104-F104 -> 1.5880782e+08
...

Sheet Sheet1
