Workbook

Sheet Sheet1
A2: NM_REGIONAL | B2: KD_REGIONAL | C2: REGCODE | E2: Regional.1 | F2: KdRegP1 | H2: Regional.2 | I2: KdRegP2 | K2: Regional.3 | L2: KdRegP3 | N2: Regional.4 | O2: KdRegp4 | Q2: SPTP | R2: KdSPTP | T2: SPMT | U2: KdSPMT | W2: SPJM | X2: KdSPJM | Z2: SPSL | AA2: KdSPSL
A3: Regional.1 | B3: 001 | C3: RegP1 | E3: Belawan | F3: 1 | H3: Tanjung Priok | I3: 18 | K3: Tanjung Perak | L3: 44 | N3: Makassar | O3: 77 | Q3: TPK Nilam | R3: 110 | T3: Dumai | U3: 138 | W3: Dumai | X3: 171 | Z3: PIL - Belawan | AA3: 218
A4: Regional.2 | B4: 002 | C4: RegP2 | E4: Prima Terminal Petikemas - Belawan | F4: 2 | H4: IPC TPK TP1 | I4: 19 | K4: Jamrud - Tanjung Perak | L4: 45 | N4: MNP - Makassar | O4: 78 | Q4: TPK Belawan | R4: 111 | T4: Belawan | U4: 139 | W4: Batam | X4: 172 | Z4: PIL - Sei Mangkei | AA4: 219
A5: Regional.3 | B5: 003 | C5: RegP3 | E5: TPK - Belawan | F5: 3 | H5: IPC TPK TP2 | I5: 20 | K5: Nilam Mirah - Tanjung Perak | L5: 46 | N5: TPM - Makassar | O5: 79 | Q5: TPK Semarang | R5: 112 | T5: Tanjung Intan | U5: 140 | W5: Sei Pakning | X5: 173 | Z5: PIL - Kuala Tanjung | AA5: 220
A6: Regional.4 | B6: 004 | C6: RegP4 | E6: Dumai | F6: 4 | H6: JICT - Tanjung Priok | I6: 21 | K6: Kalimas - Tanjung Perak | L6: 47 | N6: Samarinda | O6: 80 | Q6: TPK Banjarmasin | R6: 113 | T6: Bumiharjo | U6: 141 | W6: Belawan | X6: 174 | Z6: PIL - Dumai | AA6: 221
A7: SPTP | B7: 005 | C7: SPTP | E7: Pekanbaru | F7: 5 | H7: TPK Koja - Tanjung Priok | I7: 22 | K7: TPS - Tanjung Perak | L7: 48 | N7: Balikpapan | O7: 81 | Q7: TPK Makassar | R7: 114 | T7: Bagendang | U7: 142 | W7: Tg. Balai Karimun | X7: 175 | Z7: PIL - Perawang | AA7: 222
A8: SPMT | B8: 006 | C8: SPMT | E8: Malahayati | F8: 6 | H8: NPCT1 - Tanjung Priok | I8: 23 | K8: BJTI - Tanjung Perak | L8: 49 | N8: TPK KKT - Balikpapan | O8: 82 | Q8: Makassar New Port | R8: 115 | T8: Tanjung Wangi | U8: 143 | W8: Tanjung Pinang | X8: 176 | Z8: PIL - Tanjung Pinang | AA8: 223
A9: SPJM | B9: 007 | C9: SPJM | E9: Tanjung Balai Karimun | F9: 7 | H9: MTI (MAL) - Tanjung Priok | I9: 24 | K9: TTL - Tanjung Perak | L9: 50 | N9: Bitung | O9: 83 | Q9: TPK Bitung | R9: 116 | T9: Trisakti | U9: 144 | W9: Lhokseumawe | X9: 177 | Z9: MTI - Jambi | AA9: 224
A10: SPSL | B10: 008 | C10: SPSL | E10: Lhokseumawe | F10: 8 | H10: PTP - Tanjung Priok | I10: 25 | K10: Gresik | L10: 51 | N10: TPK - Bitung | O10: 84 | Q10: Ambon | R10: 117 | T10: Jamrud | U10: 145 | W10: Malahayati | X10: 178 | Z10: MTI - Palembang | AA10: 225
E11: Batam | F11: 9 | H11: IKT - Tanjung Priok | I11: 26 | K11: Kalianget | L11: 52 | N11: Ambon | O11: 85 | Q11: Kendari | R11: 118 | T11: Mekar Putih | U11: 146 | W11: Kuala Tanjung | X11: 179 | Z11: MTI - Panjang | AA11: 226
E12: Tanjung Pinang | F12: 10 | H12: Panjang | I12: 27 | K12: Tanjung Tembaga | L12: 53 | N12: Sorong | O12: 86 | Q12: Pantoloan | R12: 119 | T12: Makassar | U12: 147 | W12: Pekanbaru | X12: 180 | Z12: MTI - Tanjung Pandan | AA12: 227
E13: Sibolga | F13: 11 | H13: IPC TPK - Panjang | I13: 28 | K13: Tanjung Wangi | L13: 54 | N13: Jayapura | O13: 87 | Q13: TPK Perawang | R13: 120 | T13: Balikpapan | U13: 148 | W13: Tanjung Perak | X13: 181 | Z13: MTI - Natuna | AA13: 228
E14: Gunung Sitoli | F14: 12 | H14: IKT - Panjang | I14: 29 | K14: Tanjung Emas | L14: 55 | N14: Tarakan | O14: 88 | Q14: Sorong | R14: 121 | T14: PTP - Tanjung Priok | U14: 149 | W14: Tanjung Wangi | X14: 182 | Z14: MTI - Pontianak | AA14: 229
E15: Tembilahan | F15: 13 | H15: Palembang | I15: 30 | K15: TPKS - Tanjung Emas | L15: 56 | N15: Pantoloan | O15: 89 | Q15: Jayapura | R15: 122 | T15: PTP - Banten | U15: 150 | W15: Tanjung Emas | X15: 183 | Z15: MTI - Jakarta | AA15: 230
E16: Tanjung Balai Asahan | F16: 14 | H16: IPC TPK - Palembang | I16: 31 | K16: Tegal | L16: 57 | N16: Ternate | O16: 90 | Q16: Tarakan | R16: 123 | T16: PTP - Bengkulu | U16: 151 | W16: Tanjung Intan | X16: 184 | Z16: MTI - Semarang | AA16: 231
E17: Kuala Tanjung | F17: 15 | H17: Teluk Bayur | I17: 32 | K17: Tanjung Intan | L17: 58 | N17: Kendari | O17: 91 | Q17: TPK Kupang | R17: 124 | T17: PTP - Cirebon | U17: 152 | W17: Banjarmasin | X17: 185 | Z17: MTI - Surabaya | AA17: 232
E18: Prima Multi Terminal - Kuala Tanjung | F18: 16 | H18: IPC TPK - Teluk Bayur | I18: 33 | K18: Trisakti | L18: 59 | N18: Bontang | O18: 92 | Q18: PT PTP | R18: 125 | T18: PTP - Jambi | U18: 153 | W18: Kotabaru | X18: 186 | Z18: MTI - Bali | AA18: 233
E19: Sei Pakning | F19: 17 | H19: Pontianak | I19: 34 | K19: TPKB - Trisakti | L19: 60 | N19: Parepare | O19: 93 | Q19: IPC TPK - TP1 | R19: 127 | T19: PTP - Palembang | U19: 154 | W19: Batulicin | X19: 187 | Z19: MTI - Nunukan | AA19: 234
H20: IPC TPK - Pontianak | I20: 35 | K20: Pulang Pisau | L20: 61 | N20: Biak | O20: 94 | Q20: IPC TPK - TP2 | R20: 128 | T20: PTP - Pangkal Balam | U20: 155 | W20: Sampit | X20: 188 | Z20: MTI - Tarakan | AA20: 235
H21: Jambi | I21: 36 | K21: Batulicin | L21: 62 | N21: Merauke | O21: 95 | Q21: IPC TPK - Panjang | R21: 129 | T21: PTP - Panjang | U21: 156 | W21: Kumai | X21: 189 | Z21: MTI - Tanjung Redep | AA21: 236
H22: IPC TPK - Jambi | I22: 37 | K22: Kotabaru | L22: 63 | N22: Manokwari | O22: 96 | Q22: IPC TPK - Palembang | R22: 130 | T22: PTP - Tanjung Pandan | U22: 157 | W22: Mekar Putih | X22: 190 | Z22: MTI - Sangatta | AA22: 237
H23: Banten | I23: 38 | K23: Bagendang | L23: 64 | N23: Nunukan | O23: 97 | Q23: IPC TPK - Teluk Bayur | R23: 131 | T23: PTP - Teluk Bayur | U23: 158 | W23: Benoa | X23: 191 | Z23: MTI - Bontang | AA23: 238
H24: Cirebon | I24: 39 | K24: Bumiharjo | L24: 65 | N24: Tanjung Redeb | O24: 98 | Q24: IPC TPK - Pontianak | R24: 132 | T24: PTP - Pontianak | U24: 159 | W24: Lembar | X24: 192 | Z24: MTI - Samarinda | AA24: 239
H25: Bengkulu | I25: 40 | K25: Benoa | L25: 66 | N25: Gorontalo | O25: 99 | Q25: IPC TPK - Jambi | R25: 133 | T25: PT TTL | U25: 160 | W25: Kupang | X25: 193 | Z25: MTI - Balikpapan | AA25: 240
H26: Sunda Kelapa | I26: 41 | K26: Celukan Bawang | L26: 67 | N26: Fakfak | O26: 100 | Q26: PT TPS | R26: 134 | T26: IKT - Tanjung Priok | U26: 161 | W26: Balikpapan | X26: 194 | Z26: MTI - Tolitoli | AA26: 241
H27: Pangkal Balam | I27: 42 | K27: Lembar | L27: 68 | N27: Tolitoli | O27: 101 | Q27: PT TTL | R27: 135 | T27: IKT - Panjang | U27: 162 | W27: Samarinda | X27: 195 | Z27: MTI - Gorontalo | AA27: 242
H28: Tanjung Pandan | I28: 43 | K28: Maumere | L28: 69 | N28: Manado | O28: 102 | Q28: PT BJTI | R28: 136 | T28: IKT - Pontianak | U28: 163 | W28: Bontang | X28: 196 | Z28: MTI - Bitung | AA28: 243
H29: PN Panurjwan | I29: 108 | K29: Bima | L29: 70 | N29: Sangatta | O29: 103 | Q29: PT KKT | R29: 137 | T29: IKT - Belawan | U29: 164 | W29: Sangatta | X29: 197 | Z29: MTI - Pantoloan | AA29: 244
K30: Badas | L30: 71 | N30: SBU Marine Luwuk Banggai | O30: 104 | Q30: TPK New Makassar | R30: 170 | T30: IKT - Makassar | U30: 167 | W30: Makassar | X30: 198 | Z30: MTI - Parepare | AA30: 245
K31: Tenau | L31: 72 | N31: SBU Marine Sangkulirang | O31: 105 | T31: Nilam - Mirah | U31: 166 | W31: Kendari | X31: 199 | Z31: MTI - Kendari | AA31: 246
K32: Ende | L32: 73 | N32: SBU Marine Tanah Grogot | O32: 106 | W32: Tanjung Redeb | X32: 200 | Z32: MTI - Ternate | AA32: 247
K33: Waingapu | L33: 74 | N33: SBU Marine Bontang Indominco | O33: 107 | W33: Sorong | X33: 201 | Z33: MTI - Ambon | AA33: 248
K34: Kalabahi | L34: 75 | N34: SBU Marine Tg Santan | O34: 109 | W34: Bitung | X34: 202 | Z34: MTI - Fak fak | AA34: 249
K35: Labuan Bajo | L35: 76 | N35: SBU Marine Lubuk Tutung | O35: 165 | W35: Pantoloan | X35: 203 | Z35: MTI - Sorong | AA35: 250
K36: Sampit | L36: 168 | W36: Parepare | X36: 204 | Z36: MTI - Manokwari | AA36: 251
K37: Kumai | L37: 169 | W37: Manado | X37: 205 | Z37: MTI - Biak | AA37: 252
W38: Tarakan | X38: 206 | Z38: MTI - Jayapura | AA38: 253
W39: Ambon | X39: 207 | Z39: MTI - Merauke | AA39: 254
W40: Ternate | X40: 208 | Z40: PPK - Belawan | AA40: 255
W41: Jayapura | X41: 209 | Z41: PPK - Kuala Tanjung | AA41: 256
W42: Manokwari | X42: 210 | Z42: MMI - Jakarta | AA42: 257
W43: Biak | X43: 211 | Z43: API - Jakarta | AA43: 258
W44: SBU Marine Sangkulirang | X44: 212 | Z44: API - Jawa Timur | AA44: 259
W45: SBU Marine Tanah Grogot | X45: 213
W46: SBU Marine Bontang Indominco | X46: 214
W47: SBU Marine Luwuk Banggai | X47: 215
W48: SBU Marine Tg Santan | X48: 216
W49: SBU Marine Lubuk Tutung | X49: 217

Sheet ARUS
C1: Version : 3.1
C2: TAHUN (YYYY) : | H2: 2026
B4: =IFERROR(VLOOKUP(H4,Sheet1!$A$3:$B$10,2,0),"") -> 002 | C4: REGIONAL : | H4: Regional.2
B5: =IFERROR(VLOOKUP(H4,Sheet1!$A$3:$C$10,3,0),"") -> RegP2
B6: =IF(B4="001",VLOOKUP(H6,Sheet1!$E$3:$F$100,2,0),IF(B4="002",VLOOKUP(H6,Sheet1!$H$3:$I$100,2,0),IF(B4="003",VLOOKUP(H6,Sheet1!$K$3:$L$100,2,0),IF(B4="004",VLOOKUP(H6,Sheet1!$N$3:$O$100,2,0),IF(B4="005",VLOOKUP(H6,Sheet1!$Q$3:$R$100,2,0),IF(B4="006",VLOOKUP(H6,Sheet1!$T$3:$U$100,2,0),IF(B4="007",VLOOKUP(H6,Sheet1!$W$3:$X$100,2,0),IF(B4="008",VLOOKUP(H6,Sheet1!$Z$3:$AA$100,2,0),"NOTFOUND")))))))) -> 38 | C6: CABANG / TERMINAL : | H6: Banten
A8: 1 | C8: Kunjungan Kapal Berdasarkan Lokasi Sandar, Jenis Pelayaran dan Jenis Muatan Kapal
B10: Bulan | J10: 1 | K10: 2 | L10: 3 | M10: 4 | N10: 5 | O10: 6 | P10: 7 | Q10: 8 | R10: 9 | S10: 10 | T10: 11 | U10: 12
C12: No | D12: Uraian | I12: Satuan | J12: =$H$2 -> 2026
J14: Januari | K14: Februari | L14: Maret | M14: April | N14: Mei | O14: Juni | P14: Juli | Q14: Agustus | R14: September | S14: Oktober | T14: November | U14: Desember | V14: Total
C15: 1 | D15: 2 | I15: 3 | J15: 4 | V15: 5
C17: 1 | D17: DERMAGA UMUM
D18: 1 | E18: Pelayaran Luar Negeri
E19: 1 | F19: Kapal
B20: A010101010000 | F20: 1 | G20: General Cargo | I20: Call | J20: 4 | K20: 8 | L20: 12 | M20: 10 | N20: 7 | V20: =SUM(J20:U20) -> 41 | X20: =V20+V61 -> 95
B21: A010101010000 | I21: GT | J21: 139291 | K21: 111201 | L21: 172807 | M21: 197021 | N21: 112145 | V21: =SUM(J21:U21) -> 732465 | X21: =V21+V62 -> 896210
B22: A010101020000 | F22: 2 | G22: Curah Cair BBM | I22: Call | J22: 1 | K22: 4 | L22: 3 | M22: 5 | N22: 6 | V22: =SUM(J22:U22) -> 19 | X22: =V22+V63+V187 -> 317
B23: A010101020000 | I23: GT | J23: 5072 | K23: 24819 | L23: 15090 | M23: 33124 | N23: 36145 | V23: =SUM(J23:U23) -> 114250 | X23: =V23+V64+V188 -> 2398184
B24: A010101030000 | F24: 3 | G24: Gas | I24: Call | V24: =SUM(J24:U24) -> 0
B25: A010101030000 | I25: GT | V25: =SUM(J25:U25) -> 0
B26: A010101040000 | F26: 4 | G26: Curah Cair Non - BBM | I26: Call | V26: =SUM(J26:U26) -> 0
B27: A010101040000 | I27: GT | V27: =SUM(J27:U27) -> 0
B28: A010101050000 | F28: 5 | G28: Curah Kering | I28: Call | J28: 3 | K28: 9 | L28: 8 | M28: 9 | N28: 7 | V28: =SUM(J28:U28) -> 36 | X28: =V28+V69+V193 -> 196
B29: A010101050000 | I29: GT | J29: 93516 | K29: 272703 | L29: 251792 | M29: 249242 | N29: 246829 | V29: =SUM(J29:U29) -> 1114082 | X29: =V29+V70+V194 -> 5782401
B30: A010101060000 | F30: 6 | G30: Petikemas | I30: Call | V30: =SUM(J30:U30) -> 0
B31: A010101060000 | I31: GT | V31: =SUM(J31:U31) -> 0
B32: A010101070000 | F32: 7 | G32: Ro - ro | I32: Call | V32: =SUM(J32:U32) -> 0
B33: A010101070000 | I33: GT | V33: =SUM(J33:U33) -> 0
B34: A010101080000 | F34: 8 | G34: Hewan | I34: Call | V34: =SUM(J34:U34) -> 0
B35: A010101080000 | I35: GT | V35: =SUM(J35:U35) -> 0
B36: A010101090000 | F36: 9 | G36: Cruise (Penumpang Wisata Asing) | I36: Call | V36: =SUM(J36:U36) -> 0
B37: A010101090000 | I37: GT | V37: =SUM(J37:U37) -> 0
B38: A010101100000 | F38: 10 | G38: Penumpang | I38: Call | V38: =SUM(J38:U38) -> 0
B39: A010101100000 | I39: GT | V39: =SUM(J39:U39) -> 0
E41: 2 | F41: Tug Boat dan Tongkang
B42: A010102010000 | F42: 1 | G42: General Cargo | I42: Call | V42: =SUM(J42:U42) -> 0
B43: A010102010000 | I43: GT | V43: =SUM(J43:U43) -> 0
B44: A010102020000 | F44: 2 | G44: Curah Cair BBM | I44: Call | V44: =SUM(J44:U44) -> 0
B45: A010102020000 | I45: GT | V45: =SUM(J45:U45) -> 0
B46: A010102030000 | F46: 3 | G46: Gas | I46: Call | V46: =SUM(J46:U46) -> 0
B47: A010102030000 | I47: GT | V47: =SUM(J47:U47) -> 0
B48: A010102040000 | F48: 4 | G48: Curah Cair Non - BBM | I48: Call | V48: =SUM(J48:U48) -> 0
B49: A010102040000 | I49: GT | V49: =SUM(J49:U49) -> 0
B50: A010102050000 | F50: 5 | G50: Curah Kering | I50: Call | V50: =SUM(J50:U50) -> 0
B51: A010102050000 | I51: GT | V51: =SUM(J51:U51) -> 0
B52: A010102060000 | F52: 6 | G52: Petikemas | I52: Call | V52: =SUM(J52:U52) -> 0
B53: A010102060000 | I53: GT | V53: =SUM(J53:U53) -> 0
B54: A010102070000 | F54: 7 | G54: Tug Boat tanpa tongkang | I54: Call | V54: =SUM(J54:U54) -> 0
B55: A010102070000 | I55: GT | V55: =SUM(J55:U55) -> 0
B56: A010102080000 | F56: 8 | G56: Jumlah Tug Boat dan Tongkang | I56: Call | L56: 2 | V56: =SUM(J56:U56) -> 2
B57: A010102080000 | G57: (Jika data breakdown tidak tersedia) | I57: GT | L57: 4153 | V57: =SUM(J57:U57) -> 4153
J58: =J20+J22+J28 -> 8 | K58: =K20+K22+K28 -> 21 | L58: =L20+L22+L28+L56 -> 25 | M58: =M20+M22+M28+M56 -> 24 | N58: =N20+N22+N28+N56 -> 20 | T58: =T20+T22+T28 -> 0 | U58: =U20+U22+U28 -> 0 | V58: =SUM(J58:U58) -> 98
D59: 2 | E59: Pelayaran Dalam Negeri | J59: =J21+J23+J29 -> 237879 | K59: =K21+K23+K29 -> 408723 | L59: =L21+L23+L29+L57 -> 443842 | M59: =M21+M23+M29+M57 -> 479387 | N59: =N21+N23+N29+N57 -> 395119 | T59: =T21+T23+T29 -> 0 | U59: =U21+U23+U29 -> 0 | V59: =SUM(J59:U59) -> 1964950
E60: 1 | F60: Kapal
B61: A010201010000 | F61: 1 | G61: General Cargo | I61: Call | J61: 6 | K61: 14 | L61: 7 | M61: 10 | N61: 17 | V61: =SUM(J61:U61) -> 54
B62: A010201010000 | I62: GT | J62: 16919 | K62: 34602 | L62: 25305 | M62: 35601 | N62: 51318 | V62: =SUM(J62:U62) -> 163745
B63: A010201020000 | F63: 2 | G63: Curah Cair BBM | I63: Call | J63: 7 | K63: 7 | L63: 9 | M63: 6 | N63: 7 | V63: =SUM(J63:U63) -> 36
B64: A010201020000 | I64: GT | J64: 31895 | K64: 25279 | L64: 26872 | M64: 21523 | N64: 25717 | V64: =SUM(J64:U64) -> 131286
B65: A010201030000 | F65: 3 | G65: Gas | I65: Call | L65: 0 | M65: 0 | N65: 0 | V65: =SUM(J65:U65) -> 0
B66: A010201030000 | I66: GT | L66: 0 | M66: 0 | N66: 0 | V66: =SUM(J66:U66) -> 0
B67: A010201040000 | F67: 4 | G67: Curah Cair Non - BBM | I67: Call | V67: =SUM(J67:U67) -> 0
B68: A010201040000 | I68: GT | V68: =SUM(J68:U68) -> 0
B69: A010201050000 | F69: 5 | G69: Curah Kering | I69: Call | J69: 2 | K69: 3 | L69: 3 | M69: 3 | N69: 7 | V69: =SUM(J69:U69) -> 18
B70: A010201050000 | I70: GT | J70: 9716 | K70: 11910 | L70: 11588 | M70: 11498 | N70: 30124 | V70: =SUM(J70:U70) -> 74836
B71: A010201060000 | F71: 6 | G71: Petikemas | I71: Call | K71: 1 | L71: 1 | M71: 1 | N71: 1 | V71: =SUM(J71:U71) -> 4
B72: A010201060000 | I72: GT | K72: 11512 | L72: 11512 | M72: 11512 | N72: 11512 | V72: =SUM(J72:U72) -> 46048
B73: A010201070000 | F73: 7 | G73: Ro - ro | I73: Call | L73: 238 | M73: 1 | N73: 2 | V73: =SUM(J73:U73) -> 241
B74: A010201070000 | I74: GT | L74: 2022277 | M74: 6527 | N74: 13493 | V74: =SUM(J74:U74) -> 2042297
B75: A010201080000 | F75: 8 | G75: Hewan | I75: Call | V75: =SUM(J75:U75) -> 0
B76: A010201080000 | I76: GT | V76: =SUM(J76:U76) -> 0
B77: A010201090000 | F77: 9 | G77: Penumpang | I77: Call | V77: =SUM(J77:U77) -> 0
B78: A010201090000 | I78: GT | V78: =SUM(J78:U78) -> 0
E80: 2 | F80: Tug Boat dan Tongkang
B81: A010202010000 | F81: 1 | G81: General Cargo | I81: Call | V81: =SUM(J81:U81) -> 0
B82: A010202010000 | I82: GT | V82: =SUM(J82:U82) -> 0
B83: A010202020000 | F83: 2 | G83: Curah Cair BBM | I83: Call | V83: =SUM(J83:U83) -> 0
B84: A010202020000 | I84: GT | V84: =SUM(J84:U84) -> 0
B85: A010202030000 | F85: 3 | G85: Gas | I85: Call | V85: =SUM(J85:U85) -> 0
B86: A010202030000 | I86: GT | V86: =SUM(J86:U86) -> 0
B87: A010202040000 | F87: 4 | G87: Curah Cair Non - BBM | I87: Call | V87: =SUM(J87:U87) -> 0
B88: A010202040000 | I88: GT | V88: =SUM(J88:U88) -> 0
B89: A010202050000 | F89: 5 | G89: Curah Kering | I89: Call | V89: =SUM(J89:U89) -> 0
B90: A010202050000 | I90: GT | V90: =SUM(J90:U90) -> 0
B91: A010202060000 | F91: 6 | G91: Petikemas | I91: Call | V91: =SUM(J91:U91) -> 0
B92: A010202060000 | I92: GT | V92: =SUM(J92:U92) -> 0
B93: A010202070000 | F93: 7 | G93: Tug Boat tanpa tongkang | I93: Call | V93: =SUM(J93:U93) -> 0
B94: A010202070000 | I94: GT | V94: =SUM(J94:U94) -> 0
B95: A010202080000 | F95: 8 | G95: Jumlah Tug Boat dan Tongkang | I95: Call | J95: 46 | K95: 73 | L95: 46 | M95: 82 | N95: 68 | V95: =SUM(J95:U95) -> 315
B96: A010202080000 | G96: (Jika data breakdown tidak tersedia) | I96: GT | J96: 81878 | K96: 124538 | L96: 81912 | M96: 139760 | N96: 123445 | V96: =SUM(J96:U96) -> 551533
B98: A010300000000 | D98: 3 | E98: Pelayaran Perintis | I98: Call | V98: =SUM(J98:U98) -> 0
B99: A010300000000 | I99: GT | V99: =SUM(J99:U99) -> 0
B101: A010400000000 | D101: 4 | E101: Pelayaran Rakyat | I101: Call | V101: =SUM(J101:U101) -> 0
B102: A010400000000 | I102: GT | V102: =SUM(J102:U102) -> 0
J103: =J61+J63+J69+J81+J89+J105+J95 -> 61 | K103: =K61+K63+K69+K81+K89+K105+K95 -> 97 | L103: =L61+L63+L69+L81+L89+L105+L95+L71+L73+L95+L111 -> 356 | M103: =M61+M63+M69+M81+M89+M105+M95+M71+M73+M95+M111 -> 186 | N103: =N61+N63+N69+N81+N89+N105+N95+N71+N73+N95+N111 -> 171 | T103: =T61+T63+T69+T81+T89+T105+T95 -> 0 | U103: =U61+U63+U69+U81+U89+U105+U95 -> 0
D104: 5 | E104: Pelayaran Lainnya | J104: =J62+J64+J70+J82+J90+J106+J96 -> 140408 | K104: =K62+K64+K70+K82+K90+K106+K96 -> 196329 | L104: =L62+L64+L70+L82+L90+L106+L96+L72+L74+L96+L112 -> 2268171 | M104: =M62+M64+M70+M82+M90+M106+M96+M72+M74+M96+M112 -> 366641 | N104: =N62+N64+N70+N82+N90+N106+N96+N72+N74+N96+N112 -> 381798 | T104: =T62+T64+T70+T82+T90+T106+T96 -> 0 | U104: =U62+U64+U70+U82+U90+U106+U96 -> 0
B105: A010501000000 | E105: 1 | F105: Kapal Negara | I105: Call | V105: =SUM(J105:U105) -> 0
B106: A010501000000 | I106: GT | V106: =SUM(J106:U106) -> 0
B107: A010502000000 | E107: 2 | F107: Kapal Survey | I107: Call | V107: =SUM(J107:U107) -> 0
B108: A010502000000 | I108: GT | V108: =SUM(J108:U108) -> 0
B109: A010503000000 | E109: 3 | F109: Kapal Utilitas / Suplai | I109: Call | V109: =SUM(J109:U109) -> 0
B110: A010503000000 | I110: GT | V110: =SUM(J110:U110) -> 0
...

Sheet KINERJA
C2: TAHUN (YYYY) : | H2: =ARUS!H2 -> 2026
B4: =ARUS!B4 -> 002 | C4: REGIONAL : | H4: =ARUS!H4 -> Regional.2
B5: =ARUS!B5 -> RegP2
B6: =ARUS!B6 -> 38 | C6: CABANG / TERMINAL : | H6: =ARUS!H6 -> Banten
A8: 1 | C8: Kinerja Pelayanan Kapal
B10: Bulan | J10: 1 | K10: 2 | L10: 3 | M10: 4 | N10: 5 | O10: 6 | P10: 7 | Q10: 8 | R10: 9 | S10: 10 | T10: 11 | U10: 12
C12: No | D12: Uraian | I12: Satuan | J12: =$H$2 -> 2026
J14: Januari | K14: Februari | L14: Maret | M14: April | N14: Mei | O14: Juni | P14: Juli | Q14: Agustus | R14: September | S14: Oktober | T14: November | U14: Desember | V14: Total
C15: 1 | D15: 2 | I15: 3 | J15: 4 | V15: 5
C17: 1 | D17: LUAR NEGERI
B18: E110100000000 | D18: 1 | E18: Waiting Time (WT) for Pilot | I18: Jam | J18: 0 | K18: 0 | L18: 0.011904762 | M18: 0.01 | N18: 0.01 | V18: =IFERROR(AVERAGE(J18:U18),"") -> 0.0063809524
B19: E110200000000 | D19: 2 | E19: Waiting for Berth | I19: Jam | V19: =IFERROR(AVERAGE(J19:U19),"")
B20: E110300000000 | D20: 3 | E20: Postpone Time (PT) | I20: Jam | V20: =IFERROR(AVERAGE(J20:U20),"")
B21: E110400000000 | D21: 4 | E21: Approach Time (AT) | I21: Jam | J21: 0.75 | K21: 0.77 | L21: 0.75277778 | M21: 0.78985507 | N21: 0.69 | V21: =IFERROR(AVERAGE(J21:U21),"") -> 0.75052657
B22: E110500000000 | D22: 5 | E22: Turn Round Time (TRT) | I22: Jam | V22: =IFERROR(AVERAGE(J22:U22),"")
C24: 2 | D24: DALAM NEGERI
B25: E120100000000 | D25: 1 | E25: Waiting Time (WT) for Pilot | I25: Jam | J25: 0.15 | K25: 0.05 | L25: 0.041666667 | M25: 0.01 | N25: 0.01 | V25: =IFERROR(AVERAGE(J25:U25),"") -> 0.052333333
B26: E120200000000 | D26: 2 | E26: Waiting for Berth | I26: Jam | V26: =IFERROR(AVERAGE(J26:U26),"")
B27: E120300000000 | D27: 3 | E27: Postpone Time (PT) | I27: Jam | V27: =IFERROR(AVERAGE(J27:U27),"")
B28: E120400000000 | D28: 4 | E28: Approach Time (AT) | I28: Jam | J28: 0.5 | K28: 0.53 | L28: 0.48104575 | M28: 0.49464832 | N28: 0.53 | V28: =IFERROR(AVERAGE(J28:U28),"") -> 0.50713881
B29: E120500000000 | D29: 5 | E29: Turn Round Time (TRT) | I29: Jam | V29: =IFERROR(AVERAGE(J29:U29),"")
C31: 3 | D31: KONSOLIDASI
B32: E130100000000 | D32: 1 | E32: Waiting Time (WT) for Pilot | I32: Jam | J32: 0.07 | K32: 0.03 | L32: 0.026785714 | M32: 0.01 | N32: 0 | V32: =IFERROR(AVERAGE(J32:U32),"") -> 0.027357143
B33: E130200000000 | D33: 2 | E33: Waiting for Berth | I33: Jam | V33: =IFERROR(AVERAGE(J33:U33),"")
B34: E130300000000 | D34: 3 | E34: Postpone Time (PT) | I34: Jam | V34: =IFERROR(AVERAGE(J34:U34),"")
B35: E130400000000 | D35: 4 | E35: Approach Time (AT) | I35: Jam | J35: 0.62 | K35: 0.65 | L35: 0.61691176 | M35: 0.6422517 | N35: 0.61 | V35: =IFERROR(AVERAGE(J35:U35),"") -> 0.62783269
B36: E130500000000 | D36: 5 | E36: Turn Round Time (TRT) | I36: Jam | V36: =IFERROR(AVERAGE(J36:U36),"")
C38: 4 | D38: KINERJA PELAYANAN DI DUKS / TUKS
B39: E140100000000 | D39: 1 | E39: Waiting Time (WT) for Pilot | I39: Jam | J39: 0.2 | K39: 0.06 | L39: 0.027805774 | M39: 0.013808901 | N39: 0.03 | V39: =IFERROR(AVERAGE(J39:U39),"") -> 0.066322935
B40: E140200000000 | D40: 2 | E40: Waiting for Berth | I40: Jam | V40: =IFERROR(AVERAGE(J40:U40),"")
B41: E140300000000 | D41: 3 | E41: Postpone Time (PT) | I41: Jam | V41: =IFERROR(AVERAGE(J41:U41),"")
B42: E140400000000 | D42: 4 | E42: Approach Time (AT) | I42: Jam | J42: 0.73 | K42: 0.71 | L42: 0.70154681 | M42: 0.6946226 | N42: 0.68 | V42: =IFERROR(AVERAGE(J42:U42),"") -> 0.70323388
B43: E140500000000 | D43: 5 | E43: Turn Round Time (TRT) | I43: Jam | V43: =IFERROR(AVERAGE(J43:U43),"")
A45: 2 | C45: Kinerja Pelayanan Tambatan
C47: No | D47: Uraian | I47: Satuan | J47: =$H$2 -> 2026
J49: Januari | K49: Februari | L49: Maret | M49: April | N49: Mei | O49: Juni | P49: Juli | Q49: Agustus | R49: September | S49: Oktober | T49: November | U49: Desember | V49: Total
C50: 1 | D50: 2 | I50: 3 | J50: 4 | V50: 5
C52: 1 | D52: LUAR NEGERI
D53: 1 | E53: Terminal Petikemas
B54: F110101000000 | E54: 1 | F54: Berthing Time (BT) | I54: Jam | V54: =IFERROR(AVERAGE(J54:U54),"")
B55: F110102000000 | E55: 2 | F55: Berth Working Time (BWT) | I55: Jam | V55: =IFERROR(AVERAGE(J55:U55),"")
B56: F110103000000 | E56: 3 | F56: Effective Time (ET) | I56: Jam | V56: =IFERROR(AVERAGE(J56:U56),"")
B57: F110104000000 | E57: 4 | F57: Idle Time (IT) | I57: Jam | V57: =IFERROR(AVERAGE(J57:U57),"")
B58: F110105000000 | E58: 5 | F58: Not Operation Time (NOT) | I58: Jam | V58: =IFERROR(AVERAGE(J58:U58),"")
B59: F110106000000 | E59: 6 | F59: ET / BT | I59: % | V59: =IFERROR(AVERAGE(J59:U59),"")
D61: 2 | E61: Terminal Multipurpose
B62: F110201000000 | E62: 1 | F62: Berthing Time (BT) | I62: Jam | J62: 133.64 | K62: 98.23 | L62: 158.92 | M62: 88.43 | N62: 92.25 | V62: =IFERROR(AVERAGE(J62:U62),"") -> 114.294
B63: F110202000000 | E63: 2 | F63: Berth Working Time (BWT) | I63: Jam | J63: 121.19 | K63: 83.32 | L63: 151.05 | M63: 82.86 | N63: 86.37 | V63: =IFERROR(AVERAGE(J63:U63),"") -> 104.958
B64: F110203000000 | E64: 3 | F64: Effective Time (ET) | I64: Jam | J64: 59.99 | K64: 54.13 | L64: 84.26 | M64: 62.24 | N64: 51.72 | V64: =IFERROR(AVERAGE(J64:U64),"") -> 62.468
B65: F110204000000 | E65: 4 | F65: Idle Time (IT) | I65: Jam | J65: 27.18 | K65: 14.55 | L65: 13.53 | M65: 7.97 | N65: 12.51 | V65: =IFERROR(AVERAGE(J65:U65),"") -> 15.148
B66: F110205000000 | E66: 5 | F66: Not Operation Time (NOT) | I66: Jam | J66: 41.65 | K66: 36.19 | L66: 57.36 | M66: 28.62 | N66: 34.85 | V66: =IFERROR(AVERAGE(J66:U66),"") -> 39.734
B67: F110206000000 | E67: 6 | F67: ET / BT | I67: % | J67: 54.01 | K67: 60.02 | L67: 52.84 | M67: 62.32 | N67: 58.48 | V67: =IFERROR(AVERAGE(J67:U67),"") -> 57.534
D69: 3 | E69: Terminal Curah Cair
B70: F110301000000 | E70: 1 | F70: Berthing Time (BT) | I70: Jam | J70: 20 | K70: 16 | L70: 21 | M70: 24 | N70: 12 | V70: =IFERROR(AVERAGE(J70:U70),"") -> 18.6
B71: F110302000000 | E71: 2 | F71: Berth Working Time (BWT) | I71: Jam | J71: 15.76 | K71: 8.96 | L71: 15.85 | M71: 18.4 | N71: 5.97 | V71: =IFERROR(AVERAGE(J71:U71),"") -> 12.988
B72: F110303000000 | E72: 3 | F72: Effective Time (ET) | I72: Jam | J72: 15.74 | K72: 8.95 | L72: 15.84 | M72: 18.38 | N72: 5.97 | V72: =IFERROR(AVERAGE(J72:U72),"") -> 12.976
B73: F110304000000 | E73: 4 | F73: Idle Time (IT) | I73: Jam | J73: 0 | K73: 0 | L73: 0 | M73: 0.16 | N73: 0 | V73: =IFERROR(AVERAGE(J73:U73),"") -> 0.032
B74: F110305000000 | E74: 5 | F74: Not Operation Time (NOT) | I74: Jam | J74: 4.54 | K74: 6.98 | L74: 5.31 | M74: 5.78 | N74: 5.87 | V74: =IFERROR(AVERAGE(J74:U74),"") -> 5.696
B75: F110306000000 | E75: 6 | F75: ET / BT | I75: % | J75: 69.49 | K75: 53.24 | L75: 68.5 | M75: 66.74 | N75: 48.8 | V75: =IFERROR(AVERAGE(J75:U75),"") -> 61.354
D77: 4 | E77: Terminal Curah Kering
B78: F110401000000 | E78: 1 | F78: Berthing Time (BT) | I78: Jam | J78: 92.92 | K78: 115.59 | L78: 127.53 | M78: 54.96 | N78: 109.61 | V78: =IFERROR(AVERAGE(J78:U78),"") -> 100.122
B79: F110402000000 | E79: 2 | F79: Berth Working Time (BWT) | I79: Jam | J79: 75.17 | K79: 106.1 | L79: 117.11 | M79: 49.5 | N79: 102.73 | V79: =IFERROR(AVERAGE(J79:U79),"") -> 90.122
B80: F110403000000 | E80: 3 | F80: Effective Time (ET) | I80: Jam | J80: 57.74 | K80: 56.23 | L80: 70.17 | M80: 36.35 | N80: 71.75 | V80: =IFERROR(AVERAGE(J80:U80),"") -> 58.448
B81: F110404000000 | E81: 4 | F81: Idle Time (IT) | I81: Jam | J81: 9.96 | K81: 39.69 | L81: 23.76 | M81: 3.28 | N81: 13.59 | V81: =IFERROR(AVERAGE(J81:U81),"") -> 18.056
B82: F110405000000 | E82: 5 | F82: Not Operation Time (NOT) | I82: Jam | J82: 29.33 | K82: 28.85 | L82: 31.35 | M82: 12.68 | N82: 19.88 | V82: =IFERROR(AVERAGE(J82:U82),"") -> 24.418
B83: F110406000000 | E83: 6 | F83: ET / BT | I83: % | J83: 62.14 | K83: 50.49 | L83: 54.9 | M83: 65.32 | N83: 66.04 | V83: =IFERROR(AVERAGE(J83:U83),"") -> 59.778
D85: 5 | E85: Terminal Kendaraan
B86: F110501000000 | E86: 1 | F86: Berthing Time (BT) | I86: Jam | V86: =IFERROR(AVERAGE(J86:U86),"")
B87: F110502000000 | E87: 2 | F87: Berth Working Time (BWT) | I87: Jam | V87: =IFERROR(AVERAGE(J87:U87),"")
B88: F110503000000 | E88: 3 | F88: Effective Time (ET) | I88: Jam | V88: =IFERROR(AVERAGE(J88:U88),"")
B89: F110504000000 | E89: 4 | F89: Idle Time (IT) | I89: Jam | V89: =IFERROR(AVERAGE(J89:U89),"")
B90: F110505000000 | E90: 5 | F90: Not Operation Time (NOT) | I90: Jam | V90: =IFERROR(AVERAGE(J90:U90),"")
B91: F110506000000 | E91: 6 | F91: ET / BT | I91: % | V91: =IFERROR(AVERAGE(J91:U91),"")
C93: 2 | D93: DALAM NEGERI
D94: 1 | E94: Terminal Petikemas
B95: F120101000000 | E95: 1 | F95: Berthing Time (BT) | I95: Jam | V95: =IFERROR(AVERAGE(J95:U95),"")
B96: F120102000000 | E96: 2 | F96: Berth Working Time (BWT) | I96: Jam | V96: =IFERROR(AVERAGE(J96:U96),"")
B97: F120103000000 | E97: 3 | F97: Effective Time (ET) | I97: Jam | V97: =IFERROR(AVERAGE(J97:U97),"")
B98: F120104000000 | E98: 4 | F98: Idle Time (IT) | I98: Jam | V98: =IFERROR(AVERAGE(J98:U98),"")
B99: F120105000000 | E99: 5 | F99: Not Operation Time (NOT) | I99: Jam | V99: =IFERROR(AVERAGE(J99:U99),"")
B100: F120106000000 | E100: 6 | F100: ET / BT | I100: % | V100: =IFERROR(AVERAGE(J100:U100),"")
D102: 2 | E102: Terminal Multipurpose
B103: F120201000000 | E103: 1 | F103: Berthing Time (BT) | I103: Jam | J103: 59.35 | K103: 66.96 | L103: 76.28 | M103: 68.36 | N103: 61.39 | V103: =IFERROR(AVERAGE(J103:U103),"") -> 66.468
B104: F120202000000 | E104: 2 | F104: Berth Working Time (BWT) | I104: Jam | J104: 49.07 | K104: 53.66 | L104: 64.94 | M104: 86.46 | N104: 50.9 | V104: =IFERROR(AVERAGE(J104:U104),"") -> 61.006
B105: F120203000000 | E105: 3 | F105: Effective Time (ET) | I105: Jam | J105: 28.47 | K105: 32.65 | L105: 42.03 | M105: 31.97 | N105: 35.07 | V105: =IFERROR(AVERAGE(J105:U105),"") -> 34.038
B106: F120204000000 | E106: 4 | F106: Idle Time (IT) | I106: Jam | J106: 7.23 | K106: 9.52 | L106: 6.67 | M106: 9.19 | N106: 5.02 | V106: =IFERROR(AVERAGE(J106:U106),"") -> 7.526
B107: F120205000000 | E107: 5 | F107: Not Operation Time (NOT) | I107: Jam | J107: 23.6 | K107: 25.68 | L107: 27.53 | M107: 24.44 | N107: 27.07 | V107: =IFERROR(AVERAGE(J107:U107),"") -> 25.664
B108: F120206000000 | E108: 6 | F108: ET / BT | I108: % | J108: 50.87 | K108: 49.7 | L108: 52.96 | M108: 50.24 | N108: 55.77 | V108: =IFERROR(AVERAGE(J108:U108),"") -> 51.908 | W108: =(V108+V116+V124)/3 -> 58.648
D110: 3 | E110: Terminal Curah Cair
B111: F120301000000 | E111: 1 | F111: Berthing Time (BT) | I111: Jam | J111: 33 | K111: 35 | L111: 33 | M111: 34 | N111: 41 | V111: =IFERROR(AVERAGE(J111:U111),"") -> 35.2
B112: F120302000000 | E112: 2 | F112: Berth Working Time (BWT) | I112: Jam | J112: 25.05 | K112: 26.46 | L112: 27.5 | M112: 27.67 | N112: 33.52 | V112: =IFERROR(AVERAGE(J112:U112),"") -> 28.04
B113: F120303000000 | E113: 3 | F113: Effective Time (ET) | I113: Jam | J113: 25.03 | K113: 25.65 | L113: 27.48 | M113: 27.65 | N113: 33.5 | V113: =IFERROR(AVERAGE(J113:U113),"") -> 27.862
B114: F120304000000 | E114: 4 | F114: Idle Time (IT) | I114: Jam | J114: 0 | K114: 0.78 | L114: 0 | M114: 0 | N114: 0 | V114: =IFERROR(AVERAGE(J114:U114),"") -> 0.156
B115: F120305000000 | E115: 5 | F115: Not Operation Time (NOT) | I115: Jam | J115: 7.92 | K115: 8.52 | L115: 5.77 | M115: 6.45 | N115: 7.04 | V115: =IFERROR(AVERAGE(J115:U115),"") -> 7.14
B116: F120306000000 | E116: 6 | F116: ET / BT | I116: % | J116: 71.18 | K116: 71.93 | L116: 79.99 | M116: 78.59 | N116: 80.66 | V116: =IFERROR(AVERAGE(J116:U116),"") -> 76.47
D118: 4 | E118: Terminal Curah Kering
B119: F120401000000 | E119: 1 | F119: Berthing Time (BT) | I119: Jam | J119: 45.67 | K119: 30.97 | L119: 63.33 | M119: 51.8 | N119: 60.68 | V119: =IFERROR(AVERAGE(J119:U119),"") -> 50.49
B120: F120402000000 | E120: 2 | F120: Berth Working Time (BWT) | I120: Jam | J120: 32.96 | K120: 23.11 | L120: 57.92 | M120: 39.43 | N120: 53.33 | V120: =IFERROR(AVERAGE(J120:U120),"") -> 41.35
B121: F120403000000 | E121: 3 | F121: Effective Time (ET) | I121: Jam | J121: 18.94 | K121: 13.68 | L121: 17.01 | M121: 31.47 | N121: 28.25 | V121: =IFERROR(AVERAGE(J121:U121),"") -> 21.87
B122: F120404000000 | E122: 4 | F122: Idle Time (IT) | I122: Jam | J122: 10.95 | K122: 7.33 | L122: 32.12 | M122: 3 | N122: 10.97 | V122: =IFERROR(AVERAGE(J122:U122),"") -> 12.874
...

Sheet UTILISASI
C2: TAHUN (YYYY) : | H2: =ARUS!H2 -> 2026
B4: =ARUS!B4 -> 002 | C4: REGIONAL : | H4: =ARUS!H4 -> Regional.2
B5: =ARUS!B5 -> RegP2
B6: =ARUS!B6 -> 38 | C6: CABANG / TERMINAL : | H6: =ARUS!H6 -> Banten
A8: 1 | C8: Utilisasi Infrastruktur
B10: Bulan | J10: 1 | K10: 2 | L10: 3 | M10: 4 | N10: 5 | O10: 6 | P10: 7 | Q10: 8 | R10: 9 | S10: 10 | T10: 11 | U10: 12
C12: No | D12: Uraian | I12: Satuan | J12: =$H$2 -> 2026
J14: Januari | K14: Februari | L14: Maret | M14: April | N14: Mei | O14: Juni | P14: Juli | Q14: Agustus | R14: September | S14: Oktober | T14: November | U14: Desember | V14: Total
C15: 1 | D15: 2 | I15: 3 | J15: 4 | V15: 5
C17: 1 | D17: Terminal Petikemas
B18: A21010000 | D18: 1 | E18: BOR | I18: %
B19: A21020000 | D19: 2 | E19: YOR | I19: % | V19: =IFERROR(AVERAGE(J19:U19),"")
C21: 2 | D21: Terminal Multipurpose
B22: A22010000 | D22: 1 | E22: BOR | I22: % | J22: 22.62 | K22: 14.34 | L22: 13.28 | M22: 20.55 | N22: 21.94
B23: A22030000 | D23: 2 | E23: YOR | I23: % | L23: 4.72 | M23: 6.82 | N23: 1.36
B24: A22050000 | D24: 3 | E24: SOR | I24: %
C26: 3 | D26: Terminal Curah Cair
B27: A23010000 | E27: BOR | I27: % | J27: 47.69 | K27: 35.37 | L27: 47.88 | M27: 31.29 | N27: 24.31
C29: 4 | D29: Terminal Curah Kering
B30: A24010000 | D30: 1 | E30: BOR | I30: % | J30: 8.8 | K30: 50.61 | L30: 29.8 | M30: 28.36 | N30: 41.49
B31: A24020000 | D31: 2 | E31: YOR | I31: %
B32: A24030000 | D32: 3 | E32: SOR | I32: % | J32: 10.43 | K32: 28.24 | L32: 66.82 | M32: 49.22 | N32: 59.61
C34: 5 | D34: Terminal Kendaraan
B35: A25010000 | D35: 1 | E35: BOR | I35: %
B36: A25020000 | D36: 2 | E36: YOR | I36: %
C38: 6 | D38: Terminal Pelra
B39: A26010000 | D39: 1 | E39: BOR | I39: %
B40: A26020000 | D40: 2 | E40: YOR | I40: %
B41: A26030000 | D41: 3 | E41: SOR Gudang Multipurpose | I41: %
B42: A26040000 | D42: 4 | E42: SOR Gudang CFS | I42: %
A44: 2 | C44: Utilisasi Suprastruktur
C46: No | D46: Uraian | I46: Satuan | J46: =$H$2 -> 2026
J48: Januari | K48: Februari | L48: Maret | M48: April | N48: Mei | O48: Juni | P48: Juli | Q48: Agustus | R48: September | S48: Oktober | T48: November | U48: Desember | V48: Total
C49: 1 | D49: 2 | I49: 3 | J49: 4 | V49: 5
C51: 1 | D51: Pelayanan Kapal
D52: 1 | E52: Kesiapan alat apung
B53: B21010100 | E53: 1 | F53: Kapal Tunda | I53: % | J53: 98.16 | K53: 100 | L53: 100 | M53: 100 | N53: 100 | V53: =IFERROR(AVERAGE(J53:U53),"") -> 99.632
B54: B21010200 | E54: 2 | F54: Kapal Pandu | I54: % | V54: =IFERROR(AVERAGE(J54:U54),"")
B55: B21010300 | E55: 3 | F55: Kapal Kepil | I55: % | V55: =IFERROR(AVERAGE(J55:U55),"")
B56: B21010400 | E56: 4 | F56: Kapal Keruk | I56: % | V56: =IFERROR(AVERAGE(J56:U56),"")
B57: B21010500 | E57: 5 | F57: Kapal Wisata | I57: % | V57: =IFERROR(AVERAGE(J57:U57),"")
B58: B21010600 | E58: 6 | F58: Tongkang | I58: % | V58: =IFERROR(AVERAGE(J58:U58),"")
D60: 2 | E60: Utilisasi alat apung
B61: B21020100 | E61: 1 | F61: Kapal Tunda | I61: % | J61: 52.86 | K61: 53.16 | L61: 53.89 | M61: 51.95 | N61: 56.52 | V61: =IFERROR(AVERAGE(J61:U61),"") -> 53.676
B62: B21020200 | E62: 2 | F62: Kapal Pandu | I62: % | V62: =IFERROR(AVERAGE(J62:U62),"")
B63: B21020300 | E63: 3 | F63: Kapal Kepil | I63: % | V63: =IFERROR(AVERAGE(J63:U63),"")
B64: B21020400 | E64: 4 | F64: Kapal Keruk | I64: % | V64: =IFERROR(AVERAGE(J64:U64),"")
B65: B21020500 | E65: 5 | F65: Kapal Wisata | I65: % | V65: =IFERROR(AVERAGE(J65:U65),"")
B66: B21020600 | E66: 6 | F66: Tongkang | I66: % | V66: =IFERROR(AVERAGE(J66:U66),"")
V67: =IFERROR(AVERAGE(J67:U67),"")
D68: 3 | E68: Konsumsi BBM / Energi Listrik
B69: B21030100 | E69: 1 | F69: Kapal Tunda | I69: L | J69: 244987 | K69: 218405 | L69: 251162 | M69: 232872 | N69: 262930 | V69: =SUM(J69:U69) -> 1210356
B70: B21030200 | E70: 2 | F70: Kapal Pandu | I70: L | V70: =SUM(J70:U70) -> 0
B71: B21030300 | E71: 3 | F71: Kapal Kepil | I71: L | V71: =SUM(J71:U71) -> 0
B72: B21030400 | E72: 4 | F72: Kapal Keruk | I72: L | V72: =SUM(J72:U72) -> 0
B73: B21030500 | E73: 5 | F73: Kapal Wisata | I73: L | V73: =SUM(J73:U73) -> 0
B74: B21030600 | E74: 6 | F74: Tongkang | I74: L | V74: =SUM(J74:U74) -> 0
B75: B21030700 | E75: 7 | F75: Kapal Tunda | I75: kWh | V75: =SUM(J75:U75) -> 0
B76: B21030800 | E76: 8 | F76: Kapal Pandu | I76: kWh | V76: =SUM(J76:U76) -> 0
B77: B21030900 | E77: 9 | F77: Kapal Kepil | I77: kWh | V77: =SUM(J77:U77) -> 0
B78: B21031000 | E78: 10 | F78: Kapal Keruk | I78: kWh | V78: =SUM(J78:U78) -> 0
B79: B21031100 | E79: 11 | F79: Kapal Wisata | I79: kWh | V79: =SUM(J79:U79) -> 0
B80: B21031200 | E80: 12 | F80: Tongkang | I80: kWh | V80: =SUM(J80:U80) -> 0
C82: 2 | D82: Pelayanan Petikemas dan Non Petikemas
D83: 1 | E83: Kesiapan alat bongkar muat
B84: B22010100 | E84: 1 | F84: Quay Container Crane | I84: % | V84: =IFERROR(AVERAGE(J84:U84),"")
B85: B22010200 | E85: 2 | F85: Harbour Mobile Crane | I85: % | V85: =IFERROR(AVERAGE(J85:U85),"")
B86: B22010300 | E86: 3 | F86: Gantry Jib Crane | I86: % | V86: =IFERROR(AVERAGE(J86:U86),"")
B87: B22010400 | E87: 4 | F87: Gantry Luffing Crane | I87: % | J87: 95.37 | K87: 93.71 | L87: 95.64 | M87: 96.03 | N87: 96.27 | V87: =IFERROR(AVERAGE(J87:U87),"") -> 95.404
B88: B22010500 | E88: 5 | F88: Fixed Jib Crane | I88: % | V88: =IFERROR(AVERAGE(J88:U88),"")
B89: B22010600 | E89: 6 | F89: Rail Mounted Gantry Crane | I89: % | V89: =IFERROR(AVERAGE(J89:U89),"")
B90: B22010700 | E90: 7 | F90: Rubber Tyred Gantry Crane | I90: % | V90: =IFERROR(AVERAGE(J90:U90),"")
B91: B22010800 | E91: 8 | F91: Automatic Stacking Crane | I91: % | V91: =IFERROR(AVERAGE(J91:U91),"")
B92: B22010900 | E92: 9 | F92: Reach Stacker | I92: % | V92: =IFERROR(AVERAGE(J92:U92),"")
B93: B22011000 | E93: 10 | F93: Side Loader | I93: % | V93: =IFERROR(AVERAGE(J93:U93),"")
B94: B22011100 | E94: 11 | F94: Top Loader | I94: % | V94: =IFERROR(AVERAGE(J94:U94),"")
B95: B22011200 | E95: 12 | F95: Head Truck | I95: % | J95: 99.21 | K95: 99.3 | L95: 99.21 | M95: 99.18 | N95: 98.94 | V95: =IFERROR(AVERAGE(J95:U95),"") -> 99.168
B96: B22011300 | E96: 13 | F96: Chassis | I96: % | V96: =IFERROR(AVERAGE(J96:U96),"")
B97: B22011400 | E97: 14 | F97: Straddle Carrier | I97: % | V97: =IFERROR(AVERAGE(J97:U97),"")
B98: B22011500 | E98: 15 | F98: Mobile Crane | I98: % | V98: =IFERROR(AVERAGE(J98:U98),"")
B99: B22011600 | E99: 16 | F99: Fixed Crane | I99: % | V99: =IFERROR(AVERAGE(J99:U99),"")
B100: B22011700 | E100: 17 | F100: Overhead Crane | I100: % | V100: =IFERROR(AVERAGE(J100:U100),"")
B101: B22011800 | E101: 18 | F101: Hopper | I101: % | M101: 98.32 | N101: 99.21 | V101: =IFERROR(AVERAGE(J101:U101),"") -> 98.765
B102: B22011900 | E102: 19 | F102: Excavator | I102: % | J102: 85.04 | K102: 85.5 | L102: 85.04 | M102: 84.8 | N102: 84.7 | V102: =IFERROR(AVERAGE(J102:U102),"") -> 85.016
B103: B22012000 | E103: 20 | F103: Ship to shore | I103: % | V103: =IFERROR(AVERAGE(J103:U103),"")
B104: B22012100 | E104: 21 | F104: Conveyor | I104: % | V104: =IFERROR(AVERAGE(J104:U104),"")
B105: B22012200 | E105: 22 | F105: Wheel Loader | I105: % | J105: 98.01 | K105: 98.5 | L105: 98.01 | M105: 98.33 | N105: 97.7 | V105: =IFERROR(AVERAGE(J105:U105),"") -> 98.11
B106: B22012300 | E106: 23 | F106: Bulldozer | I106: % | V106: =IFERROR(AVERAGE(J106:U106),"")
B107: B22012400 | E107: 24 | F107: Dump Truck | I107: % | V107: =IFERROR(AVERAGE(J107:U107),"")
B108: B22012500 | E108: 25 | F108: Tronton | I108: % | V108: =IFERROR(AVERAGE(J108:U108),"")
B109: B22012600 | E109: 26 | F109: Forklift | I109: % | V109: =IFERROR(AVERAGE(J109:U109),"")
B110: B22012700 | E110: 27 | F110: Trailer | I110: % | V110: =IFERROR(AVERAGE(J110:U110),"")
B111: B22012800 | E111: 28 | F111: Alat lainnya | I111: % | V111: =IFERROR(AVERAGE(J111:U111),"")
D113: 2 | E113: Utilisasi alat bongkar muat
B114: B22020100 | E114: 1 | F114: Quay Container Crane | I114: % | V114: =IFERROR(AVERAGE(J114:U114),"")
B115: B22020200 | E115: 2 | F115: Harbour Mobile Crane | I115: % | V115: =IFERROR(AVERAGE(J115:U115),"")
B116: B22020300 | E116: 3 | F116: Gantry Jib Crane | I116: % | V116: =IFERROR(AVERAGE(J116:U116),"")
B117: B22020400 | E117: 4 | F117: Gantry Luffing Crane | I117: % | J117: 15.29 | K117: 16.3 | L117: 8.85 | M117: 13.24 | N117: 26.46 | V117: =IFERROR(AVERAGE(J117:U117),"") -> 16.028
B118: B22020500 | E118: 5 | F118: Fixed Jib Crane | I118: % | V118: =IFERROR(AVERAGE(J118:U118),"")
B119: B22020600 | E119: 6 | F119: Rail Mounted Gantry Crane | I119: % | V119: =IFERROR(AVERAGE(J119:U119),"")
...

Sheet PRODUKSI
C2: TAHUN (YYYY) : | H2: =ARUS!H2 -> 2026
B4: =ARUS!B4 -> 002 | C4: REGIONAL : | H4: =ARUS!H4 -> Regional.2
B5: =ARUS!B5 -> RegP2
B6: =ARUS!B6 -> 38 | C6: CABANG / TERMINAL : | H6: =ARUS!H6 -> Banten
B10: Bulan | J10: 1 | K10: 2 | L10: 3 | M10: 4 | N10: 5 | O10: 6 | P10: 7 | Q10: 8 | R10: 9 | S10: 10 | T10: 11 | U10: 12
C12: No | D12: Uraian | I12: Satuan | J12: =$H$2 -> 2026
J14: Januari | K14: Februari | L14: Maret | M14: April | N14: Mei | O14: Juni | P14: Juli | Q14: Agustus | R14: September | S14: Oktober | T14: November | U14: Desember | V14: Total
C15: 1 | D15: 2 | I15: 3 | J15: 4 | V15: 5
C17: 1 | D17: PELAYANAN KAPAL
B18: 401.01.00.00.00.00.00.00.00 | D18: 1 | E18: Pelayanan Labuh | I18: GT Masa | V18: =SUM(J18:U18) -> 0
B19: 401.02.00.00.00.00.00.00.00 | D19: 2 | E19: Pelayanan Pemanduan | I19: Kpl Grk | J19: 142 | K19: 154 | L19: 144 | M19: 174 | N19: 176 | V19: =SUM(J19:U19) -> 790
B20: 401.02.00.00.00.00.00.00.00 | I20: GT Kpl Grk | J20: 1120954 | K20: 1280611 | L20: 1018961 | M20: 1540988 | N20: 1424641 | V20: =SUM(J20:U20) -> 6386155
B21: 401.03.00.00.00.00.00.00.00 | D21: 3 | E21: Pelayanan Penundaan | I21: Kpl Jam | J21: 378 | K21: 418.08 | L21: 358.93333 | M21: 462.28333 | N21: 475.37 | V21: =SUM(J21:U21) -> 2092.6667
B22: 401.03.00.00.00.00.00.00.00 | I22: GT Kpl Jam | J22: 3335668 | K22: 3935110 | L22: 2902863.8 | M22: 4574939.1 | N22: 4114191.9 | V22: =SUM(J22:U22) -> 18862773
B23: 401.04.00.00.00.00.00.00.00 | D23: 4 | E23: Pelayanan Penambatan | I23: GT Etmal | J23: 905797 | K23: 1543132 | L23: 2134167 | M23: 1489560 | N23: 1642099.2 | V23: =SUM(J23:U23) -> 7714755.2
B24: 401.04.00.00.00.00.00.00.00 | I24: Unit | V24: =SUM(J24:U24) -> 0
B25: 401.05.00.00.00.00.00.00.00 | D25: 5 | E25: Pelayanan Alur | I25: GT | V25: =SUM(J25:U25) -> 0
B26: 401.05.00.00.00.00.00.00.00 | I26: Ton | V26: =SUM(J26:U26) -> 0
B27: 401.05.00.00.00.00.00.00.00 | I27: M3 | V27: =SUM(J27:U27) -> 0
B28: 401.05.00.00.00.00.00.00.00 | I28: Box | V28: =SUM(J28:U28) -> 0
B29: 401.06.00.00.00.00.00.00.00 | D29: 6 | E29: Pelayanan Kepil | I29: Grk | V29: =SUM(J29:U29) -> 0
B30: 401.06.00.00.00.00.00.00.00 | I30: GT | V30: =SUM(J30:U30) -> 0
B31: 401.06.00.00.00.00.00.00.00 | I31: Kpl Jam | V31: =SUM(J31:U31) -> 0
C33: 2 | D33: PELAYANAN PETIKEMAS
D34: 1 | E34: Pelayanan Petikemas Internasional
B35: 402.01.01.00.00.00.00.00.00 | E35: 1 | F35: Dermaga | I35: Box | V35: =SUM(J35:U35) -> 0
B36: 402.01.01.00.00.00.00.00.00 | I36: Ton | V36: =SUM(J36:U36) -> 0
B37: 402.01.01.00.00.00.00.00.00 | I37: M3 | V37: =SUM(J37:U37) -> 0
B38: 402.01.01.00.00.00.00.00.00 | I38: Unit | V38: =SUM(J38:U38) -> 0
E39: 2 | F39: Operasi Kapal
B40: 402.01.02.01.00.00.00.00.00 | F40: 1 | G40: Stevedoring | I40: Box | V40: =SUM(J40:U40) -> 0
B41: 402.01.02.01.00.00.00.00.00 | I41: Ton | V41: =SUM(J41:U41) -> 0
B42: 402.01.02.01.00.00.00.00.00 | I42: M3 | V42: =SUM(J42:U42) -> 0
B43: 402.01.02.01.00.00.00.00.00 | I43: Unit | V43: =SUM(J43:U43) -> 0
B44: 402.01.02.02.00.00.00.00.00 | F44: 2 | G44: Lift On/Lift Off | I44: Box | V44: =SUM(J44:U44) -> 0
B45: 402.01.02.03.00.00.00.00.00 | F45: 3 | G45: Haulage | I45: Box | V45: =SUM(J45:U45) -> 0
B46: 402.01.02.04.00.00.00.00.00 | F46: 4 | G46: Restowage/Shifting | I46: Box | V46: =SUM(J46:U46) -> 0
B47: 402.01.02.05.00.00.00.00.00 | F47: 5 | G47: Buka Tutup Palka | I47: Palka | V47: =SUM(J47:U47) -> 0
B48: 402.01.02.05.00.00.00.00.00 | I48: Unit | V48: =SUM(J48:U48) -> 0
B49: 402.01.02.05.00.00.00.00.00 | I49: Kegiatan | V49: =SUM(J49:U49) -> 0
B50: 402.01.02.06.00.00.00.00.00 | F50: 6 | G50: Kerjasama Pelayanan B/M | I50: Box | V50: =SUM(J50:U50) -> 0
E51: 3 | F51: Operasi Lapangan
B52: 402.01.03.01.00.00.00.00.00 | F52: 1 | G52: Lift On/Lift Off | I52: Box | V52: =SUM(J52:U52) -> 0
B53: 402.01.03.02.00.00.00.00.00 | F53: 2 | G53: Gerakan Ekstra | I53: Box | V53: =SUM(J53:U53) -> 0
B54: 402.01.03.03.00.00.00.00.00 | F54: 3 | G54: Penumpukan Petikemas | I54: Box Hari | V54: =SUM(J54:U54) -> 0
B55: 402.01.03.04.00.00.00.00.00 | F55: 4 | G55: Reefer (Suplai listrik dan monitoring) | I55: Box Shift | V55: =SUM(J55:U55) -> 0
B56: 402.01.03.04.00.00.00.00.00 | I56: Box | V56: =SUM(J56:U56) -> 0
E57: 4 | F57: Operasi CFS
B58: 402.01.04.01.00.00.00.00.00 | F58: 1 | G58: Receiving/Delivery (Barang) | I58: Ton | V58: =SUM(J58:U58) -> 0
B59: 402.01.04.01.00.00.00.00.00 | I59: M3 | V59: =SUM(J59:U59) -> 0
B60: 402.01.04.02.00.00.00.00.00 | F60: 2 | G60: Rubah Status/LCL | I60: Box | V60: =SUM(J60:U60) -> 0
B61: 402.01.04.03.00.00.00.00.00 | F61: 3 | G61: Gerakan Ekstra | I61: Box | V61: =SUM(J61:U61) -> 0
B62: 402.01.04.04.00.00.00.00.00 | F62: 4 | G62: Stripping / Stuffing | I62: Box | V62: =SUM(J62:U62) -> 0
B63: 402.01.04.05.00.00.00.00.00 | F63: 5 | G63: Penumpukan | I63: Ton Hari | V63: =SUM(J63:U63) -> 0
B64: 402.01.04.05.00.00.00.00.00 | I64: M3 Hari | V64: =SUM(J64:U64) -> 0
B65: 402.01.04.05.00.00.00.00.00 | I65: Box Hari | V65: =SUM(J65:U65) -> 0
E66: 5 | F66: Petikemas Transhipment
B67: 402.01.05.01.00.00.00.00.00 | F67: 1 | G67: Stevedoring | I67: Box | V67: =SUM(J67:U67) -> 0
B68: 402.01.05.01.00.00.00.00.00 | I68: Unit | V68: =SUM(J68:U68) -> 0
B69: 402.01.05.02.00.00.00.00.00 | F69: 2 | G69: Lift On/Lift Off | I69: Box | V69: =SUM(J69:U69) -> 0
B70: 402.01.05.03.00.00.00.00.00 | F70: 3 | G70: Haulage | I70: Box | V70: =SUM(J70:U70) -> 0
E71: 6 | F71: Petikemas Lainnya
F72: 1 | G72: Behandle
B73: 402.01.06.01.01.00.00.00.00 | G73: 1 | H73: Gerakan Ekstra | I73: Box | V73: =SUM(J73:U73) -> 0
B74: 402.01.06.01.02.00.00.00.00 | G74: 2 | H74: Stripping / Stuffing | I74: Box | V74: =SUM(J74:U74) -> 0
F75: 2 | G75: Tempat Pemeriksaan Fisik Terpadu
B76: 402.01.06.02.01.00.00.00.00 | G76: 1 | H76: Gerakan Ekstra | I76: Box | V76: =SUM(J76:U76) -> 0
B77: 402.01.06.02.02.00.00.00.00 | G77: 2 | H77: Stripping / Stuffing | I77: Box | V77: =SUM(J77:U77) -> 0
B78: 402.01.06.03.00.00.00.00.00 | F78: 3 | G78: Fumigasi | I78: Box | V78: =SUM(J78:U78) -> 0
B79: 402.01.06.04.00.00.00.00.00 | F79: 4 | G79: Batal Muat | I79: Box | V79: =SUM(J79:U79) -> 0
B80: 402.01.06.05.00.00.00.00.00 | F80: 5 | G80: Pindah Kapal/alih kapal | I80: Box | V80: =SUM(J80:U80) -> 0
B81: 402.01.06.06.00.00.00.00.00 | F81: 6 | G81: Closing | I81: Box | V81: =SUM(J81:U81) -> 0
B82: 402.01.06.07.00.00.00.00.00 | F82: 7 | G82: Batal Dokumen | I82: Box | V82: =SUM(J82:U82) -> 0
B83: 402.01.06.08.00.00.00.00.00 | F83: 8 | G83: Labeling | I83: Unit | V83: =SUM(J83:U83) -> 0
B84: 402.01.06.09.00.00.00.00.00 | F84: 9 | G84: Overbrengen | I84: Box | V84: =SUM(J84:U84) -> 0
D86: 2 | E86: Pelayanan Petikemas Domestik
B87: 402.02.01.00.00.00.00.00.00 | E87: 1 | F87: Dermaga | I87: Box | V87: =SUM(J87:U87) -> 0
B88: 402.02.01.00.00.00.00.00.00 | I88: Ton | V88: =SUM(J88:U88) -> 0
B89: 402.02.01.00.00.00.00.00.00 | I89: M3 | V89: =SUM(J89:U89) -> 0
B90: 402.02.01.00.00.00.00.00.00 | I90: Unit | V90: =SUM(J90:U90) -> 0
E91: 2 | F91: Operasi Kapal
B92: 402.02.02.01.00.00.00.00.00 | F92: 1 | G92: Stevedoring | I92: Box | V92: =SUM(J92:U92) -> 0
B93: 402.02.02.01.00.00.00.00.00 | I93: Ton | V93: =SUM(J93:U93) -> 0
B94: 402.02.02.01.00.00.00.00.00 | I94: M3 | V94: =SUM(J94:U94) -> 0
B95: 402.02.02.01.00.00.00.00.00 | I95: Unit | V95: =SUM(J95:U95) -> 0
B96: 402.02.02.02.00.00.00.00.00 | F96: 2 | G96: Lift On/Lift Off | I96: Box | V96: =SUM(J96:U96) -> 0
B97: 402.02.02.02.00.00.00.00.00 | I97: Ton | V97: =SUM(J97:U97) -> 0
B98: 402.02.02.02.00.00.00.00.00 | I98: M3 | V98: =SUM(J98:U98) -> 0
B99: 402.02.02.02.00.00.00.00.00 | I99: Unit | V99: =SUM(J99:U99) -> 0
B100: 402.02.02.03.00.00.00.00.00 | F100: 3 | G100: Haulage | I100: Box | V100: =SUM(J100:U100) -> 0
B101: 402.02.02.03.00.00.00.00.00 | I101: Ton | V101: =SUM(J101:U101) -> 0
B102: 402.02.02.03.00.00.00.00.00 | I102: M3 | V102: =SUM(J102:U102) -> 0
B103: 402.02.02.03.00.00.00.00.00 | I103: Unit | V103: =SUM(J103:U103) -> 0
B104: 402.02.02.04.00.00.00.00.00 | F104: 4 | G104: Restowage/Shifting | I104: Box | V104: =SUM(J104:U104) -> 0
B105: 402.02.02.04.00.00.00.00.00 | I105: Ton | V105: =SUM(J105:U105) -> 0
B106: 402.02.02.04.00.00.00.00.00 | I106: M3 | V106: =SUM(J106:U106) -> 0
B107: 402.02.02.04.00.00.00.00.00 | I107: Unit | V107: =SUM(J107:U107) -> 0
B108: 402.02.02.05.00.00.00.00.00 | F108: 5 | G108: Buka Tutup Palka | I108: Palka | V108: =SUM(J108:U108) -> 0
B109: 402.02.02.05.00.00.00.00.00 | I109: Unit | V109: =SUM(J109:U109) -> 0
B110: 402.02.02.05.00.00.00.00.00 | I110: Kegiatan | V110: =SUM(J110:U110) -> 0
...
