Workbook

Sheet Perbln
B2: Produksi | E2: Jan | F2: Feb | G2: Mar | H2: Apr | I2: Mei | J2: Jun | K2: Jul | L2: Aug | M2: Sept | N2: Okt | O2: Nov | P2: Des | Q2: JUMLAH
B3: PELUM | C3: PANDU | D3: Call | E3: ='PANDU IKPP'!C7+'PANDU IKPP'!C13+'PANDU IKPP'!C19+'PANDU IKPP'!C34+'PANDU IKPP'!C40+'PANDU IKPP'!C46+'PANDU IKPP'!C52+'PANDU IKPP'!C58+'PANDU IKPP'!C64 -> 32 | F3: ='PANDU IKPP'!D7+'PANDU IKPP'!D13+'PANDU IKPP'!D19+'PANDU IKPP'!D34+'PANDU IKPP'!D40+'PANDU IKPP'!D46+'PANDU IKPP'!D52+'PANDU IKPP'!D58+'PANDU IKPP'!D64 -> 37 | G3: ='PANDU IKPP'!E7+'PANDU IKPP'!E13+'PANDU IKPP'!E19+'PANDU IKPP'!E34+'PANDU IKPP'!E40+'PANDU IKPP'!E46+'PANDU IKPP'!E52+'PANDU IKPP'!E58+'PANDU IKPP'!E64 -> 159 | H3: ='PANDU IKPP'!F7+'PANDU IKPP'!F13+'PANDU IKPP'!F19+'PANDU IKPP'!F34+'PANDU IKPP'!F40+'PANDU IKPP'!F46+'PANDU IKPP'!F52+'PANDU IKPP'!F58+'PANDU IKPP'!F64 -> 39 | I3: ='PANDU IKPP'!G7+'PANDU IKPP'!G13+'PANDU IKPP'!G19+'PANDU IKPP'!G34+'PANDU IKPP'!G40+'PANDU IKPP'!G46+'PANDU IKPP'!G52+'PANDU IKPP'!G58+'PANDU IKPP'!G64 -> 34 | J3: ='PANDU IKPP'!H7+'PANDU IKPP'!H13+'PANDU IKPP'!H19+'PANDU IKPP'!H34+'PANDU IKPP'!H40+'PANDU IKPP'!H46+'PANDU IKPP'!H52+'PANDU IKPP'!H58+'PANDU IKPP'!H64 -> 37 | K3: ='PANDU IKPP'!I7+'PANDU IKPP'!I13+'PANDU IKPP'!I19+'PANDU IKPP'!I34+'PANDU IKPP'!I40+'PANDU IKPP'!I46+'PANDU IKPP'!I52+'PANDU IKPP'!I58+'PANDU IKPP'!I64 -> 35 | L3: ='PANDU IKPP'!J7+'PANDU IKPP'!J13+'PANDU IKPP'!J19+'PANDU IKPP'!J34+'PANDU IKPP'!J40+'PANDU IKPP'!J46+'PANDU IKPP'!J52+'PANDU IKPP'!J58+'PANDU IKPP'!J64 -> 34 | ... P3: ='PANDU IKPP'!N7+'PANDU IKPP'!N13+'PANDU IKPP'!N19+'PANDU IKPP'!N34+'PANDU IKPP'!N40+'PANDU IKPP'!N46+'PANDU IKPP'!N52+'PANDU IKPP'!N58+'PANDU IKPP'!N64 -> 32 | Q3: =SUM(E3:P3) -> 556
D4: GT | E4: ='PANDU IKPP'!C8+'PANDU IKPP'!C14+'PANDU IKPP'!C20+'PANDU IKPP'!C35+'PANDU IKPP'!C41+'PANDU IKPP'!C47+'PANDU IKPP'!C53+'PANDU IKPP'!C59+'PANDU IKPP'!C65 -> 263773 | F4: ='PANDU IKPP'!D8+'PANDU IKPP'!D14+'PANDU IKPP'!D20+'PANDU IKPP'!D35+'PANDU IKPP'!D41+'PANDU IKPP'!D47+'PANDU IKPP'!D53+'PANDU IKPP'!D59+'PANDU IKPP'!D65 -> 203390 | G4: ='PANDU IKPP'!E8+'PANDU IKPP'!E14+'PANDU IKPP'!E20+'PANDU IKPP'!E35+'PANDU IKPP'!E41+'PANDU IKPP'!E47+'PANDU IKPP'!E53+'PANDU IKPP'!E59+'PANDU IKPP'!E65 -> 1340528 | H4: ='PANDU IKPP'!F8+'PANDU IKPP'!F14+'PANDU IKPP'!F20+'PANDU IKPP'!F35+'PANDU IKPP'!F41+'PANDU IKPP'!F47+'PANDU IKPP'!F53+'PANDU IKPP'!F59+'PANDU IKPP'!F65 -> 352434.49 | I4: ='PANDU IKPP'!G8+'PANDU IKPP'!G14+'PANDU IKPP'!G20+'PANDU IKPP'!G35+'PANDU IKPP'!G41+'PANDU IKPP'!G47+'PANDU IKPP'!G53+'PANDU IKPP'!G59+'PANDU IKPP'!G65 -> 153376.2 | J4: ='PANDU IKPP'!H8+'PANDU IKPP'!H14+'PANDU IKPP'!H20+'PANDU IKPP'!H35+'PANDU IKPP'!H41+'PANDU IKPP'!H47+'PANDU IKPP'!H53+'PANDU IKPP'!H59+'PANDU IKPP'!H65 -> 331503.44 | K4: ='PANDU IKPP'!I8+'PANDU IKPP'!I14+'PANDU IKPP'!I20+'PANDU IKPP'!I35+'PANDU IKPP'!I41+'PANDU IKPP'!I47+'PANDU IKPP'!I53+'PANDU IKPP'!I59+'PANDU IKPP'!I65 -> 170593.35 | L4: ='PANDU IKPP'!J8+'PANDU IKPP'!J14+'PANDU IKPP'!J20+'PANDU IKPP'!J35+'PANDU IKPP'!J41+'PANDU IKPP'!J47+'PANDU IKPP'!J53+'PANDU IKPP'!J59+'PANDU IKPP'!J65 -> 258839.47 | ... P4: ='PANDU IKPP'!N8+'PANDU IKPP'!N14+'PANDU IKPP'!N20+'PANDU IKPP'!N35+'PANDU IKPP'!N41+'PANDU IKPP'!N47+'PANDU IKPP'!N53+'PANDU IKPP'!N59+'PANDU IKPP'!N65 -> 274917.8 | Q4: =SUM(E4:P4) -> 4073742
D5: Kpl.Grk | E5: ='PANDU IKPP'!C79 -> 32 | F5: ='PANDU IKPP'!D79 -> 37 | G5: ='PANDU IKPP'!E79 -> 159 | H5: ='PANDU IKPP'!F79 -> 39 | I5: ='PANDU IKPP'!G79 -> 34 | J5: ='PANDU IKPP'!H79 -> 37 | K5: ='PANDU IKPP'!I79 -> 35 | L5: ='PANDU IKPP'!J79 -> 34 | ... P5: ='PANDU IKPP'!N79 -> 32 | Q5: =SUM(E5:P5) -> 556
D6: GT.Kpl.Grk | E6: ='PANDU IKPP'!C80 -> 263773 | F6: ='PANDU IKPP'!D80 -> 203390 | G6: ='PANDU IKPP'!E80 -> 1340528 | H6: ='PANDU IKPP'!F80 -> 352434.49 | I6: ='PANDU IKPP'!G80 -> 153376.2 | J6: ='PANDU IKPP'!H80 -> 331503.44 | K6: ='PANDU IKPP'!I80 -> 170593.35 | L6: ='PANDU IKPP'!J80 -> 258839.47 | ... P6: ='PANDU IKPP'!N80 -> 274917.8 | Q6: =SUM(E6:P6) -> 4073742
C7: TUNDA | D7: Call | E7: ='TUNDA IKPP'!E8+'TUNDA IKPP'!E30+'TUNDA IKPP'!E52+'TUNDA IKPP'!E98+'TUNDA IKPP'!E120+'TUNDA IKPP'!E142+'TUNDA IKPP'!E164+'TUNDA IKPP'!E172+'TUNDA IKPP'!E180 -> 32 | F7: ='TUNDA IKPP'!F8+'TUNDA IKPP'!F30+'TUNDA IKPP'!F52+'TUNDA IKPP'!F98+'TUNDA IKPP'!F120+'TUNDA IKPP'!F142+'TUNDA IKPP'!F164+'TUNDA IKPP'!F172+'TUNDA IKPP'!F180 -> 37 | G7: ='TUNDA IKPP'!G8+'TUNDA IKPP'!G30+'TUNDA IKPP'!G52+'TUNDA IKPP'!G98+'TUNDA IKPP'!G120+'TUNDA IKPP'!G142+'TUNDA IKPP'!G164+'TUNDA IKPP'!G172+'TUNDA IKPP'!G180 -> 159 | H7: ='TUNDA IKPP'!H8+'TUNDA IKPP'!H30+'TUNDA IKPP'!H52+'TUNDA IKPP'!H98+'TUNDA IKPP'!H120+'TUNDA IKPP'!H142+'TUNDA IKPP'!H164+'TUNDA IKPP'!H172+'TUNDA IKPP'!H180 -> 39 | I7: ='TUNDA IKPP'!I8+'TUNDA IKPP'!I30+'TUNDA IKPP'!I52+'TUNDA IKPP'!I98+'TUNDA IKPP'!I120+'TUNDA IKPP'!I142+'TUNDA IKPP'!I164+'TUNDA IKPP'!I172+'TUNDA IKPP'!I180 -> 34 | J7: ='TUNDA IKPP'!J8+'TUNDA IKPP'!J30+'TUNDA IKPP'!J52+'TUNDA IKPP'!J98+'TUNDA IKPP'!J120+'TUNDA IKPP'!J142+'TUNDA IKPP'!J164+'TUNDA IKPP'!J172+'TUNDA IKPP'!J180 -> 37 | K7: ='TUNDA IKPP'!K8+'TUNDA IKPP'!K30+'TUNDA IKPP'!K52+'TUNDA IKPP'!K98+'TUNDA IKPP'!K120+'TUNDA IKPP'!K142+'TUNDA IKPP'!K164+'TUNDA IKPP'!K172+'TUNDA IKPP'!K180 -> 35 | L7: ='TUNDA IKPP'!L8+'TUNDA IKPP'!L30+'TUNDA IKPP'!L52+'TUNDA IKPP'!L98+'TUNDA IKPP'!L120+'TUNDA IKPP'!L142+'TUNDA IKPP'!L164+'TUNDA IKPP'!L172+'TUNDA IKPP'!L180 -> 34 | ... P7: ='TUNDA IKPP'!P8+'TUNDA IKPP'!P30+'TUNDA IKPP'!P52+'TUNDA IKPP'!P98+'TUNDA IKPP'!P120+'TUNDA IKPP'!P142+'TUNDA IKPP'!P164+'TUNDA IKPP'!P172+'TUNDA IKPP'!P180 -> 32 | Q7: =SUM(E7:P7) -> 556
D8: GT | E8: ='TUNDA IKPP'!E9+'TUNDA IKPP'!E31+'TUNDA IKPP'!E53+'TUNDA IKPP'!E99+'TUNDA IKPP'!E121+'TUNDA IKPP'!E143+'TUNDA IKPP'!E165+'TUNDA IKPP'!E173+'TUNDA IKPP'!E181 -> 263773 | F8: ='TUNDA IKPP'!F9+'TUNDA IKPP'!F31+'TUNDA IKPP'!F53+'TUNDA IKPP'!F99+'TUNDA IKPP'!F121+'TUNDA IKPP'!F143+'TUNDA IKPP'!F165+'TUNDA IKPP'!F173+'TUNDA IKPP'!F181 -> 203390 | G8: ='TUNDA IKPP'!G9+'TUNDA IKPP'!G31+'TUNDA IKPP'!G53+'TUNDA IKPP'!G99+'TUNDA IKPP'!G121+'TUNDA IKPP'!G143+'TUNDA IKPP'!G165+'TUNDA IKPP'!G173+'TUNDA IKPP'!G181 -> 1340528 | H8: ='TUNDA IKPP'!H9+'TUNDA IKPP'!H31+'TUNDA IKPP'!H53+'TUNDA IKPP'!H99+'TUNDA IKPP'!H121+'TUNDA IKPP'!H143+'TUNDA IKPP'!H165+'TUNDA IKPP'!H173+'TUNDA IKPP'!H181 -> 352434.49 | I8: ='TUNDA IKPP'!I9+'TUNDA IKPP'!I31+'TUNDA IKPP'!I53+'TUNDA IKPP'!I99+'TUNDA IKPP'!I121+'TUNDA IKPP'!I143+'TUNDA IKPP'!I165+'TUNDA IKPP'!I173+'TUNDA IKPP'!I181 -> 153376.2 | J8: ='TUNDA IKPP'!J9+'TUNDA IKPP'!J31+'TUNDA IKPP'!J53+'TUNDA IKPP'!J99+'TUNDA IKPP'!J121+'TUNDA IKPP'!J143+'TUNDA IKPP'!J165+'TUNDA IKPP'!J173+'TUNDA IKPP'!J181 -> 331503.44 | K8: ='TUNDA IKPP'!K9+'TUNDA IKPP'!K31+'TUNDA IKPP'!K53+'TUNDA IKPP'!K99+'TUNDA IKPP'!K121+'TUNDA IKPP'!K143+'TUNDA IKPP'!K165+'TUNDA IKPP'!K173+'TUNDA IKPP'!K181 -> 170593.35 | L8: ='TUNDA IKPP'!L9+'TUNDA IKPP'!L31+'TUNDA IKPP'!L53+'TUNDA IKPP'!L99+'TUNDA IKPP'!L121+'TUNDA IKPP'!L143+'TUNDA IKPP'!L165+'TUNDA IKPP'!L173+'TUNDA IKPP'!L181 -> 258839.47 | ... P8: ='TUNDA IKPP'!P9+'TUNDA IKPP'!P31+'TUNDA IKPP'!P53+'TUNDA IKPP'!P99+'TUNDA IKPP'!P121+'TUNDA IKPP'!P143+'TUNDA IKPP'!P165+'TUNDA IKPP'!P173+'TUNDA IKPP'!P181 -> 274917.8 | Q8: =SUM(E8:P8) -> 4073742
D9: Kpl Jam | E9: ='TUNDA IKPP'!E201 -> 154.9856 | F9: ='TUNDA IKPP'!F201 -> 179.2021 | G9: ='TUNDA IKPP'!G201 -> 140.4557 | H9: ='TUNDA IKPP'!H201 -> 188.8887 | I9: ='TUNDA IKPP'!I201 -> 164.6722 | J9: ='TUNDA IKPP'!J201 -> 179.2021 | K9: ='TUNDA IKPP'!K201 -> 169.5155 | L9: ='TUNDA IKPP'!L201 -> 164.6722 | ... P9: ='TUNDA IKPP'!P201 -> 154.9856 | Q9: =SUM(E9:P9) -> 2063.2458
D10: GT Kpl Jam | E10: ='TUNDA IKPP'!E202 -> 1277531.8 | F10: ='TUNDA IKPP'!F202 -> 985078.79 | G10: ='TUNDA IKPP'!G202 -> 1319770.2 | H10: ='TUNDA IKPP'!H202 -> 1706945.9 | I10: ='TUNDA IKPP'!I202 -> 742846.95 | J10: ='TUNDA IKPP'!J202 -> 1605570.6 | K10: ='TUNDA IKPP'!K202 -> 826234.77 | L10: ='TUNDA IKPP'!L202 -> 1253637.2 | ... P10: ='TUNDA IKPP'!P202 -> 1331509.4 | Q10: =SUM(E10:P10) -> 14557546
B11: PELSUS | C11: PANDU | D11: Call | E11: =#REF!+#REF!+#REF!+#REF!+#REF!+#REF!+#REF!+#REF!+#REF!+#REF! -> #REF! | F11: =#REF!+#REF!+#REF!+#REF!+#REF!+#REF!+#REF!+#REF!+#REF!+#REF! -> #REF! | G11: =#REF!+#REF!+#REF!+#REF!+#REF!+#REF!+#REF!+#REF!+#REF!+#REF! -> #REF! | H11: =#REF!+#REF!+#REF!+#REF!+#REF!+#REF!+#REF!+#REF!+#REF!+#REF! -> #REF! | I11: =#REF!+#REF!+#REF!+#REF!+#REF!+#REF!+#REF!+#REF!+#REF!+#REF! -> #REF! | J11: =#REF!+#REF!+#REF!+#REF!+#REF!+#REF!+#REF!+#REF!+#REF!+#REF! -> #REF! | K11: =#REF!+#REF!+#REF!+#REF!+#REF!+#REF!+#REF!+#REF!+#REF!+#REF! -> #REF! | L11: =#REF!+#REF!+#REF!+#REF!+#REF!+#REF!+#REF!+#REF!+#REF!+#REF! -> #REF! | ... P11: =#REF!+#REF!+#REF!+#REF!+#REF!+#REF!+#REF!+#REF!+#REF!+#REF! -> #REF! | Q11: =SUM(E11:P11) -> #REF!
D12: GT | E12: =#REF!+#REF!+#REF!+#REF!+#REF!+#REF!+#REF!+#REF!+#REF!+#REF! -> #REF! | F12: =#REF!+#REF!+#REF!+#REF!+#REF!+#REF!+#REF!+#REF!+#REF!+#REF! -> #REF! | G12: =#REF!+#REF!+#REF!+#REF!+#REF!+#REF!+#REF!+#REF!+#REF!+#REF! -> #REF! | H12: =#REF!+#REF!+#REF!+#REF!+#REF!+#REF!+#REF!+#REF!+#REF!+#REF! -> #REF! | I12: =#REF!+#REF!+#REF!+#REF!+#REF!+#REF!+#REF!+#REF!+#REF!+#REF! -> #REF! | J12: =#REF!+#REF!+#REF!+#REF!+#REF!+#REF!+#REF!+#REF!+#REF!+#REF! -> #REF! | K12: =#REF!+#REF!+#REF!+#REF!+#REF!+#REF!+#REF!+#REF!+#REF!+#REF! -> #REF! | L12: =#REF!+#REF!+#REF!+#REF!+#REF!+#REF!+#REF!+#REF!+#REF!+#REF! -> #REF! | ... P12: =#REF!+#REF!+#REF!+#REF!+#REF!+#REF!+#REF!+#REF!+#REF!+#REF! -> #REF! | Q12: =SUM(E12:P12) -> #REF!
D13: Kpl.Grk | E13: =#REF! -> #REF! | F13: =#REF! -> #REF! | G13: =#REF! -> #REF! | H13: =#REF! -> #REF! | I13: =#REF! -> #REF! | J13: =#REF! -> #REF! | K13: =#REF! -> #REF! | L13: =#REF! -> #REF! | ... P13: =#REF! -> #REF! | Q13: =SUM(E13:P13) -> #REF!
D14: GT.Kpl.Grk | E14: =#REF! -> #REF! | F14: =#REF! -> #REF! | G14: =#REF! -> #REF! | H14: =#REF! -> #REF! | I14: =#REF! -> #REF! | J14: =#REF! -> #REF! | K14: =#REF! -> #REF! | L14: =#REF! -> #REF! | ... P14: =#REF! -> #REF! | Q14: =SUM(E14:P14) -> #REF!
C15: TUNDA | D15: Call | E15: =#REF!+#REF!+#REF!+#REF!+#REF!+#REF!+#REF!+#REF!+#REF!+#REF!+#REF! -> #REF! | F15: =#REF!+#REF!+#REF!+#REF!+#REF!+#REF!+#REF!+#REF!+#REF!+#REF!+#REF! -> #REF! | G15: =#REF!+#REF!+#REF!+#REF!+#REF!+#REF!+#REF!+#REF!+#REF!+#REF!+#REF! -> #REF! | H15: =#REF!+#REF!+#REF!+#REF!+#REF!+#REF!+#REF!+#REF!+#REF!+#REF!+#REF! -> #REF! | I15: =#REF!+#REF!+#REF!+#REF!+#REF!+#REF!+#REF!+#REF!+#REF!+#REF!+#REF! -> #REF! | J15: =#REF!+#REF!+#REF!+#REF!+#REF!+#REF!+#REF!+#REF!+#REF!+#REF!+#REF! -> #REF! | K15: =#REF!+#REF!+#REF!+#REF!+#REF!+#REF!+#REF!+#REF!+#REF!+#REF!+#REF! -> #REF! | L15: =#REF!+#REF!+#REF!+#REF!+#REF!+#REF!+#REF!+#REF!+#REF!+#REF!+#REF! -> #REF! | ... P15: =#REF!+#REF!+#REF!+#REF!+#REF!+#REF!+#REF!+#REF!+#REF!+#REF!+#REF! -> #REF! | Q15: =SUM(E15:P15) -> #REF!
D16: GT | E16: =#REF!+#REF!+#REF!+#REF!+#REF!+#REF!+#REF!+#REF!+#REF!+#REF!+#REF! -> #REF! | F16: =#REF!+#REF!+#REF!+#REF!+#REF!+#REF!+#REF!+#REF!+#REF!+#REF!+#REF! -> #REF! | G16: =#REF!+#REF!+#REF!+#REF!+#REF!+#REF!+#REF!+#REF!+#REF!+#REF!+#REF! -> #REF! | H16: =#REF!+#REF!+#REF!+#REF!+#REF!+#REF!+#REF!+#REF!+#REF!+#REF!+#REF! -> #REF! | I16: =#REF!+#REF!+#REF!+#REF!+#REF!+#REF!+#REF!+#REF!+#REF!+#REF!+#REF! -> #REF! | J16: =#REF!+#REF!+#REF!+#REF!+#REF!+#REF!+#REF!+#REF!+#REF!+#REF!+#REF! -> #REF! | K16: =#REF!+#REF!+#REF!+#REF!+#REF!+#REF!+#REF!+#REF!+#REF!+#REF!+#REF! -> #REF! | L16: =#REF!+#REF!+#REF!+#REF!+#REF!+#REF!+#REF!+#REF!+#REF!+#REF!+#REF! -> #REF! | ... P16: =#REF!+#REF!+#REF!+#REF!+#REF!+#REF!+#REF!+#REF!+#REF!+#REF!+#REF! -> #REF! | Q16: =SUM(E16:P16) -> #REF!
D17: Kpl Jam | E17: =#REF! -> #REF! | F17: =#REF! -> #REF! | G17: =#REF! -> #REF! | H17: =#REF! -> #REF! | I17: =#REF! -> #REF! | J17: =#REF! -> #REF! | K17: =#REF! -> #REF! | L17: =#REF! -> #REF! | ... P17: =#REF! -> #REF! | Q17: =SUM(E17:P17) -> #REF!
D18: GT Kpl Jam | E18: =#REF! -> #REF! | F18: =#REF! -> #REF! | G18: =#REF! -> #REF! | H18: =#REF! -> #REF! | I18: =#REF! -> #REF! | J18: =#REF! -> #REF! | K18: =#REF! -> #REF! | L18: =#REF! -> #REF! | ... P18: =#REF! -> #REF! | Q18: =SUM(E18:P18) -> #REF!

Sheet TRAFIK baru
K1: 1.25
A3: No | B3: Uraian | C3: Satuan | D3: 45292 | E3: 45323 | F3: 45352 | G3: 45383 | H3: 45413 | I3: 45444 | J3: Realisasi sd Juni 24 | K3: 45474 | L3: 45505 | M3: 45536 | N3: 45566 | O3: 45597 | P3: 45627 | Q3: Prognosa 2024 | R3: Semester 2 | T3: 45658 | U3: 45689 | V3: 45717 | W3: 45748 | X3: 45778 | Y3: 45809 | Z3: 45839 | AA3: 45870 | AB3: 45901 | AC3: 45931 | AD3: 45962 | AE3: 45992 | AF3: RKAP 2025 | AI3: No | AJ3: Uraian | AK3: Satuan | AL3: 45292 | AM3: 45323 | AN3: 45352 | AO3: 45383 | AP3: 45413 | AQ3: Realisasi sd Mei 24 | AR3: 45444 | AS3: 45474 | AT3: 45505 | AU3: 45536 | AV3: 45566 | AW3: 45597 | AX3: 45627 | AY3: Prognosa 2024 | AZ3: 45658 | BA3: 45689 | BB3: 45717 | BC3: 45748 | BD3: 45778 | BE3: 45809 | BF3: 45839 | BG3: 45870 | BH3: 45901 | BI3: 45931 | BJ3: 45962 | BK3: 45992 | BL3: RKAP 2025
A4: 1 | B4: Dermaga Umum | C4: Call | D4: =D6+D8 -> 72 | E4: =E6+E8 -> 58 | F4: =F6+F8 -> 63 | G4: =G6+G8 -> 182 | H4: =H6+H8 -> 63 | I4: =I6+I8 -> 37 | J4: =SUM(D4:I4) -> 475 | K4: =K6+K8 -> 35 | L4: =L6+L8 -> 34 | M4: =M6+M8 -> 37 | N4: =N6+N8 -> 43 | O4: =O6+O8 -> 37 | P4: =P6+P8 -> 32 | Q4: =SUM(J4:P4) -> 693 | R4: =Q4-J4 -> 218 | T4: =T6+T8 -> 38 | U4: =U6+U8 -> 37 | V4: =V6+V8 -> 177 | W4: =W6+W8 -> 36 | X4: =X6+X8 -> 36 | Y4: =Y6+Y8 -> 33 | Z4: =Z6+Z8 -> 52 | AA4: =AA6+AA8 -> 60 | ... AE4: =AE6+AE8 -> 50 | AF4: =SUM(T4:AE4) -> 680 | AI4: 1 | AJ4: Dermaga Umum | AK4: Call | AL4: 72 | AM4: 58 | AN4: 63 | AO4: 182 | AP4: 63 | AQ4: 438 | AR4: 45.136024 | AS4: 85.540233 | AT4: 103.67101 | AU4: 93.099203 | AV4: 86.170068 | AW4: 102.64039 | AX4: 85.387311 | AY4: 1039.6442 | AZ4: 73.44 | BA4: 57.12 | BB4: 64.26 | BC4: 183.6 | BD4: 64.26 | BE4: 46.038745 | BF4: 87.251037 | BG4: 105.74443 | BH4: 94.961187 | BI4: 87.89347 | BJ4: 104.6932 | BK4: 87.095057 | BL4: 1056.3571
C5: GT | D5: =D7+D9 -> 465142 | E5: =E7+E9 -> 434175 | F5: =F7+F9 -> 526613 | G5: =G7+G9 -> 1383182 | H5: =H7+H9 -> 454798 | I5: =I7+I9 -> 331503.44 | J5: =SUM(D5:I5) -> 3595413.4 | K5: =K7+K9 -> 673915.7 | L5: =L7+L9 -> 609201.25 | M5: =M7+M9 -> 675550 | N5: =N7+N9 -> 265463.75 | O5: =O7+O9 -> 517410 | P5: =P7+P9 -> 431443.06 | Q5: =SUM(J5:P5) -> 6768397.2 | R5: =Q5-J5 -> 3172983.8 | T5: =T7+T9 -> 228260 | U5: =U7+U9 -> 164061 | V5: =V7+V9 -> 1393196.2 | W5: =W7+W9 -> 318287 | X5: =X7+X9 -> 126855 | Y5: =Y7+Y9 -> 305794 | Z5: =Z7+Z9 -> 185268 | AA5: =AA7+AA9 -> 285324 | ... AE5: =AE7+AE9 -> 288530 | AF5: =SUM(T5:AE5) -> 4035194.2 | AK5: GT | AL5: 465142 | AM5: 434175 | AN5: 526613 | AO5: 1383182 | AP5: 454798 | AQ5: 3263910 | AR5: 148982.77 | AS5: 400537.71 | AT5: 491866.08 | AU5: 433835.63 | AV5: 442268.56 | AW5: 473836.65 | AX5: 381978.45 | AY5: 6037215.8 | AZ5: 474444.84 | BA5: 439417.02 | BB5: 537145.26 | BC5: 1409889.9 | BD5: 463893.96 | BE5: 151962.42 | BF5: 408548.46 | BG5: 501703.41 | BH5: 442512.34 | BI5: 451113.93 | BJ5: 483313.38 | BK5: 389618.02 | BL5: 6153562.9
B6: Kapal Internatinal | C6: Call | D6: 16 | E6: 17 | F6: 16 | G6: 10 | H6: 14 | I6: ='PANDU IKPP'!H89 -> 11 | J6: =SUM(D6:I6) -> 84 | K6: ='PANDU IKPP'!I89 -> 11 | L6: ='PANDU IKPP'!J89 -> 8 | M6: ='PANDU IKPP'!K89 -> 10 | N6: ='PANDU IKPP'!L89 -> 13 | O6: ='PANDU IKPP'!M89 -> 10 | P6: ='PANDU IKPP'!N89 -> 9 | Q6: =SUM(J6:P6) -> 145 | R6: =Q6-J6 -> 61 | T6: ='PANDU IKPP'!W89 -> 14 | U6: ='PANDU IKPP'!X89 -> 11 | V6: ='PANDU IKPP'!Y89 -> 6 | W6: ='PANDU IKPP'!Z89 -> 8 | X6: ='PANDU IKPP'!AA89 -> 7 | Y6: ='PANDU IKPP'!AB89 -> 7 | Z6: ='PANDU IKPP'!AC89 -> 11 | AA6: ='PANDU IKPP'!AD89 -> 14 | ... AE6: ='PANDU IKPP'!AH89 -> 11 | AF6: =SUM(T6:AE6) -> 120 | AJ6: Kapal Internatinal | AK6: Call | AL6: 16 | AM6: 17 | AN6: 16 | AO6: 10 | AP6: 14 | AQ6: 73 | AR6: 5.6181396 | AS6: 19.191667 | AT6: 21.123865 | AU6: 19.528246 | AV6: 19.725277 | AW6: 20.039153 | AX6: 16.485273 | AY6: 194.71162 | AZ6: 16.32 | BA6: 15.3 | BB6: 16.32 | BC6: 8.16 | BD6: 14.28 | BE6: 5.7305024 | BF6: 19.5755 | BG6: 21.546343 | BH6: 19.918811 | BI6: 20.119783 | BJ6: 20.439936 | BK6: 16.814978 | BL6: 194.52585
C7: GT | D7: 310995 | E7: 333214 | F7: 439479 | G7: 125237 | H7: 334888 | I7: ='PANDU IKPP'!H90 -> 225244.44 | J7: =SUM(D7:I7) -> 1769057.4 | K7: =D7*$K$1 -> 388743.75 | L7: =E7*$K$1 -> 416517.5 | M7: =F7*$K$1 -> 549348.75 | N7: =G7*$K$1 -> 156546.25 | O7: =H7*$K$1 -> 418610 | P7: =I7*$K$1 -> 281555.56 | Q7: =SUM(J7:P7) -> 3980379.2 | R7: =Q7-J7 -> 2211321.8 | T7: ='PANDU IKPP'!W90 -> 182605 | U7: ='PANDU IKPP'!X90 -> 95130 | V7: ='PANDU IKPP'!Y90 -> 195082 | W7: ='PANDU IKPP'!Z90 -> 260668 | X7: ='PANDU IKPP'!AA90 -> 61991 | Y7: ='PANDU IKPP'!AB90 -> 225246 | Z7: ='PANDU IKPP'!AC90 -> 88989 | AA7: ='PANDU IKPP'!AD90 -> 163604 | ... AE7: ='PANDU IKPP'!AH90 -> 184924 | AF7: =SUM(T7:AE7) -> 1877104 | AK7: GT | AL7: 310995 | AM7: 333214 | AN7: 439479 | AO7: 125237 | AP7: 334888 | AQ7: 1543813 | AR7: 83319.099 | AS7: 279205.84 | AT7: 344697.36 | AU7: 292024.55 | AV7: 318582.86 | AW7: 327013.05 | AX7: 266353.03 | AY7: 3455008.8 | AZ7: 317214.9 | BA7: 336436.8 | BB7: 448268.58 | BC7: 126786 | BD7: 341585.76 | BE7: 84985.481 | BF7: 284789.95 | BG7: 351591.3 | BH7: 297865.04 | BI7: 324954.52 | BJ7: 333553.32 | BK7: 271680.09 | BL7: 3519711.7
B8: Kapal Domestik | C8: Call | D8: 56 | E8: 41 | F8: 47 | G8: 172 | H8: 49 | I8: ='PANDU IKPP'!H91 -> 26 | J8: =SUM(D8:I8) -> 391 | K8: ='PANDU IKPP'!I91 -> 24 | L8: ='PANDU IKPP'!J91 -> 26 | M8: ='PANDU IKPP'!K91 -> 27 | N8: ='PANDU IKPP'!L91 -> 30 | O8: ='PANDU IKPP'!M91 -> 27 | P8: ='PANDU IKPP'!N91 -> 23 | Q8: =SUM(J8:P8) -> 548 | R8: =Q8-J8 -> 157 | T8: ='PANDU IKPP'!W91 -> 24 | U8: ='PANDU IKPP'!X91 -> 26 | V8: ='PANDU IKPP'!Y91 -> 171 | W8: ='PANDU IKPP'!Z91 -> 28 | X8: ='PANDU IKPP'!AA91 -> 29 | Y8: ='PANDU IKPP'!AB91 -> 26 | Z8: ='PANDU IKPP'!AC91 -> 41 | AA8: ='PANDU IKPP'!AD91 -> 46 | ... AE8: ='PANDU IKPP'!AH91 -> 39 | AF8: =SUM(T8:AE8) -> 560 | AJ8: Kapal Domestik | AK8: Call | AL8: 56 | AM8: 41 | AN8: 47 | AO8: 172 | AP8: 49 | AQ8: 365 | AR8: 39.517885 | AS8: 66.348566 | AT8: 82.547144 | AU8: 73.570957 | AV8: 66.444791 | AW8: 82.601235 | AX8: 68.902038 | AY8: 844.93261 | AZ8: 57.12 | BA8: 41.82 | BB8: 47.94 | BC8: 175.44 | BD8: 49.98 | BE8: 40.308242 | BF8: 67.675537 | BG8: 84.198087 | BH8: 75.042376 | BI8: 67.773687 | BJ8: 84.253259 | BK8: 70.280079 | BL8: 861.83127
C9: GT | D9: 154147 | E9: 100961 | F9: 87134 | G9: 1257945 | H9: 119910 | I9: ='PANDU IKPP'!H92 -> 106259 | J9: =SUM(D9:I9) -> 1826356 | K9: =D9*1.85 -> 285171.95 | L9: =D9*$K$1 -> 192683.75 | M9: =E9*$K$1 -> 126201.25 | N9: =F9*$K$1 -> 108917.5 | O9: =79040*$K$1 -> 98800 | P9: =H9*$K$1 -> 149887.5 | Q9: =SUM(J9:P9) -> 2788018 | R9: =Q9-J9 -> 961661.95 | T9: ='PANDU IKPP'!W92 -> 45655 | U9: ='PANDU IKPP'!X92 -> 68931 | V9: ='PANDU IKPP'!Y92 -> 1198114.2 | W9: ='PANDU IKPP'!Z92 -> 57619 | X9: ='PANDU IKPP'!AA92 -> 64864 | Y9: ='PANDU IKPP'!AB92 -> 80548 | Z9: ='PANDU IKPP'!AC92 -> 96279 | AA9: ='PANDU IKPP'!AD92 -> 121720 | ... AE9: ='PANDU IKPP'!AH92 -> 103606 | AF9: =SUM(T9:AE9) -> 2158090.2 | AK9: GT | AL9: 154147 | AM9: 100961 | AN9: 87134 | AO9: 1257945 | AP9: 119910 | AQ9: 1720097 | AR9: 65663.67 | AS9: 121331.87 | AT9: 147168.73 | AU9: 141811.08 | AV9: 123685.7 | AW9: 146823.6 | AX9: 115625.42 | AY9: 2582207.1 | AZ9: 157229.94 | BA9: 102980.22 | BB9: 88876.68 | BC9: 1283103.9 | BD9: 122308.2 | BE9: 66976.943 | BF9: 123758.51 | BG9: 150112.1 | BH9: 144647.3 | BI9: 126159.41 | BJ9: 149760.07 | BK9: 117937.93 | BL9: 2633851.2
A10: 2 | B10: Non Dermaga Umum | C10: Call | D10: =D12+D14 -> 292 | E10: =E12+E14 -> 250 | F10: =F12+F14 -> 277 | G10: =G12+G14 -> 258 | H10: =H12+H14 -> 264 | I10: =I12+I14 -> #REF! | J10: =SUM(D10:I10) -> #REF! | K10: =K12+K14 -> #REF! | L10: =L12+L14 -> #REF! | M10: =M12+M14 -> #REF! | N10: =N12+N14 -> #REF! | O10: =O12+O14 -> #REF! | P10: =P12+P14 -> #REF! | Q10: =SUM(J10:P10) -> #REF! | T10: =T12+T14 -> #REF! | U10: =U12+U14 -> #REF! | V10: =V12+V14 -> #REF! | W10: =W12+W14 -> #REF! | X10: =X12+X14 -> #REF! | Y10: =Y12+Y14 -> #REF! | Z10: =Z12+Z14 -> #REF! | AA10: =AA12+AA14 -> #REF! | ... AE10: =AE12+AE14 -> #REF! | AF10: =SUM(T10:AE10) -> #REF! | AI10: 2 | AJ10: Non Dermaga Umum | AK10: Call | AL10: 292 | AM10: 250 | AN10: 277 | AO10: 258 | AP10: 264 | AQ10: 1341 | AR10: 255 | AS10: 252 | AT10: 323.17494 | AU10: 349.02572 | AV10: 332.80451 | AW10: 328.37651 | AX10: 340.25558 | AY10: 3521.6373 | AZ10: 340.76 | BA10: 297.5 | BB10: 325.31 | BC10: 305.74 | BD10: 311.92 | BE10: 302.65 | BF10: 299.56 | BG10: 372.87019 | BH10: 399.49649 | BI10: 382.78864 | BJ10: 378.22781 | BK10: 390.46324 | BL10: 4107.2864
C11: GT | D11: =D13+D15 -> 2718105 | E11: =E13+E15 -> 2575912 | F11: =F13+F15 -> 3591621 | G11: =G13+G15 -> 2743511 | H11: =H13+H15 -> 2631934 | I11: =I13+I15 -> #REF! | J11: =SUM(D11:I11) -> #REF! | K11: =K13+K15 -> #REF! | L11: =L13+L15 -> #REF! | M11: =M13+M15 -> #REF! | N11: =N13+N15 -> #REF! | O11: =O13+O15 -> #REF! | P11: =P13+P15 -> #REF! | Q11: =SUM(J11:P11) -> #REF! | T11: =T13+T15 -> #REF! | U11: =U13+U15 -> #REF! | V11: =V13+V15 -> #REF! | W11: =W13+W15 -> #REF! | X11: =X13+X15 -> #REF! | Y11: =Y13+Y15 -> #REF! | Z11: =Z13+Z15 -> #REF! | AA11: =AA13+AA15 -> #REF! | ... AE11: =AE13+AE15 -> #REF! | AF11: =SUM(T11:AE11) -> #REF! | AK11: GT | AL11: 2718105 | AM11: 2575912 | AN11: 3591621 | AO11: 2743511 | AP11: 2631934 | AQ11: 14261083 | AR11: 2594157 | AS11: 2512076 | AT11: 2332269 | AU11: 2541234.6 | AV11: 2290931.1 | AW11: 2431265.3 | AX11: 2445923.6 | AY11: 31408940 | AZ11: 3044657.2 | BA11: 2898198.4 | BB11: 3932533.2 | BC11: 3070825.4 | BD11: 2955901.1 | BE11: 2981634.5 | BF11: 2497316.9 | BG11: 2647246.1 | BH11: 2862480.6 | BI11: 2604668 | BJ11: 2749212.3 | BK11: 2764310.3 | BL11: 35008984
B12: Kapal Internatinal | C12: Call | D12: 53 | E12: 46 | F12: 63 | G12: 41 | H12: 40 | I12: =#REF! -> #REF! | J12: =SUM(D12:I12) -> #REF! | K12: =#REF! -> #REF! | L12: =#REF! -> #REF! | M12: =#REF! -> #REF! | N12: =#REF! -> #REF! | O12: =#REF! -> #REF! | P12: =#REF! -> #REF! | Q12: =SUM(J12:P12) -> #REF! | T12: =#REF! -> #REF! | U12: =#REF! -> #REF! | V12: =#REF! -> #REF! | W12: =#REF! -> #REF! | X12: =#REF! -> #REF! | Y12: =#REF! -> #REF! | Z12: =#REF! -> #REF! | AA12: =#REF! -> #REF! | ... AE12: =#REF! -> #REF! | AF12: =SUM(T12:AE12) -> #REF! | AJ12: Kapal Internatinal | AK12: Call | AL12: 53 | AM12: 46 | AN12: 63 | AO12: 41 | AP12: 40 | AQ12: 243 | AR12: 42 | AS12: 48 | AT12: 58.286965 | AU12: 59.604584 | AV12: 59.082527 | AW12: 55.547405 | AX12: 57.423255 | AY12: 622.94474 | AZ12: 54.59 | BA12: 47.38 | BB12: 64.89 | BC12: 42.23 | BD12: 41.2 | BE12: 43.26 | BF12: 49.44 | BG12: 60.035574 | BH12: 61.392722 | BI12: 60.855003 | BJ12: 57.213828 | BK12: 59.145953 | BL12: 641.63308
C13: GT | D13: 1046679 | E13: 777181 | F13: 1635212 | G13: 817527 | H13: 670045 | I13: =#REF! -> #REF! | J13: =SUM(D13:I13) -> #REF! | K13: =#REF! -> #REF! | L13: =#REF! -> #REF! | M13: =#REF! -> #REF! | N13: =#REF! -> #REF! | O13: =#REF! -> #REF! | P13: =#REF! -> #REF! | Q13: =SUM(J13:P13) -> #REF! | T13: =#REF! -> #REF! | U13: =#REF! -> #REF! | V13: =#REF! -> #REF! | W13: =#REF! -> #REF! | X13: =#REF! -> #REF! | Y13: =#REF! -> #REF! | Z13: =#REF! -> #REF! | AA13: =#REF! -> #REF! | ... AE13: =#REF! -> #REF! | AF13: =SUM(T13:AE13) -> #REF! | AK13: GT | AL13: 1046679 | AM13: 777181 | AN13: 1635212 | AO13: 817527 | AP13: 670045 | AQ13: 4946644 | AR13: 723685 | AS13: 673088 | AT13: 771351.54 | AU13: 857478.32 | AV13: 669068.38 | AW13: 789965.41 | AX13: 781963.37 | AY13: 10213244 | AZ13: 1078079.4 | BA13: 800496.43 | BB13: 1684268.4 | BC13: 842052.81 | BD13: 690146.35 | BE13: 745395.55 | BF13: 693280.64 | BG13: 794492.09 | BH13: 883202.67 | BI13: 689140.43 | BJ13: 813664.38 | BK13: 805422.27 | BL13: 10519641
B14: Kapal Domestik | C14: Call | D14: 239 | E14: 204 | F14: 214 | G14: 217 | H14: 224 | I14: =#REF! -> #REF! | J14: =SUM(D14:I14) -> #REF! | K14: =#REF! -> #REF! | L14: =#REF! -> #REF! | M14: =#REF! -> #REF! | N14: =#REF! -> #REF! | O14: =#REF! -> #REF! | P14: =#REF! -> #REF! | Q14: =SUM(J14:P14) -> #REF! | T14: =#REF! -> #REF! | U14: =#REF! -> #REF! | V14: =#REF! -> #REF! | W14: =#REF! -> #REF! | X14: =#REF! -> #REF! | Y14: =#REF! -> #REF! | Z14: =#REF! -> #REF! | AA14: =#REF! -> #REF! | ... AE14: =#REF! -> #REF! | AF14: =SUM(T14:AE14) -> #REF! | AJ14: Kapal Domestik | AK14: Call | AL14: 239 | AM14: 204 | AN14: 214 | AO14: 217 | AP14: 224 | AQ14: 1098 | AR14: 213 | AS14: 204 | AT14: 264.88798 | AU14: 289.42114 | AV14: 273.72198 | AW14: 272.82911 | AX14: 282.83232 | AY14: 2898.6925 | AZ14: 286.17 | BA14: 250.12 | BB14: 260.42 | BC14: 263.51 | BD14: 270.72 | BE14: 259.39 | BF14: 250.12 | BG14: 312.83461 | BH14: 338.10377 | BI14: 321.93364 | BJ14: 321.01398 | BK14: 331.31729 | BL14: 3465.6533
C15: GT | D15: 1671426 | E15: 1798731 | F15: 1956409 | G15: 1925984 | H15: 1961889 | I15: =#REF! -> #REF! | J15: =SUM(D15:I15) -> #REF! | K15: =#REF! -> #REF! | L15: =#REF! -> #REF! | M15: =#REF! -> #REF! | N15: =#REF! -> #REF! | O15: =#REF! -> #REF! | P15: =#REF! -> #REF! | Q15: =SUM(J15:P15) -> #REF! | T15: =#REF! -> #REF! | U15: =#REF! -> #REF! | V15: =#REF! -> #REF! | W15: =#REF! -> #REF! | X15: =#REF! -> #REF! | Y15: =#REF! -> #REF! | Z15: =#REF! -> #REF! | AA15: =#REF! -> #REF! | ... AE15: =#REF! -> #REF! | AF15: =SUM(T15:AE15) -> #REF! | AK15: GT | AL15: 1671426 | AM15: 1798731 | AN15: 1956409 | AO15: 1925984 | AP15: 1961889 | AQ15: 9314439 | AR15: 1870472 | AS15: 1838988 | AT15: 1560917.5 | AU15: 1683756.3 | AV15: 1621862.7 | AW15: 1641299.9 | AX15: 1663960.2 | AY15: 21195696 | AZ15: 1966577.8 | BA15: 2097702 | BB15: 2248264.8 | BC15: 2228772.6 | BD15: 2265754.7 | BE15: 2236239 | BF15: 1804036.3 | BG15: 1852754.1 | BH15: 1979278 | BI15: 1915527.6 | BJ15: 1935547.9 | BK15: 1958888 | BL15: 24489343
A16: TOTAL | C16: Call | D16: =D4+D10 -> 364 | E16: =E4+E10 -> 308 | F16: =F4+F10 -> 340 | G16: =G4+G10 -> 440 | H16: =H4+H10 -> 327 | I16: =I4+I10 -> #REF! | J16: =SUM(D16:I16) -> #REF! | K16: =K4+K10 -> #REF! | L16: =L4+L10 -> #REF! | M16: =M4+M10 -> #REF! | N16: =N4+N10 -> #REF! | O16: =O4+O10 -> #REF! | P16: =P4+P10 -> #REF! | Q16: =SUM(I16:P16) -> #REF! | T16: =T4+T10 -> #REF! | U16: =U4+U10 -> #REF! | V16: =V4+V10 -> #REF! | W16: =W4+W10 -> #REF! | X16: =X4+X10 -> #REF! | Y16: =Y4+Y10 -> #REF! | Z16: =Z4+Z10 -> #REF! | AA16: =AA4+AA10 -> #REF! | ... AE16: =AE4+AE10 -> #REF! | AF16: =SUM(T16:AE16) -> #REF! | AI16: TOTAL | AK16: Call | AL16: 364 | AM16: 308 | AN16: 340 | AO16: 440 | AP16: 327 | AQ16: 1779 | AR16: 300.13602 | AS16: 337.54023 | AT16: 426.84595 | AU16: 442.12492 | AV16: 418.97458 | AW16: 431.0169 | AX16: 425.64289 | AY16: 4561.2815 | AZ16: 414.2 | BA16: 354.62 | BB16: 389.57 | BC16: 489.34 | BD16: 376.18 | BE16: 348.68874 | BF16: 386.81104 | BG16: 478.61462 | BH16: 494.45768 | BI16: 470.68211 | BJ16: 482.921 | BK16: 477.5583 | BL16: 5163.6435
C17: GT | D17: =D5+D11 -> 3183247 | E17: =E5+E11 -> 3010087 | F17: =F5+F11 -> 4118234 | G17: =G5+G11 -> 4126693 | H17: =H5+H11 -> 3086732 | I17: =I5+I11 -> #REF! | J17: =SUM(D17:I17) -> #REF! | K17: =K5+K11 -> #REF! | L17: =L5+L11 -> #REF! | M17: =M5+M11 -> #REF! | N17: =N5+N11 -> #REF! | O17: =O5+O11 -> #REF! | P17: =P5+P11 -> #REF! | Q17: =SUM(I17:P17) -> #REF! | T17: =T5+T11 -> #REF! | U17: =U5+U11 -> #REF! | V17: =V5+V11 -> #REF! | W17: =W5+W11 -> #REF! | X17: =X5+X11 -> #REF! | Y17: =Y5+Y11 -> #REF! | Z17: =Z5+Z11 -> #REF! | AA17: =AA5+AA11 -> #REF! | ... AE17: =AE5+AE11 -> #REF! | AF17: =SUM(T17:AE17) -> #REF! | AK17: GT | AL17: 3183247 | AM17: 3010087 | AN17: 4118234 | AO17: 4126693 | AP17: 3086732 | AQ17: 17524993 | AR17: 2743139.8 | AS17: 2912613.7 | AT17: 2824135.1 | AU17: 2975070.2 | AV17: 2733199.6 | AW17: 2905102 | AX17: 2827902 | AY17: 37446155 | AZ17: 3519102 | BA17: 3337615.4 | BB17: 4469678.4 | BC17: 4480715.3 | BD17: 3419795 | BE17: 3133597 | BF17: 2905865.4 | BG17: 3148949.5 | BH17: 3304993 | BI17: 3055782 | BJ17: 3232525.7 | BK17: 3153928.3 | BL17: 41162547
J20: 2254947.8 | K20: =J20*1.25 -> 2818684.7 | R20: =R5/J5 -> 0.88250873
J21: =G9/J5 -> 0.34987492 | Q21: =R5-J20 -> 918035.99 | R21: =R5/J20 -> 1.4071207
B23: Memori
A24: 1 | B24: Kenaikan Trafik Kapal Sudah Selaras dengan Kenaikan PTP sebesar 25% dari Semester 1
A25: 2 | B25: Trafik GT pada semester 1 sebesar 3,4 Jt GT , sudah termasuk GT Angleb Sebesar 1,2 Jt
A26: 3 | B26: Kontribusi GT Angleb Pada Semester 1 Sebesar 37%

Sheet USULAN
N1: RKAP 2025 | P1: PROGNOSA 2024
N2: 0.035 | O2: Derum | P2: Produksi | S2: Jan | T2: Feb | U2: Mar | V2: Apr | W2: Mei | X2: Jun | Y2: Jul | Z2: Aug | AA2: Sept | AB2: Okt | AC2: Nov | AD2: Des | AE2: JUMLAH | AH2: Jan | AI2: Feb | AJ2: Mar | AK2: Apr | AL2: Mei | AM2: Jun | AN2: Jul | AO2: Aug | AP2: Sept | AQ2: Okt | AR2: Nov | AS2: Des | AT2: JUMLAH
B3: Produksi Pandu dan Tunda Unit Banten | N3: 0.035 | O3: Pelsus | P3: PELUM | Q3: PANDU | R3: Call | S3: ='PANDU IKPP'!C79 -> 32 | T3: ='PANDU IKPP'!D79 -> 37 | U3: ='PANDU IKPP'!E79 -> 159 | V3: ='PANDU IKPP'!F79 -> 39 | W3: ='PANDU IKPP'!G79 -> 34 | X3: ='PANDU IKPP'!H79 -> 37 | Y3: ='PANDU IKPP'!I79 -> 35 | Z3: ='PANDU IKPP'!J79 -> 34 | ... AD3: ='PANDU IKPP'!N79 -> 32 | AE3: =SUM(S3:AD3) -> 556 | AH3: ='PANDU IKPP'!W79 -> 38 | AI3: ='PANDU IKPP'!X79 -> 37 | AJ3: ='PANDU IKPP'!Y79 -> 177 | AK3: ='PANDU IKPP'!Z79 -> 36 | AL3: ='PANDU IKPP'!AA79 -> 36 | AM3: ='PANDU IKPP'!AB79 -> 33 | AN3: ='PANDU IKPP'!AC79 -> 52 | AO3: ='PANDU IKPP'!AD79 -> 60 | ... AS3: ='PANDU IKPP'!AH79 -> 50 | AT3: =SUM(AH3:AS3) -> 680
B4: Area | C4: Layanan | E4: REALISASI 2024 | F4: RKAP 2025 | H4: PROGNOSA 2025 | J4: RKAP 2026 | R4: GT | S4: ='PANDU IKPP'!C80 -> 263773 | T4: ='PANDU IKPP'!D80 -> 203390 | U4: ='PANDU IKPP'!E80 -> 1340528 | V4: ='PANDU IKPP'!F80 -> 352434.49 | W4: ='PANDU IKPP'!G80 -> 153376.2 | X4: ='PANDU IKPP'!H80 -> 331503.44 | Y4: ='PANDU IKPP'!I80 -> 170593.35 | Z4: ='PANDU IKPP'!J80 -> 258839.47 | ... AD4: ='PANDU IKPP'!N80 -> 274917.8 | AE4: =SUM(S4:AD4) -> 4073742 | AH4: ='PANDU IKPP'!W80 -> 228260 | AI4: ='PANDU IKPP'!X80 -> 164061 | AJ4: ='PANDU IKPP'!Y80 -> 1393196.2 | AK4: ='PANDU IKPP'!Z80 -> 318287 | AL4: ='PANDU IKPP'!AA80 -> 126855 | AM4: ='PANDU IKPP'!AB80 -> 305794 | AN4: ='PANDU IKPP'!AC80 -> 185268 | AO4: ='PANDU IKPP'!AD80 -> 285324 | ... AS4: ='PANDU IKPP'!AH80 -> 288530 | AT4: =SUM(AH4:AS4) -> 4035194.2
E5: a | F5: b | H5: c | J5: d | K5: e=c/a | L5: f=c/b | M5: g=d/c | R5: Kpl.Grk | S5: ='PANDU IKPP'!C81 -> 64 | T5: ='PANDU IKPP'!D81 -> 74 | U5: ='PANDU IKPP'!E81 -> 318 | V5: ='PANDU IKPP'!F81 -> 78 | W5: ='PANDU IKPP'!G81 -> 68 | X5: ='PANDU IKPP'!H81 -> 74 | Y5: ='PANDU IKPP'!I81 -> 70 | Z5: ='PANDU IKPP'!J81 -> 68 | ... AD5: ='PANDU IKPP'!N81 -> 64 | AE5: =SUM(S5:AD5) -> 1112 | AH5: ='PANDU IKPP'!W81 -> 76 | AI5: ='PANDU IKPP'!X81 -> 74 | AJ5: ='PANDU IKPP'!Y81 -> 354 | AK5: ='PANDU IKPP'!Z81 -> 72 | AL5: ='PANDU IKPP'!AA81 -> 72 | AM5: ='PANDU IKPP'!AB81 -> 66 | AN5: ='PANDU IKPP'!AC81 -> 104 | AO5: ='PANDU IKPP'!AD81 -> 120 | ... AS5: ='PANDU IKPP'!AH81 -> 100 | AT5: =SUM(AH5:AS5) -> 1360
B6: Derum | C6: Pandu | D6: Kpl Grk | H6: =AE5 -> 1112 | J6: =AT5 -> 1360 | K6: =H6/E6 -> #DIV/0! | L6: =H6/F6 -> #DIV/0! | M6: =J6/H6 -> 1.2230216 | R6: GT.Kpl.Grk | S6: ='PANDU IKPP'!C82 -> 527546 | T6: ='PANDU IKPP'!D82 -> 406780 | U6: ='PANDU IKPP'!E82 -> 2681056 | V6: ='PANDU IKPP'!F82 -> 704868.97 | W6: ='PANDU IKPP'!G82 -> 306752.4 | X6: ='PANDU IKPP'!H82 -> 663006.89 | Y6: ='PANDU IKPP'!I82 -> 341186.7 | Z6: ='PANDU IKPP'!J82 -> 517678.94 | ... AD6: ='PANDU IKPP'!N82 -> 549835.6 | AE6: =SUM(S6:AD6) -> 8147484.1 | AH6: ='PANDU IKPP'!W82 -> 456520 | AI6: ='PANDU IKPP'!X82 -> 328122 | AJ6: ='PANDU IKPP'!Y82 -> 2786392.5 | AK6: ='PANDU IKPP'!Z82 -> 636574 | AL6: ='PANDU IKPP'!AA82 -> 253710 | AM6: ='PANDU IKPP'!AB82 -> 611588 | AN6: ='PANDU IKPP'!AC82 -> 370536 | AO6: ='PANDU IKPP'!AD82 -> 570648 | ... AS6: ='PANDU IKPP'!AH82 -> 577060 | AT6: =SUM(AH6:AS6) -> 8070388.5
D7: GT Kpl Grk | H7: =AE6 -> 8147484.1 | J7: =AT6 -> 8070388.5 | K7: =H7/E7 -> #DIV/0! | L7: =H7/F7 -> #DIV/0! | M7: =J7/H7 -> 0.99053749 | Q7: TUNDA | R7: Call | S7: ='TUNDA IKPP'!E199 -> 32 | T7: ='TUNDA IKPP'!F199 -> 37 | U7: ='TUNDA IKPP'!G199 -> 159 | V7: ='TUNDA IKPP'!H199 -> 39 | W7: ='TUNDA IKPP'!I199 -> 34 | X7: ='TUNDA IKPP'!J199 -> 37 | Y7: ='TUNDA IKPP'!K199 -> 35 | Z7: ='TUNDA IKPP'!L199 -> 34 | ... AD7: ='TUNDA IKPP'!P199 -> 32 | AE7: =SUM(S7:AD7) -> 556 | AH7: ='TUNDA IKPP'!AB199 -> 38 | AI7: ='TUNDA IKPP'!AC199 -> 37 | AJ7: ='TUNDA IKPP'!AD199 -> 177 | AK7: ='TUNDA IKPP'!AE199 -> 36 | AL7: ='TUNDA IKPP'!AF199 -> 36 | AM7: ='TUNDA IKPP'!AG199 -> 33 | AN7: ='TUNDA IKPP'!AH199 -> 52 | AO7: ='TUNDA IKPP'!AI199 -> 60 | ... AS7: ='TUNDA IKPP'!AM199 -> 50 | AT7: =SUM(AH7:AS7) -> 680
C8: Tunda | D8: Kpl Jam | H8: =AE9 -> 2063.2458 | J8: =AT9 -> 2471.2241 | K8: =H8/E8 -> #DIV/0! | L8: =H8/F8 -> #DIV/0! | M8: =J8/H8 -> 1.1977362 | R8: GT | S8: ='TUNDA IKPP'!E200 -> 263773 | T8: ='TUNDA IKPP'!F200 -> 203390 | U8: ='TUNDA IKPP'!G200 -> 1340528 | V8: ='TUNDA IKPP'!H200 -> 352434.49 | W8: ='TUNDA IKPP'!I200 -> 153376.2 | X8: ='TUNDA IKPP'!J200 -> 331503.44 | Y8: ='TUNDA IKPP'!K200 -> 170593.35 | Z8: ='TUNDA IKPP'!L200 -> 258839.47 | ... AD8: ='TUNDA IKPP'!P200 -> 274917.8 | AE8: =SUM(S8:AD8) -> 4073742 | AH8: ='TUNDA IKPP'!AB200 -> 228260 | AI8: ='TUNDA IKPP'!AC200 -> 164061 | AJ8: ='TUNDA IKPP'!AD200 -> 1393196.2 | AK8: ='TUNDA IKPP'!AE200 -> 318287 | AL8: ='TUNDA IKPP'!AF200 -> 126855 | AM8: ='TUNDA IKPP'!AG200 -> 305794 | AN8: ='TUNDA IKPP'!AH200 -> 185268 | AO8: ='TUNDA IKPP'!AI200 -> 285324 | ... AS8: ='TUNDA IKPP'!AM200 -> 288530 | AT8: =SUM(AH8:AS8) -> 4035194.2
D9: GT Kpl Jam | H9: =AE10 -> 14557546 | J9: =AT10 -> 13390749 | K9: =H9/E9 -> #DIV/0! | L9: =H9/F9 -> #DIV/0! | M9: =J9/H9 -> 0.91984935 | R9: Kpl Jam | S9: ='TUNDA IKPP'!E201 -> 154.9856 | T9: ='TUNDA IKPP'!F201 -> 179.2021 | U9: ='TUNDA IKPP'!G201 -> 140.4557 | V9: ='TUNDA IKPP'!H201 -> 188.8887 | W9: ='TUNDA IKPP'!I201 -> 164.6722 | X9: ='TUNDA IKPP'!J201 -> 179.2021 | Y9: ='TUNDA IKPP'!K201 -> 169.5155 | Z9: ='TUNDA IKPP'!L201 -> 164.6722 | ... AD9: ='TUNDA IKPP'!P201 -> 154.9856 | AE9: =SUM(S9:AD9) -> 2063.2458 | AH9: ='TUNDA IKPP'!AB201 -> 173.90096 | AI9: ='TUNDA IKPP'!AC201 -> 169.32462 | AJ9: ='TUNDA IKPP'!AD201 -> 169.32462 | AK9: ='TUNDA IKPP'!AE201 -> 164.74828 | AL9: ='TUNDA IKPP'!AF201 -> 164.74828 | AM9: ='TUNDA IKPP'!AG201 -> 151.01925 | AN9: ='TUNDA IKPP'!AH201 -> 237.96973 | AO9: ='TUNDA IKPP'!AI201 -> 274.58046 | ... AS9: ='TUNDA IKPP'!AM201 -> 228.81705 | AT9: =SUM(AH9:AS9) -> 2471.2241
B10: Pelsus | C10: Pandu | D10: Kpl Grk | H10: =AE13 -> #REF! | J10: =AT13 -> #REF! | K10: =H10/E10 -> #REF! | L10: =H10/F10 -> #REF! | M10: =J10/H10 -> #REF! | R10: GT Kpl Jam | S10: ='TUNDA IKPP'!E202 -> 1277531.8 | T10: ='TUNDA IKPP'!F202 -> 985078.79 | U10: ='TUNDA IKPP'!G202 -> 1319770.2 | V10: ='TUNDA IKPP'!H202 -> 1706945.9 | W10: ='TUNDA IKPP'!I202 -> 742846.95 | X10: ='TUNDA IKPP'!J202 -> 1605570.6 | Y10: ='TUNDA IKPP'!K202 -> 826234.77 | Z10: ='TUNDA IKPP'!L202 -> 1253637.2 | ... AD10: ='TUNDA IKPP'!P202 -> 1331509.4 | AE10: =SUM(S10:AD10) -> 14557546 | AH10: ='TUNDA IKPP'!AB202 -> 1044595.6 | AI10: ='TUNDA IKPP'!AC202 -> 750799.08 | AJ10: ='TUNDA IKPP'!AD202 -> 1300065.3 | AK10: ='TUNDA IKPP'!AE202 -> 1456589.8 | AL10: ='TUNDA IKPP'!AF202 -> 580531.74 | AM10: ='TUNDA IKPP'!AG202 -> 1399417.6 | AN10: ='TUNDA IKPP'!AH202 -> 847849.54 | AO10: ='TUNDA IKPP'!AI202 -> 1305739.9 | ... AS10: ='TUNDA IKPP'!AM202 -> 1320411.7 | AT10: =SUM(AH10:AS10) -> 13390749
D11: GT Kpl Grk | H11: =AE14 -> #REF! | J11: =AT14 -> #REF! | K11: =H11/E11 -> #REF! | L11: =H11/F11 -> #REF! | M11: =J11/H11 -> #REF! | P11: PELSUS | Q11: PANDU | R11: Call | S11: =#REF! -> #REF! | T11: =#REF! -> #REF! | U11: =#REF! -> #REF! | V11: =#REF! -> #REF! | W11: =#REF! -> #REF! | X11: =#REF! -> #REF! | Y11: =#REF! -> #REF! | Z11: =#REF! -> #REF! | ... AD11: =#REF! -> #REF! | AE11: =SUM(S11:AD11) -> #REF! | AH11: =#REF! -> #REF! | AI11: =#REF! -> #REF! | AJ11: =#REF! -> #REF! | AK11: =#REF! -> #REF! | AL11: =#REF! -> #REF! | AM11: =#REF! -> #REF! | AN11: =#REF! -> #REF! | AO11: =#REF! -> #REF! | ... AS11: =#REF! -> #REF! | AT11: =SUM(AH11:AS11) -> #REF!
C12: Tunda | D12: Kpl Jam | H12: =AE17 -> #REF! | J12: =AT17 -> #REF! | K12: =H12/E12 -> #REF! | L12: =H12/F12 -> #REF! | M12: =J12/H12 -> #REF! | R12: GT | S12: =#REF! -> #REF! | T12: =#REF! -> #REF! | U12: =#REF! -> #REF! | V12: =#REF! -> #REF! | W12: =#REF! -> #REF! | X12: =#REF! -> #REF! | Y12: =#REF! -> #REF! | Z12: =#REF! -> #REF! | ... AD12: =#REF! -> #REF! | AE12: =SUM(S12:AD12) -> #REF! | AH12: =#REF! -> #REF! | AI12: =#REF! -> #REF! | AJ12: =#REF! -> #REF! | AK12: =#REF! -> #REF! | AL12: =#REF! -> #REF! | AM12: =#REF! -> #REF! | AN12: =#REF! -> #REF! | AO12: =#REF! -> #REF! | ... AS12: =#REF! -> #REF! | AT12: =SUM(AH12:AS12) -> #REF!
D13: GT Kpl Jam | H13: =AE18 -> #REF! | J13: =AT18 -> #REF! | K13: =H13/E13 -> #REF! | L13: =H13/F13 -> #REF! | M13: =J13/H13 -> #REF! | R13: Kpl.Grk | S13: =#REF! -> #REF! | T13: =#REF! -> #REF! | U13: =#REF! -> #REF! | V13: =#REF! -> #REF! | W13: =#REF! -> #REF! | X13: =#REF! -> #REF! | Y13: =#REF! -> #REF! | Z13: =#REF! -> #REF! | ... AD13: =#REF! -> #REF! | AE13: =SUM(S13:AD13) -> #REF! | AH13: =#REF! -> #REF! | AI13: =#REF! -> #REF! | AJ13: =#REF! -> #REF! | AK13: =#REF! -> #REF! | AL13: =#REF! -> #REF! | AM13: =#REF! -> #REF! | AN13: =#REF! -> #REF! | AO13: =#REF! -> #REF! | ... AS13: =#REF! -> #REF! | AT13: =SUM(AH13:AS13) -> #REF!
B14: Konsolidasi | C14: Pandu | D14: Kpl Grk | E14: =E6+E10 -> 0 | F14: =F6+F10 -> 0 | H14: =H6+H10 -> #REF! | J14: =J6+J10 -> #REF! | K14: =(K6+K10)/2 -> #DIV/0! | L14: =(L6+L10)/2 -> #DIV/0! | M14: =(M6+M10)/2 -> #REF! | R14: GT.Kpl.Grk | S14: =#REF! -> #REF! | T14: =#REF! -> #REF! | U14: =#REF! -> #REF! | V14: =#REF! -> #REF! | W14: =#REF! -> #REF! | X14: =#REF! -> #REF! | Y14: =#REF! -> #REF! | Z14: =#REF! -> #REF! | ... AD14: =#REF! -> #REF! | AE14: =SUM(S14:AD14) -> #REF! | AH14: =#REF! -> #REF! | AI14: =#REF! -> #REF! | AJ14: =#REF! -> #REF! | AK14: =#REF! -> #REF! | AL14: =#REF! -> #REF! | AM14: =#REF! -> #REF! | AN14: =#REF! -> #REF! | AO14: =#REF! -> #REF! | ... AS14: =#REF! -> #REF! | AT14: =SUM(AH14:AS14) -> #REF!
D15: GT Kpl Grk | E15: =E7+E11 -> 0 | F15: =F7+F11 -> 0 | H15: =H7+H11 -> #REF! | J15: =J7+J11 -> #REF! | K15: =(K7+K11)/2 -> #DIV/0! | L15: =(L7+L11)/2 -> #DIV/0! | M15: =(M7+M11)/2 -> #REF! | Q15: TUNDA | R15: Call | S15: =#REF! -> #REF! | T15: =#REF! -> #REF! | U15: =#REF! -> #REF! | V15: =#REF! -> #REF! | W15: =#REF! -> #REF! | X15: =#REF! -> #REF! | Y15: =#REF! -> #REF! | Z15: =#REF! -> #REF! | ... AD15: =#REF! -> #REF! | AE15: =SUM(S15:AD15) -> #REF! | AH15: =#REF! -> #REF! | AI15: =#REF! -> #REF! | AJ15: =#REF! -> #REF! | AK15: =#REF! -> #REF! | AL15: =#REF! -> #REF! | AM15: =#REF! -> #REF! | AN15: =#REF! -> #REF! | AO15: =#REF! -> #REF! | ... AS15: =#REF! -> #REF! | AT15: =SUM(AH15:AS15) -> #REF!
C16: Tunda | D16: Kpl Jam | E16: =E8+E12 -> 0 | F16: =F8+F12 -> 0 | H16: =H8+H12 -> #REF! | J16: =J8+J12 -> #REF! | K16: =(K8+K12)/2 -> #DIV/0! | L16: =(L8+L12)/2 -> #DIV/0! | M16: =(M8+M12)/2 -> #REF! | R16: GT | S16: =#REF! -> #REF! | T16: =#REF! -> #REF! | U16: =#REF! -> #REF! | V16: =#REF! -> #REF! | W16: =#REF! -> #REF! | X16: =#REF! -> #REF! | Y16: =#REF! -> #REF! | Z16: =#REF! -> #REF! | ... AD16: =#REF! -> #REF! | AE16: =SUM(S16:AD16) -> #REF! | AH16: =#REF! -> #REF! | AI16: =#REF! -> #REF! | AJ16: =#REF! -> #REF! | AK16: =#REF! -> #REF! | AL16: =#REF! -> #REF! | AM16: =#REF! -> #REF! | AN16: =#REF! -> #REF! | AO16: =#REF! -> #REF! | ... AS16: =#REF! -> #REF! | AT16: =SUM(AH16:AS16) -> #REF!
D17: GT Kpl Jam | E17: =E9+E13 -> 0 | F17: =F9+F13 -> 0 | H17: =H9+H13 -> #REF! | J17: =J9+J13 -> #REF! | K17: =(K9+K13)/2 -> #DIV/0! | L17: =(L9+L13)/2 -> #DIV/0! | M17: =(M9+M13)/2 -> #REF! | R17: Kpl Jam | S17: =#REF! -> #REF! | T17: =#REF! -> #REF! | U17: =#REF! -> #REF! | V17: =#REF! -> #REF! | W17: =#REF! -> #REF! | X17: =#REF! -> #REF! | Y17: =#REF! -> #REF! | Z17: =#REF! -> #REF! | ... AD17: =#REF! -> #REF! | AE17: =SUM(S17:AD17) -> #REF! | AH17: =#REF! -> #REF! | AI17: =#REF! -> #REF! | AJ17: =#REF! -> #REF! | AK17: =#REF! -> #REF! | AL17: =#REF! -> #REF! | AM17: =#REF! -> #REF! | AN17: =#REF! -> #REF! | AO17: =#REF! -> #REF! | ... AS17: =#REF! -> #REF! | AT17: =SUM(AH17:AS17) -> #REF!
R18: GT Kpl Jam | S18: =#REF! -> #REF! | T18: =#REF! -> #REF! | U18: =#REF! -> #REF! | V18: =#REF! -> #REF! | W18: =#REF! -> #REF! | X18: =#REF! -> #REF! | Y18: =#REF! -> #REF! | Z18: =#REF! -> #REF! | ... AD18: =#REF! -> #REF! | AE18: =SUM(S18:AD18) -> #REF! | AH18: =#REF! -> #REF! | AI18: =#REF! -> #REF! | AJ18: =#REF! -> #REF! | AK18: =#REF! -> #REF! | AL18: =#REF! -> #REF! | AM18: =#REF! -> #REF! | AN18: =#REF! -> #REF! | AO18: =#REF! -> #REF! | ... AS18: =#REF! -> #REF! | AT18: =SUM(AH18:AS18) -> #REF!
B19: Pendapatan Pelayanan Kapal IKPP | P19: KONSOLIDASI | Q19: PANDU | R19: Call | S19: =S3+S11 -> #REF! | T19: =T3+T11 -> #REF! | U19: =U3+U11 -> #REF! | V19: =V3+V11 -> #REF! | W19: =W3+W11 -> #REF! | X19: =X3+X11 -> #REF! | Y19: =Y3+Y11 -> #REF! | Z19: =Z3+Z11 -> #REF! | ... AD19: =AD3+AD11 -> #REF! | AE19: =SUM(S19:AD19) -> #REF! | AH19: =AH3+AH11 -> #REF! | AI19: =AI3+AI11 -> #REF! | AJ19: =AJ3+AJ11 -> #REF! | AK19: =AK3+AK11 -> #REF! | AL19: =AL3+AL11 -> #REF! | AM19: =AM3+AM11 -> #REF! | AN19: =AN3+AN11 -> #REF! | AO19: =AO3+AO11 -> #REF! | ... AS19: =AS3+AS11 -> #REF! | AT19: =SUM(AH19:AS19) -> #REF!
B20: Area | C20: Layanan | D20: Satuan | E20: Realisasi 2024 | F20: RKAP 2025 | G20: Prog Cabang | H20: PROGNOSA 2026 | I20: RKAP 2026 | J20: RKAP 2027 | R20: GT | S20: =S4+S12 -> #REF! | T20: =T4+T12 -> #REF! | U20: =U4+U12 -> #REF! | V20: =V4+V12 -> #REF! | W20: =W4+W12 -> #REF! | X20: =X4+X12 -> #REF! | Y20: =Y4+Y12 -> #REF! | Z20: =Z4+Z12 -> #REF! | ... AD20: =AD4+AD12 -> #REF! | AE20: =SUM(S20:AD20) -> #REF! | AH20: =AH4+AH12 -> #REF! | AI20: =AI4+AI12 -> #REF! | AJ20: =AJ4+AJ12 -> #REF! | AK20: =AK4+AK12 -> #REF! | AL20: =AL4+AL12 -> #REF! | AM20: =AM4+AM12 -> #REF! | AN20: =AN4+AN12 -> #REF! | AO20: =AO4+AO12 -> #REF! | ... AS20: =AS4+AS12 -> #REF! | AT20: =SUM(AH20:AS20) -> #REF!
E21: a | F21: b | H21: c | J21: d | K21: e=c/a | L21: f=c/b | M21: g=d/c | R21: Kpl.Grk | S21: =S5+S13 -> #REF! | T21: =T5+T13 -> #REF! | U21: =U5+U13 -> #REF! | V21: =V5+V13 -> #REF! | W21: =W5+W13 -> #REF! | X21: =X5+X13 -> #REF! | Y21: =Y5+Y13 -> #REF! | Z21: =Z5+Z13 -> #REF! | ... AD21: =AD5+AD13 -> #REF! | AE21: =SUM(S21:AD21) -> #REF! | AH21: =AH5+AH13 -> #REF! | AI21: =AI5+AI13 -> #REF! | AJ21: =AJ5+AJ13 -> #REF! | AK21: =AK5+AK13 -> #REF! | AL21: =AL5+AL13 -> #REF! | AM21: =AM5+AM13 -> #REF! | AN21: =AN5+AN13 -> #REF! | AO21: =AO5+AO13 -> #REF! | ... AS21: =AS5+AS13 -> #REF! | AT21: =SUM(AH21:AS21) -> #REF!
B22: Derum IKPP | C22: Pandu | D22: Kpl Grk | E22: 5775542903 | F22: 6.0918612e+09 | G22: 5334422376 | H22: ='PANDU IKPP'!$O$76 -> 3.108918e+09 | I22: 5660490824 | J22: ='PANDU IKPP'!$AI$76 -> 3.2307889e+09 | K22: =H22/E22 -> 0.53829018 | L22: =H22/F22 -> 0.5103396 | M22: =J22/H22 -> 1.0392004 | N22: 3079864506 | O22: 3.1722604e+09 | R22: GT.Kpl.Grk | S22: =S6+S14 -> #REF! | T22: =T6+T14 -> #REF! | U22: =U6+U14 -> #REF! | V22: =V6+V14 -> #REF! | W22: =W6+W14 -> #REF! | X22: =X6+X14 -> #REF! | Y22: =Y6+Y14 -> #REF! | Z22: =Z6+Z14 -> #REF! | ... AD22: =AD6+AD14 -> #REF! | AE22: =SUM(S22:AD22) -> #REF! | AH22: =AH6+AH14 -> #REF! | AI22: =AI6+AI14 -> #REF! | AJ22: =AJ6+AJ14 -> #REF! | AK22: =AK6+AK14 -> #REF! | AL22: =AL6+AL14 -> #REF! | AM22: =AM6+AM14 -> #REF! | AN22: =AN6+AN14 -> #REF! | AO22: =AO6+AO14 -> #REF! | ... AS22: =AS6+AS14 -> #REF! | AT22: =SUM(AH22:AS22) -> #REF!
C23: Tunda | D23: GT Kpl Grk | E23: 41905655605 | F23: 4.2072104e+10 | G23: 41271499059 | H23: ='TUNDA IKPP'!Q193 -> 2.1797647e+10 | I23: 43686249040 | J23: ='TUNDA IKPP'!AN193 -> 2.2451534e+10 | K23: =H23/E23 -> 0.52016003 | L23: =H23/F23 -> 0.51810214 | M23: =J23/H23 -> 1.029998 | N23: 21797589609 | O23: 2.2451517e+10 | Q23: TUNDA | R23: Call | S23: =S7+S15 -> #REF! | T23: =T7+T15 -> #REF! | U23: =U7+U15 -> #REF! | V23: =V7+V15 -> #REF! | W23: =W7+W15 -> #REF! | X23: =X7+X15 -> #REF! | Y23: =Y7+Y15 -> #REF! | Z23: =Z7+Z15 -> #REF! | ... AD23: =AD7+AD15 -> #REF! | AE23: =SUM(S23:AD23) -> #REF! | AH23: =AH7+AH15 -> #REF! | AI23: =AI7+AI15 -> #REF! | AJ23: =AJ7+AJ15 -> #REF! | AK23: =AK7+AK15 -> #REF! | AL23: =AL7+AL15 -> #REF! | AM23: =AM7+AM15 -> #REF! | AN23: =AN7+AN15 -> #REF! | AO23: =AO7+AO15 -> #REF! | ... AS23: =AS7+AS15 -> #REF! | AT23: =SUM(AH23:AS23) -> #REF!
C24: Tambat | D24: GT Etmal | H24: ='TAMBAT-IKPP'!Q71 -> 3.5155087e+10 | J24: ='TAMBAT-IKPP'!AJ71 -> 3.6117986e+10 | K24: =H24/E24 -> #DIV/0! | L24: =H24/F24 -> #DIV/0! | M24: =J24/H24 -> 1.02739 | N24: 32406736806 | O24: 3.4578939e+10
B25: Total | E25: =SUM(E22:E24) -> 47681198508 | F25: =SUM(F22:F24) -> 4.8163966e+10 | G25: =SUM(G22:G24) -> 46605921435 | H25: =SUM(H22:H24) -> 6.0061652e+10 | I25: =SUM(I22:I24) -> 49346739864 | J25: =SUM(J22:J24) -> 6.1800308e+10 | K25: =F25/E25 -> 1.0101249 | L25: =H25/F25 -> 1.2470246 | M25: =H25/F25 -> 1.2470246 | N25: =SUM(N22:N24) -> 57284190921 | O25: =SUM(O22:O24) -> 6.0202717e+10 | R25: GT Kpl Jam | S25: =S10+S18 -> #REF! | T25: =T10+T18 -> #REF! | U25: =U10+U18 -> #REF! | V25: =V10+V18 -> #REF! | W25: =W10+W18 -> #REF! | X25: =X10+X18 -> #REF! | Y25: =Y10+Y18 -> #REF! | Z25: =Z10+Z18 -> #REF! | ... AD25: =AD10+AD18 -> #REF! | AE25: =SUM(S25:AD25) -> #REF! | AH25: =AH10+AH18 -> #REF! | AI25: =AI10+AI18 -> #REF! | AJ25: =AJ10+AJ18 -> #REF! | AK25: =AK10+AK18 -> #REF! | AL25: =AL10+AL18 -> #REF! | AM25: =AM10+AM18 -> #REF! | AN25: =AN10+AN18 -> #REF! | AO25: =AO10+AO18 -> #REF! | ... AS25: =AS10+AS18 -> #REF! | AT25: =SUM(AH25:AS25) -> #REF!
B28: Pendapatan Pelayanan Kapal Ciwandan
B29: Area | C29: Layanan | D29: Satuan | E29: Realisasi 2024 | F29: RKAP 2025 | G29: Prog Cabang | H29: PROGNOSA 2026 | I29: RKAP 2026 | J29: RKAP 2027
E30: a | F30: b | H30: c | J30: d | K30: e=c/a | L30: f=c/b | M30: g=d/c
B31: Derum BTN | C31: Pandu | D31: Kpl Grk | E31: 5775542903 | F31: 6.0918612e+09 | G31: 5334422376 | H31: ='PANDU CWD'!$O$76 -> 4.1450588e+09 | I31: 5660490824 | J31: ='PANDU CWD'!$AI$76 -> 5199880926 | K31: =H31/E31 -> 0.71769163 | L31: =H31/F31 -> 0.68042568 | M31: =J31/H31 -> 1.254477 | N31: 3246407572 | O31: 3.3389433e+09 | S31: 3.3389433e+09
C32: Tunda | D32: GT Kpl Grk | E32: 41905655605 | F32: 4.2072104e+10 | G32: 41271499059 | H32: ='TUNDA CWD'!Q193 -> 2.3573621e+10 | I32: 43686249040 | J32: ='TUNDA CWD'!AN193 -> 3.0388832e+10 | K32: =H32/E32 -> 0.56254033 | L32: =H32/F32 -> 0.56031477 | M32: =J32/H32 -> 1.2891033 | N32: 2.5190008e+10 | O32: 2.578175e+10 | S32: 2.578175e+10
C33: Tambat | D33: GT Etmal | H33: ='TAMBAT CWD'!O70 -> 4.2265746e+10 | J33: ='TAMBAT CWD'!AF70 -> 4.5970215e+10 | K33: =H33/E33 -> #DIV/0! | L33: =H33/F33 -> #DIV/0! | M33: =J33/H33 -> 1.0876471 | N33: 42162843914 | O33: 4.5969518e+10 | S33: 4.5969518e+10
B34: Total | E34: =SUM(E31:E33) -> 47681198508 | F34: =SUM(F31:F33) -> 4.8163966e+10 | G34: =SUM(G31:G33) -> 46605921435 | H34: =SUM(H31:H33) -> 6.9984426e+10 | I34: =SUM(I31:I33) -> 49346739864 | J34: =SUM(J31:J33) -> 8.1558928e+10 | K34: =F34/E34 -> 1.0101249 | L34: =H34/F34 -> 1.4530454 | M34: =H34/F34 -> 1.4530454 | N34: =SUM(N31:N33) -> 7.0599259e+10 | O34: =SUM(O31:O33) -> 7.5090211e+10
B37: Pendapatan Pelayanan Kapal Bojonegara
B38: Area | C38: Layanan | D38: Satuan | E38: Realisasi 2024 | F38: RKAP 2025 | G38: Prog Cabang | H38: PROGNOSA 2026 | I38: RKAP 2026 | J38: RKAP 2027
E39: a | F39: b | H39: c | J39: d | K39: e=c/a | L39: f=c/b | M39: g=d/c
B40: Derum BJN | C40: Pandu | D40: Kpl Grk | E40: 5775542903 | F40: 6.0918612e+09 | G40: 5334422376 | H40: ='PANDU CWD'!$O$76 -> 4.1450588e+09 | I40: 5660490824 | J40: ='PANDU IKPP'!$AI$76 -> 3.2307889e+09 | K40: =H40/E40 -> 0.71769163 | L40: =H40/F40 -> 0.68042568 | M40: =J40/H40 -> 0.77943138 | N40: 82537327 | O40: 85977012
C41: Tunda | D41: GT Kpl Grk | E41: 41905655605 | F41: 4.2072104e+10 | G41: 41271499059 | H41: ='TUNDA CWD'!Q202 -> 17604695 | I41: 43686249040 | J41: ='TUNDA CWD'!AN202 -> 20247698 | K41: =H41/E41 -> 0.00042010309 | L41: =H41/F41 -> 0.00041844105 | M41: =J41/H41 -> 1.1501306 | N41: 7.7886407e+08 | O41: 8.1194765e+08
C42: Tambat | D42: GT Etmal | H42: ='TAMBAT CWD'!O79 -> 0 | J42: ='TAMBAT CWD'!AF79 -> 0 | K42: =H42/E42 -> #DIV/0! | L42: =H42/F42 -> #DIV/0! | M42: =J42/H42 -> #DIV/0! | N42: 57034893 | O42: 60770090
B43: Total | E43: =SUM(E40:E42) -> 47681198508 | F43: =SUM(F40:F42) -> 4.8163966e+10 | G43: =SUM(G40:G42) -> 46605921435 | H43: =SUM(H40:H42) -> 4.1626635e+09 | I43: =SUM(I40:I42) -> 49346739864 | J43: =SUM(J40:J42) -> 3.2510366e+09 | K43: =F43/E43 -> 1.0101249 | L43: =H43/F43 -> 0.086426927 | M43: =H43/F43 -> 0.086426927 | N43: =SUM(N40:N42) -> 9.1843629e+08 | O43: =SUM(O40:O42) -> 9.5869475e+08
B46: Pendapatan Pelayanan Kapal PELSUS
B47: Area | C47: Layanan | D47: Satuan | E47: Realisasi 2024 | F47: RKAP 2025 | G47: Prog Cabang | H47: PROGNOSA 2026 | I47: RKAP 2026 | J47: RKAP 2027
E48: a | F48: b | H48: c | J48: d | K48: e=c/a | L48: f=c/b | M48: g=d/c
B49: Derum BJN | C49: Pandu | D49: Kpl Grk | E49: 5775542903 | F49: 6.0918612e+09 | G49: 5334422376 | H49: ='PANDU TUKS'!O101 -> 3.0955639e+10 | I49: 5660490824 | J49: ='PANDU TUKS'!AG101 -> 3.5323284e+10 | K49: =H49/E49 -> 5.3597799 | L49: =H49/F49 -> 5.0814747 | M49: =J49/H49 -> 1.1410937 | N49: 31468906632 | O49: 3.2412974e+10
C50: Tunda | D50: GT Kpl Grk | E50: 41905655605 | F50: 4.2072104e+10 | G50: 41271499059 | H50: ='TUNDA TUKS'!P286 -> 2.0166129e+11 | I50: 43686249040 | J50: ='TUNDA TUKS'!AM286 -> 2.0627429e+11 | K50: =H50/E50 -> 4.812269 | L50: =H50/F50 -> 4.7932304 | M50: =J50/H50 -> 1.022875 | N50: 166860528465 | O50: 1.7186634e+11
B51: Total | E51: =SUM(E49:E50) -> 47681198508 | F51: =SUM(F49:F50) -> 4.8163966e+10 | G51: =SUM(G49:G50) -> 46605921435 | H51: =SUM(H49:H50) -> 2.3261693e+11 | I51: =SUM(I49:I50) -> 49346739864 | J51: =SUM(J49:J50) -> 2.4159757e+11 | K51: =F51/E51 -> 1.0101249 | L51: =H51/F51 -> 4.829688 | M51: =H51/F51 -> 4.829688 | N51: =SUM(N49:N50) -> 198329435097 | O51: =SUM(O49:O50) -> 2.0427932e+11
B54: Keterangan
B55: 1 | C55: Wilayah Banten Memiliki 3 (tiga) BUP yang beroperasi dalam 1 (satu) wilayah wajib Pandu Kelas I;
B56: 2 | C56: Perbandingan Persentase Pendapatan TUKS 80% dan Derum 20%;
B57: 3 | C57: Adanya Kompetitor Pelabuhan Cilgeon Mandiri (PCM) untuk Pelayanan Pemanduan dan Penundaan TUKS untuk Cargo Chemical ;
B58: 4 | C58: Adanya Penurunan Trafik Realisasi 2023 di dermaga umum karena adanya kompetitor KBS yang dapat melayani kegiatan barang umum;
B59: 5 | C59: Berhentinya pengoperasian Kapal Roro Atosim Trayek Banten - Panjang pada bulan September 2023 sampai dengan sekarang.

Sheet TRAFIK
AN1: Produksi Pemanduan 2025 | BE1: Produksi RKAP Pemanduan 2026
A2: No | B2: Uraian | C2: Satuan | D2: Realisasi 2024 | E2: RKAP 2025 | F2: 45658 | G2: 45689 | H2: 45717 | I2: 45748 | J2: 45778 | K2: 45809 | L2: Realisasi sd Juni 25 | M2: 45839 | N2: 45870 | O2: 45901 | P2: 45931 | Q2: 45962 | R2: 45992 | S2: Prognosa 2025 SPJM | T2: Usulan Cab Banten | V2: 46023 | W2: 46054 | X2: 46082 | Y2: 46113 | Z2: 46143 | AA2: 46174 | AB2: 46204 | AC2: 46235 | AD2: 46266 | AE2: 46296 | AF2: 46327 | AG2: 46357 | AH2: RKAP 2026 | AI2: RKAP 2026 SPJM | AJ2: USULAN Cab BTN | AK2: Selisih | AN2: No | AO2: Uraian | AP2: Satuan | AQ2: 45658 | AR2: 45689 | AS2: 45717 | AT2: 45748 | AU2: 45778 | AV2: 45809 | AW2: 45839 | AX2: 45870 | AY2: 45901 | AZ2: 45931 | BA2: 45962 | BB2: 45992 | BC2: Prognosa 2025 | BE2: 46023 | BF2: 46054 | BG2: 46082 | BH2: 46113 | BI2: 46143 | BJ2: 46174 | BK2: 46204 | BL2: 46235 | BM2: 46266 | BN2: 46296 | BO2: 46327 | BP2: 46357 | BQ2: RKAP 2026 | BT2: Area | BU2: Layanan | BV2: Satuan | BW2: Realisasi 2024 | BX2: RKAP 2025 | BY2: Prognosa 2025 | BZ2: RKAP 2026 | CA2: Persentase
A3: 1 | B3: Dermaga Umum | C3: Call | D3: 956 | E3: 956 | F3: =F5+F7 -> 32 | G3: =G5+G7 -> 37 | H3: =H5+H7 -> 159 | I3: =I5+I7 -> 39 | J3: =J5+J7 -> 34 | K3: =K5+K7 -> 37 | L3: =SUM(F3:K3) -> 338 | M3: =M5+M7 -> 35 | N3: =N5+N7 -> 34 | O3: =O5+O7 -> 37 | P3: =P5+P7 -> 43 | Q3: =Q5+Q7 -> 37 | R3: =R5+R7 -> 32 | S3: =SUM(L3:R3) -> 556 | T3: =T5+T7 -> 645 | U3: =S3-T3 -> -89 | V3: =V5+V7 -> 38 | W3: =W5+W7 -> 37 | X3: =X5+X7 -> 177 | Y3: =Y5+Y7 -> 36 | Z3: =Z5+Z7 -> 36 | AA3: =AA5+AA7 -> 33 | AB3: =AB5+AB7 -> 52 | AC3: =AC5+AC7 -> 60 | ... AG3: =AG5+AG7 -> 50 | AH3: =SUM(V3:AG3) -> 680 | AI3: =AI5+AI7 -> 584 | AJ3: =AJ5+AJ7 -> 658 | AK3: =AH3-AJ3 -> 22 | AN3: 1 | AO3: Dermaga Umum | AP3: Grk | AQ3: =AQ5+AQ7 -> 64 | AR3: =AR5+AR7 -> 74 | AS3: =AS5+AS7 -> 318 | AT3: =AT5+AT7 -> 78 | AU3: =AU5+AU7 -> 68 | AV3: =AV5+AV7 -> 74 | AW3: =AW5+AW7 -> 70 | AX3: =AX5+AX7 -> 68 | ... BB3: =BB5+BB7 -> 64 | BC3: =SUM(AQ3:BB3) -> 1112 | BE3: =BE5+BE7 -> 76 | BF3: =BF5+BF7 -> 74 | BG3: =BG5+BG7 -> 354 | BH3: =BH5+BH7 -> 72 | BI3: =BI5+BI7 -> 72 | BJ3: =BJ5+BJ7 -> 66 | BK3: =BK5+BK7 -> 104 | BL3: =BL5+BL7 -> 120 | ... BP3: =BP5+BP7 -> 100 | BQ3: =SUM(BE3:BP3) -> 1360 | BW3: b | BX3: c | BY3: d | BZ3: e | CA3: j=e/d
C4: GT | D4: 6684341 | E4: 6684341 | F4: =F6+F8 -> 263773 | G4: =G6+G8 -> 203390 | H4: =H6+H8 -> 1340528 | I4: =I6+I8 -> 352434.49 | J4: =J6+J8 -> 153376.2 | K4: =K6+K8 -> 331503.44 | L4: =SUM(F4:K4) -> 2645005.1 | M4: =M6+M8 -> 170593.35 | N4: =N6+N8 -> 258839.47 | O4: =O6+O8 -> 185360 | P4: =P6+P8 -> 366087.63 | Q4: =Q6+Q8 -> 172938.65 | R4: =R6+R8 -> 274917.8 | S4: =SUM(L4:R4) -> 4073742 | T4: =T6+T8 -> 4454494 | U4: =S4-T4 -> -380751.96 | V4: =V6+V8 -> 228260 | W4: =W6+W8 -> 164061 | X4: =X6+X8 -> 1393196.2 | Y4: =Y6+Y8 -> 318287 | Z4: =Z6+Z8 -> 126855 | AA4: =AA6+AA8 -> 305794 | AB4: =AB6+AB8 -> 185268 | AC4: =AC6+AC8 -> 285324 | ... AG4: =AG6+AG8 -> 288530 | AH4: =SUM(V4:AG4) -> 4035194.2 | AI4: =AI6+AI8 -> 4277430 | AJ4: =AJ6+AJ8 -> 4543584 | AK4: =AH4-AJ4 -> -508389.77 | AP4: GT Grk | AQ4: =AQ6+AQ8 -> 527546 | AR4: =AR6+AR8 -> 406780 | AS4: =AS6+AS8 -> 2681056 | AT4: =AT6+AT8 -> 704868.97 | AU4: =AU6+AU8 -> 306752.4 | AV4: =AV6+AV8 -> 663006.89 | AW4: =AW6+AW8 -> 341186.7 | AX4: =AX6+AX8 -> 517678.94 | ... BB4: =BB6+BB8 -> 549835.6 | BC4: =SUM(AQ4:BB4) -> 8147484.1 | BE4: =BE6+BE8 -> 456520 | BF4: =BF6+BF8 -> 328122 | BG4: =BG6+BG8 -> 2786392.5 | BH4: =BH6+BH8 -> 636574 | BI4: =BI6+BI8 -> 253710 | BJ4: =BJ6+BJ8 -> 611588 | BK4: =BK6+BK8 -> 370536 | BL4: =BL6+BL8 -> 570648 | ... BP4: =BP6+BP8 -> 577060 | BQ4: =SUM(BE4:BP4) -> 8070388.5 | BT4: Derum | BU4: Pandu | BV4: Kpl Grk | BX4: 6.0918612e+09 | BY4: ='PANDU IKPP'!O76 -> 3.108918e+09 | CA4: =BZ4/BY4 -> 0
B5: Kapal International | C5: Call | D5: 176 | E5: 181 | F5: ='PANDU IKPP'!C89 -> 7 | G5: ='PANDU IKPP'!D89 -> 7 | H5: ='PANDU IKPP'!E89 -> 11 | I5: ='PANDU IKPP'!F89 -> 11 | J5: ='PANDU IKPP'!G89 -> 9 | K5: ='PANDU IKPP'!H89 -> 11 | L5: =SUM(F5:K5) -> 56 | M5: ='PANDU IKPP'!I89 -> 11 | N5: ='PANDU IKPP'!J89 -> 8 | O5: ='PANDU IKPP'!K89 -> 10 | P5: ='PANDU IKPP'!L89 -> 13 | Q5: ='PANDU IKPP'!M89 -> 10 | R5: ='PANDU IKPP'!N89 -> 9 | S5: =SUM(L5:R5) -> 117 | T5: 171 | U5: =S5-T5 -> -54 | V5: ='PANDU IKPP'!W89 -> 14 | W5: ='PANDU IKPP'!X89 -> 11 | X5: ='PANDU IKPP'!Y89 -> 6 | Y5: ='PANDU IKPP'!Z89 -> 8 | Z5: ='PANDU IKPP'!AA89 -> 7 | AA5: ='PANDU IKPP'!AB89 -> 7 | AB5: ='PANDU IKPP'!AC89 -> 11 | AC5: ='PANDU IKPP'!AD89 -> 14 | ... AG5: ='PANDU IKPP'!AH89 -> 11 | AH5: =SUM(V5:AG5) -> 120 | AI5: =ROUNDUP(S5*1.05,) -> 123 | AJ5: 175 | AK5: =AH5-AJ5 -> -55 | AM5: =AH5/S5 -> 1.025641 | AO5: Kapal Internatinal | AP5: Grk | AQ5: ='PANDU IKPP'!C95 -> 14 | AR5: ='PANDU IKPP'!D95 -> 14 | AS5: ='PANDU IKPP'!E95 -> 22 | AT5: ='PANDU IKPP'!F95 -> 22 | AU5: ='PANDU IKPP'!G95 -> 18 | AV5: ='PANDU IKPP'!H95 -> 22 | AW5: ='PANDU IKPP'!I95 -> 22 | AX5: ='PANDU IKPP'!J95 -> 16 | ... BB5: ='PANDU IKPP'!N95 -> 18 | BC5: =SUM(AQ5:BB5) -> 234 | BE5: ='PANDU IKPP'!W95 -> 28 | BF5: ='PANDU IKPP'!X95 -> 22 | BG5: ='PANDU IKPP'!Y95 -> 12 | BH5: ='PANDU IKPP'!Z95 -> 16 | BI5: ='PANDU IKPP'!AA95 -> 14 | BJ5: ='PANDU IKPP'!AB95 -> 14 | BK5: ='PANDU IKPP'!AC95 -> 22 | BL5: ='PANDU IKPP'!AD95 -> 28 | ... BP5: ='PANDU IKPP'!AH95 -> 22 | BQ5: =SUM(BE5:BP5) -> 240 | BU5: Tunda | BV5: GT Kpl Grk | BX5: 4.2072104e+10 | BY5: ='TUNDA IKPP'!Q193 -> 2.1797647e+10 | CA5: =BZ5/BY5 -> 0
C6: GT | D6: 3767313 | E6: 3604494 | F6: ='PANDU IKPP'!C90 -> 178208 | G6: ='PANDU IKPP'!D90 -> 95130 | H6: ='PANDU IKPP'!E90 -> 195082 | I6: ='PANDU IKPP'!F90 -> 260667.29 | J6: ='PANDU IKPP'!G90 -> 61990.5 | K6: ='PANDU IKPP'!H90 -> 225244.44 | L6: =SUM(F6:K6) -> 1016322.2 | M6: ='PANDU IKPP'!I90 -> 88988.25 | N6: ='PANDU IKPP'!J90 -> 163603.22 | O6: ='PANDU IKPP'!K90 -> 79456 | P6: ='PANDU IKPP'!L90 -> 267885.33 | Q6: ='PANDU IKPP'!M90 -> 71522.75 | R6: ='PANDU IKPP'!N90 -> 184923.67 | S6: =SUM(L6:R6) -> 1872701.5 | T6: 3386829 | U6: =S6-T6 -> -1514127.5 | V6: ='PANDU IKPP'!W90 -> 182605 | W6: ='PANDU IKPP'!X90 -> 95130 | X6: ='PANDU IKPP'!Y90 -> 195082 | Y6: ='PANDU IKPP'!Z90 -> 260668 | Z6: ='PANDU IKPP'!AA90 -> 61991 | AA6: ='PANDU IKPP'!AB90 -> 225246 | AB6: ='PANDU IKPP'!AC90 -> 88989 | AC6: ='PANDU IKPP'!AD90 -> 163604 | ... AG6: ='PANDU IKPP'!AH90 -> 184924 | AH6: =SUM(V6:AG6) -> 1877104 | AI6: =ROUNDUP(S6*1.05,) -> 1966337 | AJ6: 3454566 | AK6: =AH6-AJ6 -> -1577462 | AM6: =AH6/S6 -> 1.0023509 | AP6: GT Grk | AQ6: ='PANDU IKPP'!C96 -> 356416 | AR6: ='PANDU IKPP'!D96 -> 190260 | AS6: ='PANDU IKPP'!E96 -> 390164 | AT6: ='PANDU IKPP'!F96 -> 521334.57 | AU6: ='PANDU IKPP'!G96 -> 123981 | AV6: ='PANDU IKPP'!H96 -> 450488.89 | AW6: ='PANDU IKPP'!I96 -> 177976.5 | AX6: ='PANDU IKPP'!J96 -> 327206.44 | ... BB6: ='PANDU IKPP'!N96 -> 369847.33 | BC6: =SUM(AQ6:BB6) -> 3745402.9 | BE6: ='PANDU IKPP'!W96 -> 365210 | BF6: ='PANDU IKPP'!X96 -> 190260 | BG6: ='PANDU IKPP'!Y96 -> 390164 | BH6: ='PANDU IKPP'!Z96 -> 521336 | BI6: ='PANDU IKPP'!AA96 -> 123982 | BJ6: ='PANDU IKPP'!AB96 -> 450492 | BK6: ='PANDU IKPP'!AC96 -> 177978 | BL6: ='PANDU IKPP'!AD96 -> 327208 | ... BP6: ='PANDU IKPP'!AH96 -> 369848 | BQ6: =SUM(BE6:BP6) -> 3754208 | BT6: Pelsus | BU6: Pandu | BV6: Kpl Grk | BX6: 2.2944131e+10 | BY6: =#REF! -> #REF! | CA6: =BZ6/BY6 -> #REF!
B7: Kapal Domestik | C7: Call | D7: 691 | E7: 775 | F7: ='PANDU IKPP'!C91 -> 25 | G7: ='PANDU IKPP'!D91 -> 30 | H7: ='PANDU IKPP'!E91 -> 148 | I7: ='PANDU IKPP'!F91 -> 28 | J7: ='PANDU IKPP'!G91 -> 25 | K7: ='PANDU IKPP'!H91 -> 26 | L7: =SUM(F7:K7) -> 282 | M7: ='PANDU IKPP'!I91 -> 24 | N7: ='PANDU IKPP'!J91 -> 26 | O7: ='PANDU IKPP'!K91 -> 27 | P7: ='PANDU IKPP'!L91 -> 30 | Q7: ='PANDU IKPP'!M91 -> 27 | R7: ='PANDU IKPP'!N91 -> 23 | S7: =SUM(L7:R7) -> 439 | T7: 474 | U7: =S7-T7 -> -35 | V7: ='PANDU IKPP'!W91 -> 24 | W7: ='PANDU IKPP'!X91 -> 26 | X7: ='PANDU IKPP'!Y91 -> 171 | Y7: ='PANDU IKPP'!Z91 -> 28 | Z7: ='PANDU IKPP'!AA91 -> 29 | AA7: ='PANDU IKPP'!AB91 -> 26 | AB7: ='PANDU IKPP'!AC91 -> 41 | AC7: ='PANDU IKPP'!AD91 -> 46 | ... AG7: ='PANDU IKPP'!AH91 -> 39 | AH7: =SUM(V7:AG7) -> 560 | AI7: =ROUNDUP(S7*1.05,) -> 461 | AJ7: 483 | AK7: =AH7-AJ7 -> 77 | AM7: =AH7/S7 -> 1.2756264 | AO7: Kapal Domestik | AP7: Grk | AQ7: ='PANDU IKPP'!C97 -> 50 | AR7: ='PANDU IKPP'!D97 -> 60 | AS7: ='PANDU IKPP'!E97 -> 296 | AT7: ='PANDU IKPP'!F97 -> 56 | AU7: ='PANDU IKPP'!G97 -> 50 | AV7: ='PANDU IKPP'!H97 -> 52 | AW7: ='PANDU IKPP'!I97 -> 48 | AX7: ='PANDU IKPP'!J97 -> 52 | ... BB7: ='PANDU IKPP'!N97 -> 46 | BC7: =SUM(AQ7:BB7) -> 878 | BE7: ='PANDU IKPP'!W97 -> 48 | BF7: ='PANDU IKPP'!X97 -> 52 | BG7: ='PANDU IKPP'!Y97 -> 342 | BH7: ='PANDU IKPP'!Z97 -> 56 | BI7: ='PANDU IKPP'!AA97 -> 58 | BJ7: ='PANDU IKPP'!AB97 -> 52 | BK7: ='PANDU IKPP'!AC97 -> 82 | BL7: ='PANDU IKPP'!AD97 -> 92 | ... BP7: ='PANDU IKPP'!AH97 -> 78 | BQ7: =SUM(BE7:BP7) -> 1120 | BU7: Tunda | BV7: GT Kpl Grk | BX7: 1.4604073e+11 | BY7: =#REF! -> #REF! | CA7: =BZ7/BY7 -> #REF!
C8: GT | D8: 2531383 | E8: 3079847 | F8: ='PANDU IKPP'!C92 -> 85565 | G8: ='PANDU IKPP'!D92 -> 108260 | H8: ='PANDU IKPP'!E92 -> 1145446 | I8: ='PANDU IKPP'!F92 -> 91767.2 | J8: ='PANDU IKPP'!G92 -> 91385.7 | K8: ='PANDU IKPP'!H92 -> 106259 | L8: =SUM(F8:K8) -> 1628682.9 | M8: ='PANDU IKPP'!I92 -> 81605.1 | N8: ='PANDU IKPP'!J92 -> 95236.25 | O8: ='PANDU IKPP'!K92 -> 105904 | P8: ='PANDU IKPP'!L92 -> 98202.3 | Q8: ='PANDU IKPP'!M92 -> 101415.9 | R8: ='PANDU IKPP'!N92 -> 89994.133 | S8: =SUM(L8:R8) -> 2201040.6 | T8: 1067665 | U8: =S8-T8 -> 1133375.6 | V8: ='PANDU IKPP'!W92 -> 45655 | W8: ='PANDU IKPP'!X92 -> 68931 | X8: ='PANDU IKPP'!Y92 -> 1198114.2 | Y8: ='PANDU IKPP'!Z92 -> 57619 | Z8: ='PANDU IKPP'!AA92 -> 64864 | AA8: ='PANDU IKPP'!AB92 -> 80548 | AB8: ='PANDU IKPP'!AC92 -> 96279 | AC8: ='PANDU IKPP'!AD92 -> 121720 | ... AG8: ='PANDU IKPP'!AH92 -> 103606 | AH8: =SUM(V8:AG8) -> 2158090.2 | AI8: =ROUNDUP(S8*1.05,) -> 2311093 | AJ8: 1089018 | AK8: =AH8-AJ8 -> 1069072.2 | AM8: =AH8/S8 -> 0.98048634 | AP8: GT Grk | AQ8: ='PANDU IKPP'!C98 -> 171130 | AR8: ='PANDU IKPP'!D98 -> 216520 | AS8: ='PANDU IKPP'!E98 -> 2290892 | AT8: ='PANDU IKPP'!F98 -> 183534.4 | AU8: ='PANDU IKPP'!G98 -> 182771.4 | AV8: ='PANDU IKPP'!H98 -> 212518 | AW8: ='PANDU IKPP'!I98 -> 163210.2 | AX8: ='PANDU IKPP'!J98 -> 190472.5 | ... BB8: ='PANDU IKPP'!N98 -> 179988.27 | BC8: =SUM(AQ8:BB8) -> 4402081.2 | BE8: ='PANDU IKPP'!W98 -> 91310 | BF8: ='PANDU IKPP'!X98 -> 137862 | BG8: ='PANDU IKPP'!Y98 -> 2396228.5 | BH8: ='PANDU IKPP'!Z98 -> 115238 | BI8: ='PANDU IKPP'!AA98 -> 129728 | BJ8: ='PANDU IKPP'!AB98 -> 161096 | BK8: ='PANDU IKPP'!AC98 -> 192558 | BL8: ='PANDU IKPP'!AD98 -> 243440 | ... BP8: ='PANDU IKPP'!AH98 -> 207212 | BQ8: =SUM(BE8:BP8) -> 4316180.5 | BT8: Total | BW8: =SUM(BW4:BW7) -> 0 | BX8: =SUM(BX4:BX7) -> 2.1714883e+11 | BY8: =SUM(BY4:BY7) -> #REF! | BZ8: =SUM(BZ4:BZ7) -> 0 | CA8: =BZ8/BY8 -> #REF!
A9: 2 | B9: Non Dermaga Umum | C9: Call | D9: 4077 | E9: 4077 | F9: =F11+F13 -> #REF! | G9: =G11+G13 -> #REF! | H9: =H11+H13 -> #REF! | I9: =I11+I13 -> #REF! | J9: =J11+J13 -> #REF! | K9: =K11+K13 -> #REF! | L9: =SUM(F9:K9) -> #REF! | M9: =M11+M13 -> #REF! | N9: =N11+N13 -> #REF! | O9: =O11+O13 -> #REF! | P9: =P11+P13 -> #REF! | Q9: =Q11+Q13 -> #REF! | R9: =R11+R13 -> #REF! | S9: =SUM(L9:R9) -> #REF! | T9: =T11+T13 -> 4014 | U9: =S9-T9 -> #REF! | V9: =V11+V13 -> #REF! | W9: =W11+W13 -> #REF! | X9: =X11+X13 -> #REF! | Y9: =Y11+Y13 -> #REF! | Z9: =Z11+Z13 -> #REF! | AA9: =AA11+AA13 -> #REF! | AB9: =AB11+AB13 -> #REF! | AC9: =AC11+AC13 -> #REF! | ... AG9: =AG11+AG13 -> #REF! | AH9: =SUM(V9:AG9) -> #REF! | AI9: =AI11+AI13 -> 4829 | AJ9: =AJ11+AJ13 -> 4138 | AK9: =AH9-AJ9 -> #REF! | AN9: 2 | AO9: Non Dermaga Umum | AP9: Grk | AQ9: =AQ11+AQ13 -> #REF! | AR9: =AR11+AR13 -> #REF! | AS9: =AS11+AS13 -> #REF! | AT9: =AT11+AT13 -> #REF! | AU9: =AU11+AU13 -> #REF! | AV9: =AV11+AV13 -> #REF! | AW9: =AW11+AW13 -> #REF! | AX9: =AX11+AX13 -> #REF! | ... BB9: =BB11+BB13 -> #REF! | BC9: =SUM(AQ9:BB9) -> #REF! | BE9: =BE11+BE13 -> #REF! | BF9: =BF11+BF13 -> #REF! | BG9: =BG11+BG13 -> #REF! | BH9: =BH11+BH13 -> #REF! | BI9: =BI11+BI13 -> #REF! | BJ9: =BJ11+BJ13 -> #REF! | BK9: =BK11+BK13 -> #REF! | BL9: =BL11+BL13 -> #REF! | ... BP9: =BP11+BP13 -> #REF! | BQ9: =SUM(BE9:BP9) -> #REF!
C10: GT | D10: 33847643 | E10: 33847643 | F10: =F12+F14 -> #REF! | G10: =G12+G14 -> #REF! | H10: =H12+H14 -> #REF! | I10: =I12+I14 -> #REF! | J10: =J12+J14 -> #REF! | K10: =K12+K14 -> #REF! | L10: =SUM(F10:K10) -> #REF! | M10: =M12+M14 -> #REF! | N10: =N12+N14 -> #REF! | O10: =O12+O14 -> #REF! | P10: =P12+P14 -> #REF! | Q10: =Q12+Q14 -> #REF! | R10: =R12+R14 -> #REF! | S10: =SUM(L10:R10) -> #REF! | T10: =T12+T14 -> 32803344 | U10: =S10-T10 -> #REF! | V10: =V12+V14 -> #REF! | W10: =W12+W14 -> #REF! | X10: =X12+X14 -> #REF! | Y10: =Y12+Y14 -> #REF! | Z10: =Z12+Z14 -> #REF! | AA10: =AA12+AA14 -> #REF! | AB10: =AB12+AB14 -> #REF! | AC10: =AC12+AC14 -> #REF! | ... AG10: =AG12+AG14 -> #REF! | AH10: =SUM(V10:AG10) -> #REF! | AI10: =AI12+AI14 -> 36416093 | AJ10: =AJ12+AJ14 -> 33502821 | AK10: =AH10-AJ10 -> #REF! | AP10: GT Grk | AQ10: =AQ12+AQ14 -> #REF! | AR10: =AR12+AR14 -> #REF! | AS10: =AS12+AS14 -> #REF! | AT10: =AT12+AT14 -> #REF! | AU10: =AU12+AU14 -> #REF! | AV10: =AV12+AV14 -> #REF! | AW10: =AW12+AW14 -> #REF! | AX10: =AX12+AX14 -> #REF! | ... BB10: =BB12+BB14 -> #REF! | BC10: =SUM(AQ10:BB10) -> #REF! | BE10: =BE12+BE14 -> #REF! | BF10: =BF12+BF14 -> #REF! | BG10: =BG12+BG14 -> #REF! | BH10: =BH12+BH14 -> #REF! | BI10: =BI12+BI14 -> #REF! | BJ10: =BJ12+BJ14 -> #REF! | BK10: =BK12+BK14 -> #REF! | BL10: =BL12+BL14 -> #REF! | ... BP10: =BP12+BP14 -> #REF! | BQ10: =SUM(BE10:BP10) -> #REF!
B11: Kapal International | C11: Call | D11: 565 | E11: 647 | F11: =#REF! -> #REF! | G11: =#REF! -> #REF! | H11: =#REF! -> #REF! | I11: =#REF! -> #REF! | J11: =#REF! -> #REF! | K11: =#REF! -> #REF! | L11: =SUM(F11:K11) -> #REF! | M11: =#REF! -> #REF! | N11: =#REF! -> #REF! | O11: =#REF! -> #REF! | P11: =#REF! -> #REF! | Q11: =#REF! -> #REF! | R11: =#REF! -> #REF! | S11: =SUM(L11:R11) -> #REF! | T11: 465 | U11: =S11-T11 -> #REF! | V11: =#REF! -> #REF! | W11: =#REF! -> #REF! | X11: =#REF! -> #REF! | Y11: =#REF! -> #REF! | Z11: =#REF! -> #REF! | AA11: =#REF! -> #REF! | AB11: =#REF! -> #REF! | AC11: =#REF! -> #REF! | ... AG11: =#REF! -> #REF! | AH11: =SUM(V11:AG11) -> #REF! | AI11: 510 | AJ11: 477 | AK11: =AH11-AJ11 -> #REF! | AM11: =AH11/S11 -> #REF! | AO11: Kapal Internatinal | AP11: Grk | AQ11: =#REF! -> #REF! | AR11: =#REF! -> #REF! | AS11: =#REF! -> #REF! | AT11: =#REF! -> #REF! | AU11: =#REF! -> #REF! | AV11: =#REF! -> #REF! | AW11: =#REF! -> #REF! | AX11: =#REF! -> #REF! | ... BB11: =#REF! -> #REF! | BC11: =SUM(AQ11:BB11) -> #REF! | BE11: =#REF! -> #REF! | BF11: =#REF! -> #REF! | BG11: =#REF! -> #REF! | BH11: =#REF! -> #REF! | BI11: =#REF! -> #REF! | BJ11: =#REF! -> #REF! | BK11: =#REF! -> #REF! | BL11: =#REF! -> #REF! | ... BP11: =#REF! -> #REF! | BQ11: =SUM(BE11:BP11) -> #REF!
C12: GT | D12: 10589676 | E12: 11590437 | F12: =#REF! -> #REF! | G12: =#REF! -> #REF! | H12: =#REF! -> #REF! | I12: =#REF! -> #REF! | J12: =#REF! -> #REF! | K12: =#REF! -> #REF! | L12: =SUM(F12:K12) -> #REF! | M12: =#REF! -> #REF! | N12: =#REF! -> #REF! | O12: =#REF! -> #REF! | P12: =#REF! -> #REF! | Q12: =#REF! -> #REF! | R12: =#REF! -> #REF! | S12: =SUM(L12:R12) -> #REF! | T12: 8681997 | U12: =S12-T12 -> #REF! | V12: =#REF! -> #REF! | W12: =#REF! -> #REF! | X12: =#REF! -> #REF! | Y12: =#REF! -> #REF! | Z12: =#REF! -> #REF! | AA12: =#REF! -> #REF! | AB12: =#REF! -> #REF! | AC12: =#REF! -> #REF! | ... AG12: =#REF! -> #REF! | AH12: =SUM(V12:AG12) -> #REF! | AI12: 9643550.7 | AJ12: 8899047 | AK12: =AH12-AJ12 -> #REF! | AM12: =AH12/S12 -> #REF! | AP12: GT Grk | AQ12: =#REF! -> #REF! | AR12: =#REF! -> #REF! | AS12: =#REF! -> #REF! | AT12: =#REF! -> #REF! | AU12: =#REF! -> #REF! | AV12: =#REF! -> #REF! | AW12: =#REF! -> #REF! | AX12: =#REF! -> #REF! | ... BB12: =#REF! -> #REF! | BC12: =SUM(AQ12:BB12) -> #REF! | BE12: =#REF! -> #REF! | BF12: =#REF! -> #REF! | BG12: =#REF! -> #REF! | BH12: =#REF! -> #REF! | BI12: =#REF! -> #REF! | BJ12: =#REF! -> #REF! | BK12: =#REF! -> #REF! | BL12: =#REF! -> #REF! | ... BP12: =#REF! -> #REF! | BQ12: =SUM(BE12:BP12) -> #REF!
B13: Kapal Domestik | C13: Call | D13: 2645 | E13: 3430 | F13: =#REF! -> #REF! | G13: =#REF! -> #REF! | H13: =#REF! -> #REF! | I13: =#REF! -> #REF! | J13: =#REF! -> #REF! | K13: =#REF! -> #REF! | L13: =SUM(F13:K13) -> #REF! | M13: =#REF! -> #REF! | N13: =#REF! -> #REF! | O13: =#REF! -> #REF! | P13: =#REF! -> #REF! | Q13: =#REF! -> #REF! | R13: =#REF! -> #REF! | S13: =SUM(L13:R13) -> #REF! | T13: 3549 | U13: =S13-T13 -> #REF! | V13: =#REF! -> #REF! | W13: =#REF! -> #REF! | X13: =#REF! -> #REF! | Y13: =#REF! -> #REF! | Z13: =#REF! -> #REF! | AA13: =#REF! -> #REF! | AB13: =#REF! -> #REF! | AC13: =#REF! -> #REF! | ... AG13: =#REF! -> #REF! | AH13: =SUM(V13:AG13) -> #REF! | AI13: 4319 | AJ13: 3661 | AK13: =AH13-AJ13 -> #REF! | AM13: =AH13/S13 -> #REF! | AO13: Kapal Domestik | AP13: Grk | AQ13: =#REF! -> #REF! | AR13: =#REF! -> #REF! | AS13: =#REF! -> #REF! | AT13: =#REF! -> #REF! | AU13: =#REF! -> #REF! | AV13: =#REF! -> #REF! | AW13: =#REF! -> #REF! | AX13: =#REF! -> #REF! | ... BB13: =#REF! -> #REF! | BC13: =SUM(AQ13:BB13) -> #REF! | BE13: =#REF! -> #REF! | BF13: =#REF! -> #REF! | BG13: =#REF! -> #REF! | BH13: =#REF! -> #REF! | BI13: =#REF! -> #REF! | BJ13: =#REF! -> #REF! | BK13: =#REF! -> #REF! | BL13: =#REF! -> #REF! | ... BP13: =#REF! -> #REF! | BQ13: =SUM(BE13:BP13) -> #REF!
C14: GT | D14: 22782533 | E14: 22257206 | F14: =#REF! -> #REF! | G14: =#REF! -> #REF! | H14: =#REF! -> #REF! | I14: =#REF! -> #REF! | J14: =#REF! -> #REF! | K14: =#REF! -> #REF! | L14: =SUM(F14:K14) -> #REF! | M14: =#REF! -> #REF! | N14: =#REF! -> #REF! | O14: =#REF! -> #REF! | P14: =#REF! -> #REF! | Q14: =#REF! -> #REF! | R14: =#REF! -> #REF! | S14: =SUM(L14:R14) -> #REF! | T14: 24121347 | U14: =S14-T14 -> #REF! | V14: =#REF! -> #REF! | W14: =#REF! -> #REF! | X14: =#REF! -> #REF! | Y14: =#REF! -> #REF! | Z14: =#REF! -> #REF! | AA14: =#REF! -> #REF! | AB14: =#REF! -> #REF! | AC14: =#REF! -> #REF! | ... AG14: =#REF! -> #REF! | AH14: =SUM(V14:AG14) -> #REF! | AI14: 26772542 | AJ14: 24603774 | AK14: =AH14-AJ14 -> #REF! | AM14: =AH14/S14 -> #REF! | AP14: GT Grk | AQ14: =#REF! -> #REF! | AR14: =#REF! -> #REF! | AS14: =#REF! -> #REF! | AT14: =#REF! -> #REF! | AU14: =#REF! -> #REF! | AV14: =#REF! -> #REF! | AW14: =#REF! -> #REF! | AX14: =#REF! -> #REF! | ... BB14: =#REF! -> #REF! | BC14: =SUM(AQ14:BB14) -> #REF! | BE14: =#REF! -> #REF! | BF14: =#REF! -> #REF! | BG14: =#REF! -> #REF! | BH14: =#REF! -> #REF! | BI14: =#REF! -> #REF! | BJ14: =#REF! -> #REF! | BK14: =#REF! -> #REF! | BL14: =#REF! -> #REF! | ... BP14: =#REF! -> #REF! | BQ14: =SUM(BE14:BP14) -> #REF!
A15: TOTAL | C15: Call | D15: 5033 | E15: 5033 | F15: =F3+F9 -> #REF! | G15: =G3+G9 -> #REF! | H15: =H3+H9 -> #REF! | I15: =I3+I9 -> #REF! | J15: =J3+J9 -> #REF! | K15: =K3+K9 -> #REF! | L15: =SUM(F15:K15) -> #REF! | M15: =M3+M9 -> #REF! | N15: =N3+N9 -> #REF! | O15: =O3+O9 -> #REF! | P15: =P3+P9 -> #REF! | Q15: =Q3+Q9 -> #REF! | R15: =R3+R9 -> #REF! | S15: =SUM(L15:R15) -> #REF! | T15: 4659 | U15: =S15-T15 -> #REF! | V15: =V3+V9 -> #REF! | W15: =W3+W9 -> #REF! | X15: =X3+X9 -> #REF! | Y15: =Y3+Y9 -> #REF! | Z15: =Z3+Z9 -> #REF! | AA15: =AA3+AA9 -> #REF! | AB15: =AB3+AB9 -> #REF! | AC15: =AC3+AC9 -> #REF! | ... AG15: =AG3+AG9 -> #REF! | AH15: =SUM(V15:AG15) -> #REF! | AI15: =AI3+AI9 -> 5413 | AJ15: =AJ3+AJ9 -> 4796 | AK15: =AH15-AJ15 -> #REF! | AN15: TOTAL | AP15: Call | AQ15: =AQ3+AQ9 -> #REF! | AR15: =AR3+AR9 -> #REF! | AS15: =AS3+AS9 -> #REF! | AT15: =AT3+AT9 -> #REF! | AU15: =AU3+AU9 -> #REF! | AV15: =AV3+AV9 -> #REF! | AW15: =AW3+AW9 -> #REF! | AX15: =AX3+AX9 -> #REF! | ... BC15: =BC3+BC9 -> #REF! | BE15: =BE3+BE9 -> #REF! | BF15: =BF3+BF9 -> #REF! | BG15: =BG3+BG9 -> #REF! | BH15: =BH3+BH9 -> #REF! | BI15: =BI3+BI9 -> #REF! | BJ15: =BJ3+BJ9 -> #REF! | BK15: =BK3+BK9 -> #REF! | BL15: =BL3+BL9 -> #REF! | ... BQ15: =BQ3+BQ9 -> #REF!
C16: GT | D16: 40531984 | E16: 40531984 | F16: =F4+F10 -> #REF! | G16: =G4+G10 -> #REF! | H16: =H4+H10 -> #REF! | I16: =I4+I10 -> #REF! | J16: =J4+J10 -> #REF! | K16: =K4+K10 -> #REF! | L16: =SUM(F16:K16) -> #REF! | M16: =M4+M10 -> #REF! | N16: =N4+N10 -> #REF! | O16: =O4+O10 -> #REF! | P16: =P4+P10 -> #REF! | Q16: =Q4+Q10 -> #REF! | R16: =R4+R10 -> #REF! | S16: =SUM(L16:R16) -> #REF! | T16: 37257838 | U16: =S16-T16 -> #REF! | V16: =V4+V10 -> #REF! | W16: =W4+W10 -> #REF! | X16: =X4+X10 -> #REF! | Y16: =Y4+Y10 -> #REF! | Z16: =Z4+Z10 -> #REF! | AA16: =AA4+AA10 -> #REF! | AB16: =AB4+AB10 -> #REF! | AC16: =AC4+AC10 -> #REF! | ... AG16: =AG4+AG10 -> #REF! | AH16: =SUM(V16:AG16) -> #REF! | AI16: =AI4+AI10 -> 40693523 | AJ16: =AJ4+AJ10 -> 38046405 | AK16: =AH16-AJ16 -> #REF! | AP16: GT | AQ16: =AQ4+AQ10 -> #REF! | AR16: =AR4+AR10 -> #REF! | AS16: =AS4+AS10 -> #REF! | AT16: =AT4+AT10 -> #REF! | AU16: =AU4+AU10 -> #REF! | AV16: =AV4+AV10 -> #REF! | AW16: =AW4+AW10 -> #REF! | AX16: =AX4+AX10 -> #REF! | ... BC16: =BC4+BC10 -> #REF! | BE16: =BE4+BE10 -> #REF! | BF16: =BF4+BF10 -> #REF! | BG16: =BG4+BG10 -> #REF! | BH16: =BH4+BH10 -> #REF! | BI16: =BI4+BI10 -> #REF! | BJ16: =BJ4+BJ10 -> #REF! | BK16: =BK4+BK10 -> #REF! | BL16: =BL4+BL10 -> #REF! | ... BQ16: =BQ4+BQ10 -> #REF!
E19: angleb | L19: Real smster 1 | S19: realisasi smt 2 | T19: prog 2025
E20: 130 | L20: 231 | S20: 280 | T20: =E20+L20+S20 -> 641
E21: 1068034 | L21: 534267 | S21: 787092 | T21: =E21+L21+S21 -> 2389393 | AN21: Produksi Penundaan 2025 | BE21: Produksi RKAP Penundaan 2026
AN22: No | AO22: Uraian | AP22: Satuan | AQ22: 45658 | AR22: 45689 | AS22: 45717 | AT22: 45748 | AU22: 45778 | AV22: 45809 | AW22: 45839 | AX22: 45870 | AY22: 45901 | AZ22: 45931 | BA22: 45962 | BB22: 45992 | BC22: Prognosa 2025 | BE22: 46023 | BF22: 46054 | BG22: 46082 | BH22: 46113 | BI22: 46143 | BJ22: 46174 | BK22: 46204 | BL22: 46235 | BM22: 46266 | BN22: 46296 | BO22: 46327 | BP22: 46357 | BQ22: RKAP 2026
L23: =L11*2 -> #REF! | AH23: 510 | AN23: 1 | AO23: Dermaga Umum | AP23: Kpl.Jam | AQ23: =AQ25+AQ27 -> 154.9856 | AR23: =AR25+AR27 -> 179.2021 | AS23: =AS25+AS27 -> 140.4557 | AT23: =AT25+AT27 -> 188.8887 | AU23: =AU25+AU27 -> 164.6722 | AV23: =AV25+AV27 -> 179.2021 | AW23: =AW25+AW27 -> 169.5155 | AX23: =AX25+AX27 -> 164.6722 | ... BB23: =BB25+BB27 -> 154.9856 | BC23: =SUM(AQ23:BB23) -> 2063.2458 | BE23: =BE25+BE27 -> 173.90096 | BF23: =BF25+BF27 -> 169.32462 | BG23: =BG25+BG27 -> 169.32462 | BH23: =BH25+BH27 -> 164.74828 | BI23: =BI25+BI27 -> 164.74828 | BJ23: =BJ25+BJ27 -> 151.01925 | BK23: =BK25+BK27 -> 237.96973 | BL23: =BL25+BL27 -> 274.58046 | ... BP23: =BP25+BP27 -> 228.81705 | BQ23: =SUM(BE23:BP23) -> 2471.2241
L24: =L12*2 -> #REF! | AH24: =S12*1.05 -> #REF! | AP24: GT Kpl.Jam | AQ24: =AQ26+AQ28 -> 1277531.8 | AR24: =AR26+AR28 -> 985078.79 | AS24: =AS26+AS28 -> 1319770.2 | AT24: =AT26+AT28 -> 1706945.9 | AU24: =AU26+AU28 -> 742846.95 | AV24: =AV26+AV28 -> 1605570.6 | AW24: =AW26+AW28 -> 826234.77 | AX24: =AX26+AX28 -> 1253637.2 | ... BB24: =BB26+BB28 -> 1331509.4 | BC24: =SUM(AQ24:BB24) -> 14557546 | BE24: =BE26+BE28 -> 1044595.6 | BF24: =BF26+BF28 -> 750799.08 | BG24: =BG26+BG28 -> 1300065.3 | BH24: =BH26+BH28 -> 1456589.8 | BI24: =BI26+BI28 -> 580531.74 | BJ24: =BJ26+BJ28 -> 1399417.6 | BK24: =BK26+BK28 -> 847849.54 | BL24: =BL26+BL28 -> 1305739.9 | ... BP24: =BP26+BP28 -> 1320411.7 | BQ24: =SUM(BE24:BP24) -> 13390749
L25: =L13*2 -> #REF! | AH25: 4319 | AO25: Kapal Internatinal | AP25: Kpl.Jam | AQ25: ='TUNDA IKPP'!E211 -> 33.9031 | AR25: ='TUNDA IKPP'!F211 -> 33.9031 | AS25: ='TUNDA IKPP'!G211 -> 53.2763 | AT25: ='TUNDA IKPP'!H211 -> 53.2763 | AU25: ='TUNDA IKPP'!I211 -> 43.5897 | AV25: ='TUNDA IKPP'!J211 -> 53.2763 | AW25: ='TUNDA IKPP'!K211 -> 53.2763 | AX25: ='TUNDA IKPP'!L211 -> 38.7464 | ... BB25: ='TUNDA IKPP'!P211 -> 43.5897 | BC25: =SUM(AQ25:BB25) -> 566.6661 | BE25: ='TUNDA IKPP'!AB211 -> 64.068774 | BF25: ='TUNDA IKPP'!AC211 -> 50.339751 | BG25: ='TUNDA IKPP'!AD211 -> 27.458046 | BH25: ='TUNDA IKPP'!AE211 -> 36.610728 | BI25: ='TUNDA IKPP'!AF211 -> 32.034387 | BJ25: ='TUNDA IKPP'!AG211 -> 32.034387 | BK25: ='TUNDA IKPP'!AH211 -> 50.339751 | BL25: ='TUNDA IKPP'!AI211 -> 64.068774 | ... BP25: ='TUNDA IKPP'!AM211 -> 50.339751 | BQ25: =SUM(BE25:BP25) -> 549.16092
L26: =L14*2 -> #REF! | AH26: =S14*1.05 -> #REF! | AP26: GT Kpl.Jam | AQ26: ='TUNDA IKPP'!E212 -> 863114.81 | AR26: ='TUNDA IKPP'!F212 -> 460743.13 | AS26: ='TUNDA IKPP'!G212 -> 944840.65 | AT26: ='TUNDA IKPP'!H212 -> 1262489.9 | AU26: ='TUNDA IKPP'!I212 -> 300238.59 | AV26: ='TUNDA IKPP'!J212 -> 1090926.4 | AW26: ='TUNDA IKPP'!K212 -> 430996.79 | AX26: ='TUNDA IKPP'!L212 -> 792379.49 | ... BB26: ='TUNDA IKPP'!P212 -> 895640.79 | BC26: =SUM(AQ26:BB26) -> 9070054.9 | BE26: ='TUNDA IKPP'!AB212 -> 835662.75 | BF26: ='TUNDA IKPP'!AC212 -> 435347.32 | BG26: ='TUNDA IKPP'!AD212 -> 892761.75 | BH26: ='TUNDA IKPP'!AE212 -> 1192905.7 | BI26: ='TUNDA IKPP'!AF212 -> 283691.95 | BJ26: ='TUNDA IKPP'!AG212 -> 1030802.5 | BK26: ='TUNDA IKPP'!AH212 -> 407244.01 | BL26: ='TUNDA IKPP'!AI212 -> 748707.69 | ... BP26: ='TUNDA IKPP'!AM212 -> 846275.28 | BQ26: =SUM(BE26:BP26) -> 8590268
AO27: Kapal Domestik | AP27: Kpl.Jam | AQ27: ='TUNDA IKPP'!E213 -> 121.0825 | AR27: ='TUNDA IKPP'!F213 -> 145.299 | AS27: ='TUNDA IKPP'!G213 -> 87.1794 | AT27: ='TUNDA IKPP'!H213 -> 135.6124 | AU27: ='TUNDA IKPP'!I213 -> 121.0825 | AV27: ='TUNDA IKPP'!J213 -> 125.9258 | AW27: ='TUNDA IKPP'!K213 -> 116.2392 | AX27: ='TUNDA IKPP'!L213 -> 125.9258 | ... BB27: ='TUNDA IKPP'!P213 -> 111.3959 | BC27: =SUM(AQ27:BB27) -> 1496.5797 | BE27: ='TUNDA IKPP'!AB213 -> 109.83218 | BF27: ='TUNDA IKPP'!AC213 -> 118.98487 | BG27: ='TUNDA IKPP'!AD213 -> 141.86657 | BH27: ='TUNDA IKPP'!AE213 -> 128.13755 | BI27: ='TUNDA IKPP'!AF213 -> 132.71389 | BJ27: ='TUNDA IKPP'!AG213 -> 118.98487 | BK27: ='TUNDA IKPP'!AH213 -> 187.62998 | BL27: ='TUNDA IKPP'!AI213 -> 210.51169 | ... BP27: ='TUNDA IKPP'!AM213 -> 178.4773 | BQ27: =SUM(BE27:BP27) -> 1922.0632
E28: =S8*1.05 -> 2311092.6 | AP28: GT Kpl.Jam | AQ28: ='TUNDA IKPP'!E214 -> 414416.96 | AR28: ='TUNDA IKPP'!F214 -> 524335.66 | AS28: ='TUNDA IKPP'!G214 -> 374929.54 | AT28: ='TUNDA IKPP'!H214 -> 444456.08 | AU28: ='TUNDA IKPP'!I214 -> 442608.36 | AV28: ='TUNDA IKPP'!J214 -> 514644.21 | AW28: ='TUNDA IKPP'!K214 -> 395237.98 | AX28: ='TUNDA IKPP'!L214 -> 461257.73 | ... BB28: ='TUNDA IKPP'!P214 -> 435868.59 | BC28: =SUM(AQ28:BB28) -> 5487490.8 | BE28: ='TUNDA IKPP'!AB214 -> 208932.85 | BF28: ='TUNDA IKPP'!AC214 -> 315451.76 | BG28: ='TUNDA IKPP'!AD214 -> 407303.5 | BH28: ='TUNDA IKPP'!AE214 -> 263684.19 | BI28: ='TUNDA IKPP'!AF214 -> 296839.78 | BJ28: ='TUNDA IKPP'!AG214 -> 368615.11 | BK28: ='TUNDA IKPP'!AH214 -> 440605.54 | BL28: ='TUNDA IKPP'!AI214 -> 557032.23 | ... BP28: ='TUNDA IKPP'!AM214 -> 474136.39 | BQ28: =SUM(BE28:BP28) -> 4800481
L29: =L6*2.3 -> 2337541.1 | AN29: 2 | AO29: Non Dermaga Umum | AP29: Kpl.Jam | AQ29: =AQ31+AQ33 -> #REF! | AR29: =AR31+AR33 -> #REF! | AS29: =AS31+AS33 -> #REF! | AT29: =AT31+AT33 -> #REF! | AU29: =AU31+AU33 -> #REF! | AV29: =AV31+AV33 -> #REF! | AW29: =AW31+AW33 -> #REF! | AX29: =AX31+AX33 -> #REF! | ... BB29: =BB31+BB33 -> #REF! | BC29: =SUM(AQ29:BB29) -> #REF! | BE29: =BE31+BE33 -> #REF! | BF29: =BF31+BF33 -> #REF! | BG29: =BG31+BG33 -> #REF! | BH29: =BH31+BH33 -> #REF! | BI29: =BI31+BI33 -> #REF! | BJ29: =BJ31+BJ33 -> #REF! | BK29: =BK31+BK33 -> #REF! | BL29: =BL31+BL33 -> #REF! | ... BP29: =BP31+BP33 -> #REF! | BQ29: =SUM(BE29:BP29) -> #REF!
AP30: GT Kpl.Jam | AQ30: =AQ32+AQ34 -> #REF! | AR30: =AR32+AR34 -> #REF! | AS30: =AS32+AS34 -> #REF! | AT30: =AT32+AT34 -> #REF! | AU30: =AU32+AU34 -> #REF! | AV30: =AV32+AV34 -> #REF! | AW30: =AW32+AW34 -> #REF! | AX30: =AX32+AX34 -> #REF! | ... BB30: =BB32+BB34 -> #REF! | BC30: =SUM(AQ30:BB30) -> #REF! | BE30: =BE32+BE34 -> #REF! | BF30: =BF32+BF34 -> #REF! | BG30: =BG32+BG34 -> #REF! | BH30: =BH32+BH34 -> #REF! | BI30: =BI32+BI34 -> #REF! | BJ30: =BJ32+BJ34 -> #REF! | BK30: =BK32+BK34 -> #REF! | BL30: =BL32+BL34 -> #REF! | ... BP30: =BP32+BP34 -> #REF! | BQ30: =SUM(BE30:BP30) -> #REF!
AO31: Kapal Internatinal | AP31: Kpl.Jam | AQ31: =#REF! -> #REF! | AR31: =#REF! -> #REF! | AS31: =#REF! -> #REF! | AT31: =#REF! -> #REF! | AU31: =#REF! -> #REF! | AV31: =#REF! -> #REF! | AW31: =#REF! -> #REF! | AX31: =#REF! -> #REF! | ... BB31: =#REF! -> #REF! | BC31: =SUM(AQ31:BB31) -> #REF! | BE31: =#REF! -> #REF! | BF31: =#REF! -> #REF! | BG31: =#REF! -> #REF! | BH31: =#REF! -> #REF! | BI31: =#REF! -> #REF! | BJ31: =#REF! -> #REF! | BK31: =#REF! -> #REF! | BL31: =#REF! -> #REF! | ... BP31: =#REF! -> #REF! | BQ31: =SUM(BE31:BP31) -> #REF!
AP32: GT Kpl.Jam | AQ32: =#REF! -> #REF! | AR32: =#REF! -> #REF! | AS32: =#REF! -> #REF! | AT32: =#REF! -> #REF! | AU32: =#REF! -> #REF! | AV32: =#REF! -> #REF! | AW32: =#REF! -> #REF! | AX32: =#REF! -> #REF! | ... BB32: =#REF! -> #REF! | BC32: =SUM(AQ32:BB32) -> #REF! | BE32: =#REF! -> #REF! | BF32: =#REF! -> #REF! | BG32: =#REF! -> #REF! | BH32: =#REF! -> #REF! | BI32: =#REF! -> #REF! | BJ32: =#REF! -> #REF! | BK32: =#REF! -> #REF! | BL32: =#REF! -> #REF! | ... BP32: =#REF! -> #REF! | BQ32: =SUM(BE32:BP32) -> #REF!
AO33: Kapal Domestik | AP33: Kpl.Jam | AQ33: =#REF! -> #REF! | AR33: =#REF! -> #REF! | AS33: =#REF! -> #REF! | AT33: =#REF! -> #REF! | AU33: =#REF! -> #REF! | AV33: =#REF! -> #REF! | AW33: =#REF! -> #REF! | AX33: =#REF! -> #REF! | ... BB33: =#REF! -> #REF! | BC33: =SUM(AQ33:BB33) -> #REF! | BE33: =#REF! -> #REF! | BF33: =#REF! -> #REF! | BG33: =#REF! -> #REF! | BH33: =#REF! -> #REF! | BI33: =#REF! -> #REF! | BJ33: =#REF! -> #REF! | BK33: =#REF! -> #REF! | BL33: =#REF! -> #REF! | ... BP33: =#REF! -> #REF! | BQ33: =SUM(BE33:BP33) -> #REF!
AP34: GT Kpl.Jam | AQ34: =#REF! -> #REF! | AR34: =#REF! -> #REF! | AS34: =#REF! -> #REF! | AT34: =#REF! -> #REF! | AU34: =#REF! -> #REF! | AV34: =#REF! -> #REF! | AW34: =#REF! -> #REF! | AX34: =#REF! -> #REF! | ... BB34: =#REF! -> #REF! | BC34: =SUM(AQ34:BB34) -> #REF! | BE34: =#REF! -> #REF! | BF34: =#REF! -> #REF! | BG34: =#REF! -> #REF! | BH34: =#REF! -> #REF! | BI34: =#REF! -> #REF! | BJ34: =#REF! -> #REF! | BK34: =#REF! -> #REF! | BL34: =#REF! -> #REF! | ... BP34: =#REF! -> #REF! | BQ34: =SUM(BE34:BP34) -> #REF!
AN35: TOTAL | AP35: Call | AQ35: =AQ23+AQ29 -> #REF! | AR35: =AR23+AR29 -> #REF! | AS35: =AS23+AS29 -> #REF! | AT35: =AT23+AT29 -> #REF! | AU35: =AU23+AU29 -> #REF! | AV35: =AV23+AV29 -> #REF! | AW35: =AW23+AW29 -> #REF! | AX35: =AX23+AX29 -> #REF! | ... BC35: =BC23+BC29 -> #REF! | BE35: =BE23+BE29 -> #REF! | BF35: =BF23+BF29 -> #REF! | BG35: =BG23+BG29 -> #REF! | BH35: =BH23+BH29 -> #REF! | BI35: =BI23+BI29 -> #REF! | BJ35: =BJ23+BJ29 -> #REF! | BK35: =BK23+BK29 -> #REF! | BL35: =BL23+BL29 -> #REF! | ... BQ35: =BQ23+BQ29 -> #REF!
AP36: GT | AQ36: =AQ24+AQ30 -> #REF! | AR36: =AR24+AR30 -> #REF! | AS36: =AS24+AS30 -> #REF! | AT36: =AT24+AT30 -> #REF! | AU36: =AU24+AU30 -> #REF! | AV36: =AV24+AV30 -> #REF! | AW36: =AW24+AW30 -> #REF! | AX36: =AX24+AX30 -> #REF! | ... BC36: =BC24+BC30 -> #REF! | BE36: =BE24+BE30 -> #REF! | BF36: =BF24+BF30 -> #REF! | BG36: =BG24+BG30 -> #REF! | BH36: =BH24+BH30 -> #REF! | BI36: =BI24+BI30 -> #REF! | BJ36: =BJ24+BJ30 -> #REF! | BK36: =BK24+BK30 -> #REF! | BL36: =BL24+BL30 -> #REF! | ... BQ36: =BQ24+BQ30 -> #REF!

Sheet PRODUKSI
A1: Pemanduan
A2: No | B2: Uraian | C2: Satuan | D2: 45292 | E2: 45323 | F2: 45352 | G2: 45383 | H2: 45413 | I2: Realisasi sd Mei 24 | J2: 45444 | K2: 45474 | L2: 45505 | M2: 45536 | N2: 45566 | O2: 45597 | P2: 45627 | Q2: Prognosa 2024 | R2: 45658 | S2: 45689 | T2: 45717 | U2: 45748 | V2: 45778 | W2: 45809 | X2: 45839 | Y2: 45870 | Z2: 45901 | AA2: 45931 | AB2: 45962 | AC2: 45992 | AD2: RKAP 2025 | AF2: No | AG2: Uraian | AH2: Satuan | AI2: 45292 | AJ2: 45323 | AK2: 45352 | AL2: 45383 | AM2: 45413 | AN2: Realisasi sd Mei 24 | AO2: 45444 | AP2: 45474 | AQ2: 45505 | AR2: 45536 | AS2: 45566 | AT2: 45597 | AU2: 45627 | AV2: Prognosa 2024 | AW2: 45658 | AX2: 45689 | AY2: 45717 | AZ2: 45748 | BA2: 45778 | BB2: 45809 | BC2: 45839 | BD2: 45870 | BE2: 45901 | BF2: 45931 | BG2: 45962 | BH2: 45992 | BI2: RKAP 2025
A3: 1 | B3: Dermaga Umum | C3: Call | D3: =D5+D7 -> 144 | E3: =E5+E7 -> 112 | F3: =F5+F7 -> 126 | G3: =G5+G7 -> 360 | H3: =H5+H7 -> 126 | I3: =SUM(D3:H3) -> 868 | J3: =J5+J7 -> 90.272049 | K3: =K5+K7 -> 171.08047 | L3: =L5+L7 -> 207.34202 | M3: =M5+M7 -> 186.19841 | N3: =N5+N7 -> 172.34014 | O3: =O5+O7 -> 205.28077 | P3: =P5+P7 -> 170.77462 | Q3: =SUM(I3:P3) -> 2071.2885 | R3: =R5+R7 -> 76 | S3: =S5+S7 -> 74 | T3: =T5+T7 -> 354 | U3: =U5+U7 -> 72 | V3: =V5+V7 -> 72 | W3: =W5+W7 -> 66 | X3: =X5+X7 -> 104 | Y3: =Y5+Y7 -> 120 | ... AC3: =AC5+AC7 -> 100 | AD3: =SUM(R3:AC3) -> 1360 | AF3: 1 | AG3: Dermaga Umum | AH3: Call | AI3: 72 | AJ3: 58 | AK3: 63 | AL3: 182 | AM3: 63 | AN3: 438 | AO3: 45.136024 | AP3: 85.540233 | AQ3: 103.67101 | AR3: 93.099203 | AS3: 86.170068 | AT3: 102.64039 | AU3: 85.387311 | AV3: 1039.6442 | AW3: 73.44 | AX3: 57.12 | AY3: 64.26 | AZ3: 183.6 | BA3: 64.26 | BB3: 46.038745 | BC3: 87.251037 | BD3: 105.74443 | BE3: 94.961187 | BF3: 87.89347 | BG3: 104.6932 | BH3: 87.095057 | BI3: 1056.3571
C4: GT | D4: =D6+D8 -> 930284 | E4: =E6+E8 -> 861602 | F4: =F6+F8 -> 1053226 | G4: =G6+G8 -> 2764490 | H4: =H6+H8 -> 909596 | I4: =SUM(D4:H4) -> 6519198 | J4: =J6+J8 -> 297965.54 | K4: =K6+K8 -> 801075.41 | L4: =L6+L8 -> 983732.17 | M4: =M6+M8 -> 867671.25 | N4: =N6+N8 -> 884537.12 | O4: =O6+O8 -> 947673.3 | P4: =P6+P8 -> 763956.9 | Q4: =SUM(I4:P4) -> 12065810 | R4: =R6+R8 -> 456520 | S4: =S6+S8 -> 328122 | T4: =T6+T8 -> 2786392.5 | U4: =U6+U8 -> 636574 | V4: =V6+V8 -> 253710 | W4: =W6+W8 -> 611588 | X4: =X6+X8 -> 370536 | Y4: =Y6+Y8 -> 570648 | ... AC4: =AC6+AC8 -> 577060 | AD4: =SUM(R4:AC4) -> 8070388.5 | AH4: GT | AI4: 465142 | AJ4: 434175 | AK4: 526613 | AL4: 1383182 | AM4: 454798 | AN4: 3263910 | AO4: 148982.77 | AP4: 400537.71 | AQ4: 491866.08 | AR4: 433835.63 | AS4: 442268.56 | AT4: 473836.65 | AU4: 381978.45 | AV4: 6037215.8 | AW4: 474444.84 | AX4: 439417.02 | AY4: 537145.26 | AZ4: 1409889.9 | BA4: 463893.96 | BB4: 151962.42 | BC4: 408548.46 | BD4: 501703.41 | BE4: 442512.34 | BF4: 451113.93 | BG4: 483313.38 | BH4: 389618.02 | BI4: 6153562.9
B5: Kapal Internatinal | C5: Call | D5: 32 | E5: 30 | F5: 32 | G5: 16 | H5: 28 | I5: =SUM(D5:H5) -> 138 | J5: 11.236279 | K5: 38.383334 | L5: 42.247731 | M5: 39.056492 | N5: 39.450554 | O5: 40.078305 | P5: 32.970545 | Q5: =SUM(I5:P5) -> 381.42324 | R5: ='PANDU IKPP'!W95 -> 28 | S5: ='PANDU IKPP'!X95 -> 22 | T5: ='PANDU IKPP'!Y95 -> 12 | U5: ='PANDU IKPP'!Z95 -> 16 | V5: ='PANDU IKPP'!AA95 -> 14 | W5: ='PANDU IKPP'!AB95 -> 14 | X5: ='PANDU IKPP'!AC95 -> 22 | Y5: ='PANDU IKPP'!AD95 -> 28 | ... AC5: ='PANDU IKPP'!AH95 -> 22 | AD5: =SUM(R5:AC5) -> 240 | AG5: Kapal Internatinal | AH5: Call | AI5: 16 | AJ5: 17 | AK5: 16 | AL5: 10 | AM5: 14 | AN5: 73 | AO5: 5.6181396 | AP5: 19.191667 | AQ5: 21.123865 | AR5: 19.528246 | AS5: 19.725277 | AT5: 20.039153 | AU5: 16.485273 | AV5: 194.71162 | AW5: 16.32 | AX5: 15.3 | AY5: 16.32 | AZ5: 8.16 | BA5: 14.28 | BB5: 5.7305024 | BC5: 19.5755 | BD5: 21.546343 | BE5: 19.918811 | BF5: 20.119783 | BG5: 20.439936 | BH5: 16.814978 | BI5: 194.52585
C6: GT | D6: 621990 | E6: 659680 | F6: 878958 | G6: 248600 | H6: 669776 | I6: =SUM(D6:H6) -> 3079004 | J6: 166638.2 | K6: 558411.67 | L6: 689394.71 | M6: 584049.09 | N6: 637165.72 | O6: 654026.11 | P6: 532706.07 | Q6: =SUM(I6:P6) -> 6901395.6 | R6: ='PANDU IKPP'!W96 -> 365210 | S6: ='PANDU IKPP'!X96 -> 190260 | T6: ='PANDU IKPP'!Y96 -> 390164 | U6: ='PANDU IKPP'!Z96 -> 521336 | V6: ='PANDU IKPP'!AA96 -> 123982 | W6: ='PANDU IKPP'!AB96 -> 450492 | X6: ='PANDU IKPP'!AC96 -> 177978 | Y6: ='PANDU IKPP'!AD96 -> 327208 | ... AC6: ='PANDU IKPP'!AH96 -> 369848 | AD6: =SUM(R6:AC6) -> 3754208 | AH6: GT | AI6: 310995 | AJ6: 333214 | AK6: 439479 | AL6: 125237 | AM6: 334888 | AN6: 1543813 | AO6: 83319.099 | AP6: 279205.84 | AQ6: 344697.36 | AR6: 292024.55 | AS6: 318582.86 | AT6: 327013.05 | AU6: 266353.03 | AV6: 3455008.8 | AW6: 317214.9 | AX6: 336436.8 | AY6: 448268.58 | AZ6: 126786 | BA6: 341585.76 | BB6: 84985.481 | BC6: 284789.95 | BD6: 351591.3 | BE6: 297865.04 | BF6: 324954.52 | BG6: 333553.32 | BH6: 271680.09 | BI6: 3519711.7
B7: Kapal Domestik | C7: Call | D7: 112 | E7: 82 | F7: 94 | G7: 344 | H7: 98 | I7: =SUM(D7:H7) -> 730 | J7: 79.035769 | K7: 132.69713 | L7: 165.09429 | M7: 147.14191 | N7: 132.88958 | O7: 165.20247 | P7: 137.80408 | Q7: =SUM(I7:P7) -> 1689.8652 | R7: ='PANDU IKPP'!W97 -> 48 | S7: ='PANDU IKPP'!X97 -> 52 | T7: ='PANDU IKPP'!Y97 -> 342 | U7: ='PANDU IKPP'!Z97 -> 56 | V7: ='PANDU IKPP'!AA97 -> 58 | W7: ='PANDU IKPP'!AB97 -> 52 | X7: ='PANDU IKPP'!AC97 -> 82 | Y7: ='PANDU IKPP'!AD97 -> 92 | ... AC7: ='PANDU IKPP'!AH97 -> 78 | AD7: =SUM(R7:AC7) -> 1120 | AG7: Kapal Domestik | AH7: Call | AI7: 56 | AJ7: 41 | AK7: 47 | AL7: 172 | AM7: 49 | AN7: 365 | AO7: 39.517885 | AP7: 66.348566 | AQ7: 82.547144 | AR7: 73.570957 | AS7: 66.444791 | AT7: 82.601235 | AU7: 68.902038 | AV7: 844.93261 | AW7: 57.12 | AX7: 41.82 | AY7: 47.94 | AZ7: 175.44 | BA7: 49.98 | BB7: 40.308242 | BC7: 67.675537 | BD7: 84.198087 | BE7: 75.042376 | BF7: 67.773687 | BG7: 84.253259 | BH7: 70.280079 | BI7: 861.83127
C8: GT | D8: 308294 | E8: 201922 | F8: 174268 | G8: 2515890 | H8: 239820 | I8: =SUM(D8:H8) -> 3440194 | J8: 131327.34 | K8: 242663.74 | L8: 294337.46 | M8: 283622.16 | N8: 247371.4 | O8: 293647.19 | P8: 231250.83 | Q8: =SUM(I8:P8) -> 5164414.1 | R8: ='PANDU IKPP'!W98 -> 91310 | S8: ='PANDU IKPP'!X98 -> 137862 | T8: ='PANDU IKPP'!Y98 -> 2396228.5 | U8: ='PANDU IKPP'!Z98 -> 115238 | V8: ='PANDU IKPP'!AA98 -> 129728 | W8: ='PANDU IKPP'!AB98 -> 161096 | X8: ='PANDU IKPP'!AC98 -> 192558 | Y8: ='PANDU IKPP'!AD98 -> 243440 | ... AC8: ='PANDU IKPP'!AH98 -> 207212 | AD8: =SUM(R8:AC8) -> 4316180.5 | AH8: GT | AI8: 154147 | AJ8: 100961 | AK8: 87134 | AL8: 1257945 | AM8: 119910 | AN8: 1720097 | AO8: 65663.67 | AP8: 121331.87 | AQ8: 147168.73 | AR8: 141811.08 | AS8: 123685.7 | AT8: 146823.6 | AU8: 115625.42 | AV8: 2582207.1 | AW8: 157229.94 | AX8: 102980.22 | AY8: 88876.68 | AZ8: 1283103.9 | BA8: 122308.2 | BB8: 66976.943 | BC8: 123758.51 | BD8: 150112.1 | BE8: 144647.3 | BF8: 126159.41 | BG8: 149760.07 | BH8: 117937.93 | BI8: 2633851.2
A9: 2 | B9: Non Dermaga Umum | C9: Call | D9: =D11+D13 -> 584 | E9: =E11+E13 -> 500 | F9: =F11+F13 -> 554 | G9: =G11+G13 -> 516 | H9: =H11+H13 -> 528 | I9: =SUM(D9:H9) -> 2682 | J9: =J11+J13 -> 510 | K9: =K11+K13 -> 546 | L9: =L11+L13 -> 682 | M9: =M11+M13 -> 734 | N9: =N11+N13 -> 702 | O9: =O11+O13 -> 692 | P9: =P11+P13 -> 736 | Q9: =SUM(I9:P9) -> 7284 | R9: =R11+R13 -> #REF! | S9: =S11+S13 -> #REF! | T9: =T11+T13 -> #REF! | U9: =U11+U13 -> #REF! | V9: =V11+V13 -> #REF! | W9: =W11+W13 -> #REF! | X9: =X11+X13 -> #REF! | Y9: =Y11+Y13 -> #REF! | ... AC9: =AC11+AC13 -> #REF! | AD9: =SUM(R9:AC9) -> #REF! | AF9: 2 | AG9: Non Dermaga Umum | AH9: Call | AI9: 292 | AJ9: 250 | AK9: 277 | AL9: 258 | AM9: 264 | AN9: 1341 | AO9: 255 | AP9: 252 | AQ9: 323.17494 | AR9: 349.02572 | AS9: 332.80451 | AT9: 328.37651 | AU9: 340.25558 | AV9: 3521.6373 | AW9: 340.76 | AX9: 297.5 | AY9: 325.31 | AZ9: 305.74 | BA9: 311.92 | BB9: 302.65 | BC9: 299.56 | BD9: 372.87019 | BE9: 399.49649 | BF9: 382.78864 | BG9: 378.22781 | BH9: 390.46324 | BI9: 4107.2864
C10: GT | D10: =D12+D14 -> 5436210 | E10: =E12+E14 -> 5151824 | F10: =F12+F14 -> 7183242 | G10: =G12+G14 -> 5487022 | H10: =H12+H14 -> 5263868 | I10: =SUM(D10:H10) -> 28522166 | J10: =J12+J14 -> 3491642.9 | K10: =K12+K14 -> 2680531.8 | L10: =L12+L14 -> 2246908.7 | M10: =M12+M14 -> 2671101.6 | N10: =N12+N14 -> 2521303.4 | O10: =O12+O14 -> 2623993.8 | P10: =P12+P14 -> 2587389.5 | Q10: =SUM(I10:P10) -> 47345038 | R10: =R12+R14 -> #REF! | S10: =S12+S14 -> #REF! | T10: =T12+T14 -> #REF! | U10: =U12+U14 -> #REF! | V10: =V12+V14 -> #REF! | W10: =W12+W14 -> #REF! | X10: =X12+X14 -> #REF! | Y10: =Y12+Y14 -> #REF! | ... AC10: =AC12+AC14 -> #REF! | AD10: =SUM(R10:AC10) -> #REF! | AH10: GT | AI10: 2718105 | AJ10: 2575912 | AK10: 3591621 | AL10: 2743511 | AM10: 2631934 | AN10: 14261083 | AO10: 2594157 | AP10: 2512076 | AQ10: 2332269 | AR10: 2541234.6 | AS10: 2290931.1 | AT10: 2431265.3 | AU10: 2445923.6 | AV10: 31408940 | AW10: 3044657.2 | AX10: 2898198.4 | AY10: 3932533.2 | AZ10: 3070825.4 | BA10: 2955901.1 | BB10: 2981634.5 | BC10: 2497316.9 | BD10: 2647246.1 | BE10: 2862480.6 | BF10: 2604668 | BG10: 2749212.3 | BH10: 2764310.3 | BI10: 35008984
B11: Kapal Internatinal | C11: Call | D11: 106 | E11: 92 | F11: 126 | G11: 82 | H11: 80 | I11: =SUM(D11:H11) -> 486 | J11: 84 | K11: 98 | L11: 118 | M11: 112 | N11: 120 | O11: 106 | P11: 128 | Q11: =SUM(I11:P11) -> 1252 | R11: =#REF! -> #REF! | S11: =#REF! -> #REF! | T11: =#REF! -> #REF! | U11: =#REF! -> #REF! | V11: =#REF! -> #REF! | W11: =#REF! -> #REF! | X11: =#REF! -> #REF! | Y11: =#REF! -> #REF! | ... AC11: =#REF! -> #REF! | AD11: =SUM(R11:AC11) -> #REF! | AG11: Kapal Internatinal | AH11: Call | AI11: 53 | AJ11: 46 | AK11: 63 | AL11: 41 | AM11: 40 | AN11: 243 | AO11: 42 | AP11: 48 | AQ11: 58.286965 | AR11: 59.604584 | AS11: 59.082527 | AT11: 55.547405 | AU11: 57.423255 | AV11: 622.94474 | AW11: 54.59 | AX11: 47.38 | AY11: 64.89 | AZ11: 42.23 | BA11: 41.2 | BB11: 43.26 | BC11: 49.44 | BD11: 60.035574 | BE11: 61.392722 | BF11: 60.855003 | BG11: 57.213828 | BH11: 59.145953 | BI11: 641.63308
C12: GT | D12: 2093358 | E12: 1554362 | F12: 3270424 | G12: 1635054 | H12: 1340090 | I12: =SUM(D12:H12) -> 9893288 | J12: 974054.23 | K12: 866872.39 | L12: 634825.97 | M12: 943105.71 | N12: 900542.2 | O12: 695122.89 | P12: 793355.73 | Q12: =SUM(I12:P12) -> 15701167 | R12: =#REF! -> #REF! | S12: =#REF! -> #REF! | T12: =#REF! -> #REF! | U12: =#REF! -> #REF! | V12: =#REF! -> #REF! | W12: =#REF! -> #REF! | X12: =#REF! -> #REF! | Y12: =#REF! -> #REF! | ... AC12: =#REF! -> #REF! | AD12: =SUM(R12:AC12) -> #REF! | AH12: GT | AI12: 1046679 | AJ12: 777181 | AK12: 1635212 | AL12: 817527 | AM12: 670045 | AN12: 4946644 | AO12: 723685 | AP12: 673088 | AQ12: 771351.54 | AR12: 857478.32 | AS12: 669068.38 | AT12: 789965.41 | AU12: 781963.37 | AV12: 10213244 | AW12: 1078079.4 | AX12: 800496.43 | AY12: 1684268.4 | AZ12: 842052.81 | BA12: 690146.35 | BB12: 745395.55 | BC12: 693280.64 | BD12: 794492.09 | BE12: 883202.67 | BF12: 689140.43 | BG12: 813664.38 | BH12: 805422.27 | BI12: 10519641
B13: Kapal Domestik | C13: Call | D13: 478 | E13: 408 | F13: 428 | G13: 434 | H13: 448 | I13: =SUM(D13:H13) -> 2196 | J13: 426 | K13: 448 | L13: 564 | M13: 622 | N13: 582 | O13: 586 | P13: 608 | Q13: =SUM(I13:P13) -> 6032 | R13: =#REF! -> #REF! | S13: =#REF! -> #REF! | T13: =#REF! -> #REF! | U13: =#REF! -> #REF! | V13: =#REF! -> #REF! | W13: =#REF! -> #REF! | X13: =#REF! -> #REF! | Y13: =#REF! -> #REF! | ... AC13: =#REF! -> #REF! | AD13: =SUM(R13:AC13) -> #REF! | AG13: Kapal Domestik | AH13: Call | AI13: 239 | AJ13: 204 | AK13: 214 | AL13: 217 | AM13: 224 | AN13: 1098 | AO13: 213 | AP13: 204 | AQ13: 264.88798 | AR13: 289.42114 | AS13: 273.72198 | AT13: 272.82911 | AU13: 282.83232 | AV13: 2898.6925 | AW13: 286.17 | AX13: 250.12 | AY13: 260.42 | AZ13: 263.51 | BA13: 270.72 | BB13: 259.39 | BC13: 250.12 | BD13: 312.83461 | BE13: 338.10377 | BF13: 321.93364 | BG13: 321.01398 | BH13: 331.31729 | BI13: 3465.6533
C14: GT | D14: 3342852 | E14: 3597462 | F14: 3912818 | G14: 3851968 | H14: 3923778 | I14: =SUM(D14:H14) -> 18628878 | J14: 2517588.7 | K14: 1813659.4 | L14: 1612082.7 | M14: 1727995.9 | N14: 1620761.2 | O14: 1928870.9 | P14: 1794033.8 | Q14: =SUM(I14:P14) -> 31643871 | R14: =#REF! -> #REF! | S14: =#REF! -> #REF! | T14: =#REF! -> #REF! | U14: =#REF! -> #REF! | V14: =#REF! -> #REF! | W14: =#REF! -> #REF! | X14: =#REF! -> #REF! | Y14: =#REF! -> #REF! | ... AC14: =#REF! -> #REF! | AD14: =SUM(R14:AC14) -> #REF! | AH14: GT | AI14: 1671426 | AJ14: 1798731 | AK14: 1956409 | AL14: 1925984 | AM14: 1961889 | AN14: 9314439 | AO14: 1870472 | AP14: 1838988 | AQ14: 1560917.5 | AR14: 1683756.3 | AS14: 1621862.7 | AT14: 1641299.9 | AU14: 1663960.2 | AV14: 21195696 | AW14: 1966577.8 | AX14: 2097702 | AY14: 2248264.8 | AZ14: 2228772.6 | BA14: 2265754.7 | BB14: 2236239 | BC14: 1804036.3 | BD14: 1852754.1 | BE14: 1979278 | BF14: 1915527.6 | BG14: 1935547.9 | BH14: 1958888 | BI14: 24489343
A15: TOTAL | C15: Call | D15: =D3+D9 -> 728 | E15: =E3+E9 -> 612 | F15: =F3+F9 -> 680 | G15: =G3+G9 -> 876 | H15: =H3+H9 -> 654 | I15: =I3+I9 -> 3550 | J15: =J3+J9 -> 600.27205 | K15: =K3+K9 -> 717.08047 | ... P15: =P3+P9 -> 906.77462 | Q15: =SUM(I15:P15) -> 9355.2885 | R15: =R3+R9 -> #REF! | S15: =S3+S9 -> #REF! | T15: =T3+T9 -> #REF! | U15: =U3+U9 -> #REF! | V15: =V3+V9 -> #REF! | W15: =W3+W9 -> #REF! | X15: =X3+X9 -> #REF! | Y15: =Y3+Y9 -> #REF! | ... AC15: =AC3+AC9 -> #REF! | AD15: =SUM(R15:AC15) -> #REF! | AF15: TOTAL | AH15: Call | AI15: 364 | AJ15: 308 | AK15: 340 | AL15: 440 | AM15: 327 | AN15: 1779 | AO15: 300.13602 | AP15: 337.54023 | AQ15: 426.84595 | AR15: 442.12492 | AS15: 418.97458 | AT15: 431.0169 | AU15: 425.64289 | AV15: 4561.2815 | AW15: 414.2 | AX15: 354.62 | AY15: 389.57 | AZ15: 489.34 | BA15: 376.18 | BB15: 348.68874 | BC15: 386.81104 | BD15: 478.61462 | BE15: 494.45768 | BF15: 470.68211 | BG15: 482.921 | BH15: 477.5583 | BI15: 5163.6435
C16: GT | D16: =D4+D10 -> 6366494 | E16: =E4+E10 -> 6013426 | F16: =F4+F10 -> 8236468 | G16: =G4+G10 -> 8251512 | H16: =H4+H10 -> 6173464 | I16: =I4+I10 -> 35041364 | J16: =J4+J10 -> 3789608.4 | K16: =K4+K10 -> 3481607.3 | ... P16: =P4+P10 -> 3351346.4 | Q16: =SUM(I16:P16) -> 59410847 | R16: =R4+R10 -> #REF! | S16: =S4+S10 -> #REF! | T16: =T4+T10 -> #REF! | U16: =U4+U10 -> #REF! | V16: =V4+V10 -> #REF! | W16: =W4+W10 -> #REF! | X16: =X4+X10 -> #REF! | Y16: =Y4+Y10 -> #REF! | ... AC16: =AC4+AC10 -> #REF! | AD16: =SUM(R16:AC16) -> #REF! | AH16: GT | AI16: 3183247 | AJ16: 3010087 | AK16: 4118234 | AL16: 4126693 | AM16: 3086732 | AN16: 17524993 | AO16: 2743139.8 | AP16: 2912613.7 | AQ16: 2824135.1 | AR16: 2975070.2 | AS16: 2733199.6 | AT16: 2905102 | AU16: 2827902 | AV16: 37446155 | AW16: 3519102 | AX16: 3337615.4 | AY16: 4469678.4 | AZ16: 4480715.3 | BA16: 3419795 | BB16: 3133597 | BC16: 2905865.4 | BD16: 3148949.5 | BE16: 3304993 | BF16: 3055782 | BG16: 3232525.7 | BH16: 3153928.3 | BI16: 41162547
A20: Penundaan
A21: No | B21: Uraian | C21: Satuan | D21: 45292 | E21: 45323 | F21: 45352 | G21: 45383 | H21: 45413 | I21: Realisasi sd Mei 24 | J21: 45444 | K21: 45474 | L21: 45505 | M21: 45536 | N21: 45566 | O21: 45597 | P21: 45627 | Q21: Prognosa 2024 | R21: 45658 | S21: 45689 | T21: 45717 | U21: 45748 | V21: 45778 | W21: 45809 | X21: 45839 | Y21: 45870 | Z21: 45901 | AA21: 45931 | AB21: 45962 | AC21: 45992 | AD21: RKAP 2025 | AF21: No | AG21: Uraian | AH21: Satuan | AI21: 45292 | AJ21: 45323 | AK21: 45352 | AL21: 45383 | AM21: 45413 | AN21: Realisasi sd Mei 24 | AO21: 45444 | AP21: 45474 | AQ21: 45505 | AR21: 45536 | AS21: 45566 | AT21: 45597 | AU21: 45627 | AV21: Prognosa 2024 | AW21: 45658 | AX21: 45689 | AY21: 45717 | AZ21: 45748 | BA21: 45778 | BB21: 45809 | BC21: 45839 | BD21: 45870 | BE21: 45901 | BF21: 45931 | BG21: 45962 | BH21: 45992 | BI21: RKAP 2025
A22: 1 | B22: Dermaga Umum | C22: Call | D22: =D24+D26 -> 408 | E22: =E24+E26 -> 336 | F22: =F24+F26 -> 378 | G22: =G24+G26 -> 1080 | H22: =H24+H26 -> 378 | I22: =SUM(D22:H22) -> 2580 | J22: =J24+J26 -> 270.81615 | K22: =K24+K26 -> 513.2414 | L22: =L24+L26 -> 622.02605 | M22: =M24+M26 -> 558.59522 | N22: =N24+N26 -> 517.02041 | O22: =O24+O26 -> 615.84232 | P22: =P24+P26 -> 512.32386 | Q22: =SUM(I22:P22) -> 6189.8654 | R22: =R24+R26 -> 173.90096 | S22: =S24+S26 -> 169.32462 | T22: =T24+T26 -> 169.32462 | U22: =U24+U26 -> 164.74828 | V22: =V24+V26 -> 164.74828 | W22: =W24+W26 -> 151.01925 | X22: =X24+X26 -> 237.96973 | Y22: =Y24+Y26 -> 274.58046 | ... AC22: =AC24+AC26 -> 228.81705 | AD22: =SUM(R22:AC22) -> 2471.2241 | AF22: 1 | AG22: Dermaga Umum | AH22: Call | AI22: 72 | AJ22: 58 | AK22: 63 | AL22: 182 | AM22: 63 | AN22: 438 | AO22: 45.136024 | AP22: 85.540233 | AQ22: 103.67101 | AR22: 93.099203 | AS22: 86.170068 | AT22: 102.64039 | AU22: 85.387311 | AV22: 1039.6442 | AW22: 73.44 | AX22: 57.12 | AY22: 64.26 | AZ22: 183.6 | BA22: 64.26 | BB22: 46.038745 | BC22: 87.251037 | BD22: 105.74443 | BE22: 94.961187 | BF22: 87.89347 | BG22: 104.6932 | BH22: 87.095057 | BI22: 1056.3571
C23: GT | D23: =D25+D27 -> 2756574 | E23: =E25+E27 -> 2584806 | F23: =F25+F27 -> 3159678 | G23: =G25+G27 -> 8293470 | H23: =H25+H27 -> 2728788 | I23: =SUM(D23:H23) -> 19523316 | J23: =J25+J27 -> 893896.61 | K23: =K25+K27 -> 2403226.2 | L23: =L25+L27 -> 2951196.5 | M23: =M25+M27 -> 2603013.8 | N23: =N25+N27 -> 2653611.4 | O23: =O25+O27 -> 2843019.9 | P23: =P25+P27 -> 2291870.7 | Q23: =SUM(I23:P23) -> 36163151 | R23: =R25+R27 -> 1044595.6 | S23: =S25+S27 -> 750799.08 | T23: =T25+T27 -> 1300065.3 | U23: =U25+U27 -> 1456589.8 | V23: =V25+V27 -> 580531.74 | W23: =W25+W27 -> 1399417.6 | X23: =X25+X27 -> 847849.54 | Y23: =Y25+Y27 -> 1305739.9 | ... AC23: =AC25+AC27 -> 1320411.7 | AD23: =SUM(R23:AC23) -> 13390749 | AH23: GT | AI23: 465142 | AJ23: 434175 | AK23: 526613 | AL23: 1383182 | AM23: 454798 | AN23: 3263910 | AO23: 148982.77 | AP23: 400537.71 | AQ23: 491866.08 | AR23: 433835.63 | AS23: 442268.56 | AT23: 473836.65 | AU23: 381978.45 | AV23: 6037215.8 | AW23: 474444.84 | AX23: 439417.02 | AY23: 537145.26 | AZ23: 1409889.9 | BA23: 463893.96 | BB23: 151962.42 | BC23: 408548.46 | BD23: 501703.41 | BE23: 442512.34 | BF23: 451113.93 | BG23: 483313.38 | BH23: 389618.02 | BI23: 6153562.9
B24: Kapal Internatinal | C24: Call | D24: 96 | E24: 90 | F24: 96 | G24: 48 | H24: 84 | I24: =SUM(D24:H24) -> 414 | J24: 33.708837 | K24: 115.15 | L24: 126.74319 | M24: 117.16948 | N24: 118.35166 | O24: 120.23492 | P24: 98.911636 | Q24: =SUM(I24:P24) -> 1144.2697 | R24: ='TUNDA IKPP'!AB211 -> 64.068774 | S24: ='TUNDA IKPP'!AC211 -> 50.339751 | T24: ='TUNDA IKPP'!AD211 -> 27.458046 | U24: ='TUNDA IKPP'!AE211 -> 36.610728 | V24: ='TUNDA IKPP'!AF211 -> 32.034387 | W24: ='TUNDA IKPP'!AG211 -> 32.034387 | X24: ='TUNDA IKPP'!AH211 -> 50.339751 | Y24: ='TUNDA IKPP'!AI211 -> 64.068774 | ... AC24: ='TUNDA IKPP'!AM211 -> 50.339751 | AD24: =SUM(R24:AC24) -> 549.16092 | AG24: Kapal Internatinal | AH24: Call | AI24: 16 | AJ24: 17 | AK24: 16 | AL24: 10 | AM24: 14 | AN24: 73 | AO24: 5.6181396 | AP24: 19.191667 | AQ24: 21.123865 | AR24: 19.528246 | AS24: 19.725277 | AT24: 20.039153 | AU24: 16.485273 | AV24: 194.71162 | AW24: 16.32 | AX24: 15.3 | AY24: 16.32 | AZ24: 8.16 | BA24: 14.28 | BB24: 5.7305024 | BC24: 19.5755 | BD24: 21.546343 | BE24: 19.918811 | BF24: 20.119783 | BG24: 20.439936 | BH24: 16.814978 | BI24: 194.52585
C25: GT | D25: 1865970 | E25: 1979040 | F25: 2636874 | G25: 745800 | H25: 2009328 | I25: =SUM(D25:H25) -> 9237012 | J25: 499914.6 | K25: 1675235 | L25: 2068184.1 | M25: 1752147.3 | N25: 1911497.2 | O25: 1962078.3 | P25: 1598118.2 | Q25: =SUM(I25:P25) -> 20704187 | R25: ='TUNDA IKPP'!AB212 -> 835662.75 | S25: ='TUNDA IKPP'!AC212 -> 435347.32 | T25: ='TUNDA IKPP'!AD212 -> 892761.75 | U25: ='TUNDA IKPP'!AE212 -> 1192905.7 | V25: ='TUNDA IKPP'!AF212 -> 283691.95 | W25: ='TUNDA IKPP'!AG212 -> 1030802.5 | X25: ='TUNDA IKPP'!AH212 -> 407244.01 | Y25: ='TUNDA IKPP'!AI212 -> 748707.69 | ... AC25: ='TUNDA IKPP'!AM212 -> 846275.28 | AD25: =SUM(R25:AC25) -> 8590268 | AH25: GT | AI25: 310995 | AJ25: 333214 | AK25: 439479 | AL25: 125237 | AM25: 334888 | AN25: 1543813 | AO25: 83319.099 | AP25: 279205.84 | AQ25: 344697.36 | AR25: 292024.55 | AS25: 318582.86 | AT25: 327013.05 | AU25: 266353.03 | AV25: 3455008.8 | AW25: 317214.9 | AX25: 336436.8 | AY25: 448268.58 | AZ25: 126786 | BA25: 341585.76 | BB25: 84985.481 | BC25: 284789.95 | BD25: 351591.3 | BE25: 297865.04 | BF25: 324954.52 | BG25: 333553.32 | BH25: 271680.09 | BI25: 3519711.7
B26: Kapal Domestik | C26: Call | D26: 312 | E26: 246 | F26: 282 | G26: 1032 | H26: 294 | I26: =SUM(D26:H26) -> 2166 | J26: 237.10731 | K26: 398.09139 | L26: 495.28286 | M26: 441.42574 | N26: 398.66875 | O26: 495.60741 | P26: 413.41223 | Q26: =SUM(I26:P26) -> 5045.5957 | R26: ='TUNDA IKPP'!AB213 -> 109.83218 | S26: ='TUNDA IKPP'!AC213 -> 118.98487 | T26: ='TUNDA IKPP'!AD213 -> 141.86657 | U26: ='TUNDA IKPP'!AE213 -> 128.13755 | V26: ='TUNDA IKPP'!AF213 -> 132.71389 | W26: ='TUNDA IKPP'!AG213 -> 118.98487 | X26: ='TUNDA IKPP'!AH213 -> 187.62998 | Y26: ='TUNDA IKPP'!AI213 -> 210.51169 | ... AC26: ='TUNDA IKPP'!AM213 -> 178.4773 | AD26: =SUM(R26:AC26) -> 1922.0632 | AG26: Kapal Domestik | AH26: Call | AI26: 56 | AJ26: 41 | AK26: 47 | AL26: 172 | AM26: 49 | AN26: 365 | AO26: 39.517885 | AP26: 66.348566 | AQ26: 82.547144 | AR26: 73.570957 | AS26: 66.444791 | AT26: 82.601235 | AU26: 68.902038 | AV26: 844.93261 | AW26: 57.12 | AX26: 41.82 | AY26: 47.94 | AZ26: 175.44 | BA26: 49.98 | BB26: 40.308242 | BC26: 67.675537 | BD26: 84.198087 | BE26: 75.042376 | BF26: 67.773687 | BG26: 84.253259 | BH26: 70.280079 | BI26: 861.83127
C27: GT | D27: 890604 | E27: 605766 | F27: 522804 | G27: 7547670 | H27: 719460 | I27: =SUM(D27:H27) -> 10286304 | J27: 393982.02 | K27: 727991.21 | L27: 883012.37 | M27: 850866.49 | N27: 742114.19 | O27: 880941.58 | P27: 693752.5 | Q27: =SUM(I27:P27) -> 15458964 | R27: ='TUNDA IKPP'!AB214 -> 208932.85 | S27: ='TUNDA IKPP'!AC214 -> 315451.76 | T27: ='TUNDA IKPP'!AD214 -> 407303.5 | U27: ='TUNDA IKPP'!AE214 -> 263684.19 | V27: ='TUNDA IKPP'!AF214 -> 296839.78 | W27: ='TUNDA IKPP'!AG214 -> 368615.11 | X27: ='TUNDA IKPP'!AH214 -> 440605.54 | Y27: ='TUNDA IKPP'!AI214 -> 557032.23 | ... AC27: ='TUNDA IKPP'!AM214 -> 474136.39 | AD27: =SUM(R27:AC27) -> 4800481 | AH27: GT | AI27: 154147 | AJ27: 100961 | AK27: 87134 | AL27: 1257945 | AM27: 119910 | AN27: 1720097 | AO27: 65663.67 | AP27: 121331.87 | AQ27: 147168.73 | AR27: 141811.08 | AS27: 123685.7 | AT27: 146823.6 | AU27: 115625.42 | AV27: 2582207.1 | AW27: 157229.94 | AX27: 102980.22 | AY27: 88876.68 | AZ27: 1283103.9 | BA27: 122308.2 | BB27: 66976.943 | BC27: 123758.51 | BD27: 150112.1 | BE27: 144647.3 | BF27: 126159.41 | BG27: 149760.07 | BH27: 117937.93 | BI27: 2633851.2
A28: 2 | B28: Non Dermaga Umum | C28: Call | D28: =D30+D32 -> 1536.7793 | E28: =E30+E32 -> 1309.1083 | F28: =F30+F32 -> 1485.8529 | G28: =G30+G32 -> 1345.0564 | H28: =H30+H32 -> 1366.0261 | I28: =SUM(D28:H28) -> 7042.823 | J28: =J30+J32 -> 1033.0783 | K28: =K30+K32 -> 1121.6279 | L28: =L30+L32 -> 1353.2191 | M28: =M30+M32 -> 1475.8262 | N28: =N30+N32 -> 1414.5226 | O28: =O30+O32 -> 1375.9241 | P28: =P30+P32 -> 1475.8262 | Q28: =SUM(I28:P28) -> 16292.847 | R28: =R30+R32 -> #REF! | S28: =S30+S32 -> #REF! | T28: =T30+T32 -> #REF! | U28: =U30+U32 -> #REF! | V28: =V30+V32 -> #REF! | W28: =W30+W32 -> #REF! | X28: =X30+X32 -> #REF! | Y28: =Y30+Y32 -> #REF! | ... AC28: =AC30+AC32 -> #REF! | AD28: =SUM(R28:AC28) -> #REF! | AF28: 2 | AG28: Non Dermaga Umum | AH28: Call | AI28: 292 | AJ28: 250 | AK28: 277 | AL28: 258 | AM28: 264 | AN28: 1341 | AO28: 255 | AP28: 252 | AQ28: 323.17494 | AR28: 349.02572 | AS28: 332.80451 | AT28: 328.37651 | AU28: 340.25558 | AV28: 3521.6373 | AW28: 340.76 | AX28: 297.5 | AY28: 325.31 | AZ28: 305.74 | BA28: 311.92 | BB28: 302.65 | BC28: 299.56 | BD28: 372.87019 | BE28: 399.49649 | BF28: 382.78864 | BG28: 378.22781 | BH28: 390.46324 | BI28: 4107.2864
C29: GT | D29: =D31+D33 -> 15586981 | E29: =E31+E33 -> 14832563 | F29: =F31+F33 -> 20957773 | G29: =G31+G33 -> 15794011 | H29: =H31+H33 -> 15096368 | I29: =SUM(D29:H29) -> 82267695 | J29: =J31+J33 -> 11372126 | K29: =K31+K33 -> 8625425.4 | L29: =L31+L33 -> 7118933.3 | M29: =M31+M33 -> 8630681.5 | N29: =N31+N33 -> 8072121 | O29: =O31+O33 -> 8394700.7 | P29: =P31+P33 -> 8304277.8 | Q29: =SUM(I29:P29) -> 1.4278596e+08 | R29: =R31+R33 -> #REF! | S29: =S31+S33 -> #REF! | T29: =T31+T33 -> #REF! | U29: =U31+U33 -> #REF! | V29: =V31+V33 -> #REF! | W29: =W31+W33 -> #REF! | X29: =X31+X33 -> #REF! | Y29: =Y31+Y33 -> #REF! | ... AC29: =AC31+AC33 -> #REF! | AD29: =SUM(R29:AC29) -> #REF! | AH29: GT | AI29: 2718105 | AJ29: 2575912 | AK29: 3591621 | AL29: 2743511 | AM29: 2631934 | AN29: 14261083 | AO29: 2594157 | AP29: 2512076 | AQ29: 2332269 | AR29: 2541234.6 | AS29: 2290931.1 | AT29: 2431265.3 | AU29: 2445923.6 | AV29: 31408940 | AW29: 3044657.2 | AX29: 2898198.4 | AY29: 3932533.2 | AZ29: 3070825.4 | BA29: 2955901.1 | BB29: 2981634.5 | BC29: 2497316.9 | BD29: 2647246.1 | BE29: 2862480.6 | BF29: 2604668 | BG29: 2749212.3 | BH29: 2764310.3 | BI29: 35008984
B30: Kapal Internatinal | C30: Call | D30: 317.54115 | E30: 275.60175 | F30: 377.45457 | G30: 245.64504 | H30: 239.6537 | I30: =SUM(D30:H30) -> 1455.8962 | J30: 190.72215 | K30: 222.50918 | L30: 267.91921 | M30: 254.2962 | N30: 272.46022 | O30: 240.67319 | P30: 290.62423 | Q30: =SUM(I30:P30) -> 3195.1006 | R30: =#REF! -> #REF! | S30: =#REF! -> #REF! | T30: =#REF! -> #REF! | U30: =#REF! -> #REF! | V30: =#REF! -> #REF! | W30: =#REF! -> #REF! | X30: =#REF! -> #REF! | Y30: =#REF! -> #REF! | ... AC30: =#REF! -> #REF! | AD30: =SUM(R30:AC30) -> #REF! | AG30: Kapal Internatinal | AH30: Call | AI30: 53 | AJ30: 46 | AK30: 63 | AL30: 41 | AM30: 40 | AN30: 243 | AO30: 42 | AP30: 48 | AQ30: 58.286965 | AR30: 59.604584 | AS30: 59.082527 | AT30: 55.547405 | AU30: 57.423255 | AV30: 622.94474 | AW30: 54.59 | AX30: 47.38 | AY30: 64.89 | AZ30: 42.23 | BA30: 41.2 | BB30: 43.26 | BC30: 49.44 | BD30: 60.035574 | BE30: 61.392722 | BF30: 60.855003 | BG30: 57.213828 | BH30: 59.145953 | BI30: 641.63308
C31: GT | D31: 6271012.3 | E31: 4656357.5 | F31: 9797115 | G31: 4898084.2 | H31: 4014469 | I31: =SUM(D31:H31) -> 29637038 | J31: 3286256.2 | K31: 2924647 | L31: 2141770.7 | M31: 3181842.4 | N31: 3038241.9 | O31: 2345200 | P31: 2676617.1 | Q31: =SUM(I31:P31) -> 49231613 | R31: =#REF! -> #REF! | S31: =#REF! -> #REF! | T31: =#REF! -> #REF! | U31: =#REF! -> #REF! | V31: =#REF! -> #REF! | W31: =#REF! -> #REF! | X31: =#REF! -> #REF! | Y31: =#REF! -> #REF! | ... AC31: =#REF! -> #REF! | AD31: =SUM(R31:AC31) -> #REF! | AH31: GT | AI31: 1046679 | AJ31: 777181 | AK31: 1635212 | AL31: 817527 | AM31: 670045 | AN31: 4946644 | AO31: 723685 | AP31: 673088 | AQ31: 771351.54 | AR31: 857478.32 | AS31: 669068.38 | AT31: 789965.41 | AU31: 781963.37 | AV31: 10213244 | AW31: 1078079.4 | AX31: 800496.43 | AY31: 1684268.4 | AZ31: 842052.81 | BA31: 690146.35 | BB31: 745395.55 | BC31: 693280.64 | BD31: 794492.09 | BE31: 883202.67 | BF31: 689140.43 | BG31: 813664.38 | BH31: 805422.27 | BI31: 10519641
B32: Kapal Domestik | C32: Call | D32: 1219.2382 | E32: 1033.5066 | F32: 1108.3983 | G32: 1099.4113 | H32: 1126.3724 | I32: =SUM(D32:H32) -> 5586.9268 | J32: 842.35617 | K32: 899.11872 | L32: 1085.2999 | M32: 1221.53 | N32: 1142.0624 | O32: 1135.2509 | P32: 1185.2019 | Q32: =SUM(I32:P32) -> 13097.747 | R32: =#REF! -> #REF! | S32: =#REF! -> #REF! | T32: =#REF! -> #REF! | U32: =#REF! -> #REF! | V32: =#REF! -> #REF! | W32: =#REF! -> #REF! | X32: =#REF! -> #REF! | Y32: =#REF! -> #REF! | ... AC32: =#REF! -> #REF! | AD32: =SUM(R32:AC32) -> #REF! | AG32: Kapal Domestik | AH32: Call | AI32: 239 | AJ32: 204 | AK32: 214 | AL32: 217 | AM32: 224 | AN32: 1098 | AO32: 213 | AP32: 204 | AQ32: 264.88798 | AR32: 289.42114 | AS32: 273.72198 | AT32: 272.82911 | AU32: 282.83232 | AV32: 2898.6925 | AW32: 286.17 | AX32: 250.12 | AY32: 260.42 | AZ32: 263.51 | BA32: 270.72 | BB32: 259.39 | BC32: 250.12 | BD32: 312.83461 | BE32: 338.10377 | BF32: 321.93364 | BG32: 321.01398 | BH32: 331.31729 | BI32: 3465.6533
C33: GT | D33: 9315968.3 | E33: 10176205 | F33: 11160658 | G33: 10895927 | H33: 11081898 | I33: =SUM(D33:H33) -> 52630657 | J33: 8085870 | K33: 5700778.4 | L33: 4977162.6 | M33: 5448839.2 | N33: 5033879.1 | O33: 6049500.7 | P33: 5627660.7 | Q33: =SUM(I33:P33) -> 93554347 | R33: =#REF! -> #REF! | S33: =#REF! -> #REF! | T33: =#REF! -> #REF! | U33: =#REF! -> #REF! | V33: =#REF! -> #REF! | W33: =#REF! -> #REF! | X33: =#REF! -> #REF! | Y33: =#REF! -> #REF! | ... AC33: =#REF! -> #REF! | AD33: =SUM(R33:AC33) -> #REF! | AH33: GT | AI33: 1671426 | AJ33: 1798731 | AK33: 1956409 | AL33: 1925984 | AM33: 1961889 | AN33: 9314439 | AO33: 1870472 | AP33: 1838988 | AQ33: 1560917.5 | AR33: 1683756.3 | AS33: 1621862.7 | AT33: 1641299.9 | AU33: 1663960.2 | AV33: 21195696 | AW33: 1966577.8 | AX33: 2097702 | AY33: 2248264.8 | AZ33: 2228772.6 | BA33: 2265754.7 | BB33: 2236239 | BC33: 1804036.3 | BD33: 1852754.1 | BE33: 1979278 | BF33: 1915527.6 | BG33: 1935547.9 | BH33: 1958888 | BI33: 24489343
A34: TOTAL | C34: Call | D34: =D22+D28 -> 1944.7793 | E34: =E22+E28 -> 1645.1083 | F34: =F22+F28 -> 1863.8529 | G34: =G22+G28 -> 2425.0564 | H34: =H22+H28 -> 1744.0261 | I34: =I22+I28 -> 9622.823 | J34: =J22+J28 -> 1303.8945 | K34: =K22+K28 -> 1634.8693 | ... P34: =P22+P28 -> 1988.15 | Q34: =SUM(I34:P34) -> 22482.713 | R34: =R22+R28 -> #REF! | S34: =S22+S28 -> #REF! | T34: =T22+T28 -> #REF! | U34: =U22+U28 -> #REF! | V34: =V22+V28 -> #REF! | W34: =W22+W28 -> #REF! | X34: =X22+X28 -> #REF! | Y34: =Y22+Y28 -> #REF! | ... AC34: =AC22+AC28 -> #REF! | AD34: =SUM(R34:AC34) -> #REF! | AF34: TOTAL | AH34: Call | AI34: 364 | AJ34: 308 | AK34: 340 | AL34: 440 | AM34: 327 | AN34: 1779 | AO34: 300.13602 | AP34: 337.54023 | AQ34: 426.84595 | AR34: 442.12492 | AS34: 418.97458 | AT34: 431.0169 | AU34: 425.64289 | AV34: 4561.2815 | AW34: 414.2 | AX34: 354.62 | AY34: 389.57 | AZ34: 489.34 | BA34: 376.18 | BB34: 348.68874 | BC34: 386.81104 | BD34: 478.61462 | BE34: 494.45768 | BF34: 470.68211 | BG34: 482.921 | BH34: 477.5583 | BI34: 5163.6435
C35: GT | D35: =D23+D29 -> 18343555 | E35: =E23+E29 -> 17417369 | F35: =F23+F29 -> 24117451 | G35: =G23+G29 -> 24087481 | H35: =H23+H29 -> 17825156 | I35: =I23+I29 -> 1.0179101e+08 | J35: =J23+J29 -> 12266023 | K35: =K23+K29 -> 11028652 | ... P35: =P23+P29 -> 10596149 | Q35: =SUM(I35:P35) -> 1.7894911e+08 | R35: =R23+R29 -> #REF! | S35: =S23+S29 -> #REF! | T35: =T23+T29 -> #REF! | U35: =U23+U29 -> #REF! | V35: =V23+V29 -> #REF! | W35: =W23+W29 -> #REF! | X35: =X23+X29 -> #REF! | Y35: =Y23+Y29 -> #REF! | ... AC35: =AC23+AC29 -> #REF! | AD35: =SUM(R35:AC35) -> #REF! | AH35: GT | AI35: 3183247 | AJ35: 3010087 | AK35: 4118234 | AL35: 4126693 | AM35: 3086732 | AN35: 17524993 | AO35: 2743139.8 | AP35: 2912613.7 | AQ35: 2824135.1 | AR35: 2975070.2 | AS35: 2733199.6 | AT35: 2905102 | AU35: 2827902 | AV35: 37446155 | AW35: 3519102 | AX35: 3337615.4 | AY35: 4469678.4 | AZ35: 4480715.3 | BA35: 3419795 | BB35: 3133597 | BC35: 2905865.4 | BD35: 3148949.5 | BE35: 3304993 | BF35: 3055782 | BG35: 3232525.7 | BH35: 3153928.3 | BI35: 41162547

Sheet RJPP
U2: Produksi | X2: Jan | Y2: Feb | Z2: Mar | AA2: Apr | AB2: Mei | AC2: Jun | AD2: Jul | AE2: Aug | AF2: Sept | AG2: Okt | AH2: Nov | AI2: Des | AJ2: JUMLAH
B3: Produksi Pandu dan Tunda Unit Banten | I3: 0.03 | J3: 0.02 | K3: 0.03 | L3: 0.02 | M3: 0.03 | U3: PELUM | V3: PANDU | W3: Call | X3: ='PANDU IKPP'!C7+'PANDU IKPP'!C13+'PANDU IKPP'!C19+'PANDU IKPP'!C34+'PANDU IKPP'!C40+'PANDU IKPP'!C46+'PANDU IKPP'!C52+'PANDU IKPP'!C58+'PANDU IKPP'!C64 -> 32 | Y3: ='PANDU IKPP'!D7+'PANDU IKPP'!D13+'PANDU IKPP'!D19+'PANDU IKPP'!D34+'PANDU IKPP'!D40+'PANDU IKPP'!D46+'PANDU IKPP'!D52+'PANDU IKPP'!D58+'PANDU IKPP'!D64 -> 37 | Z3: ='PANDU IKPP'!E7+'PANDU IKPP'!E13+'PANDU IKPP'!E19+'PANDU IKPP'!E34+'PANDU IKPP'!E40+'PANDU IKPP'!E46+'PANDU IKPP'!E52+'PANDU IKPP'!E58+'PANDU IKPP'!E64 -> 159 | AA3: ='PANDU IKPP'!F7+'PANDU IKPP'!F13+'PANDU IKPP'!F19+'PANDU IKPP'!F34+'PANDU IKPP'!F40+'PANDU IKPP'!F46+'PANDU IKPP'!F52+'PANDU IKPP'!F58+'PANDU IKPP'!F64 -> 39 | AB3: ='PANDU IKPP'!G7+'PANDU IKPP'!G13+'PANDU IKPP'!G19+'PANDU IKPP'!G34+'PANDU IKPP'!G40+'PANDU IKPP'!G46+'PANDU IKPP'!G52+'PANDU IKPP'!G58+'PANDU IKPP'!G64 -> 34 | AC3: ='PANDU IKPP'!H7+'PANDU IKPP'!H13+'PANDU IKPP'!H19+'PANDU IKPP'!H34+'PANDU IKPP'!H40+'PANDU IKPP'!H46+'PANDU IKPP'!H52+'PANDU IKPP'!H58+'PANDU IKPP'!H64 -> 37 | AD3: ='PANDU IKPP'!I7+'PANDU IKPP'!I13+'PANDU IKPP'!I19+'PANDU IKPP'!I34+'PANDU IKPP'!I40+'PANDU IKPP'!I46+'PANDU IKPP'!I52+'PANDU IKPP'!I58+'PANDU IKPP'!I64 -> 35 | AE3: ='PANDU IKPP'!J7+'PANDU IKPP'!J13+'PANDU IKPP'!J19+'PANDU IKPP'!J34+'PANDU IKPP'!J40+'PANDU IKPP'!J46+'PANDU IKPP'!J52+'PANDU IKPP'!J58+'PANDU IKPP'!J64 -> 34 | ... AI3: ='PANDU IKPP'!N7+'PANDU IKPP'!N13+'PANDU IKPP'!N19+'PANDU IKPP'!N34+'PANDU IKPP'!N40+'PANDU IKPP'!N46+'PANDU IKPP'!N52+'PANDU IKPP'!N58+'PANDU IKPP'!N64 -> 32 | AJ3: =SUM(X3:AI3) -> 556
B4: Area | C4: Layanan | E4: Realisasi 2022 | F4: RKAP 2023 | G4: Realisasi 2023 | H4: RKAP 2024 | I4: RKAP 2025 | J4: RKAP 2026 | K4: RKAP 2027 | L4: RKAP 2028 | M4: RKAP 2029 | N4: Persentase | W4: GT | X4: ='PANDU IKPP'!C8+'PANDU IKPP'!C14+'PANDU IKPP'!C20+'PANDU IKPP'!C35+'PANDU IKPP'!C41+'PANDU IKPP'!C47+'PANDU IKPP'!C53+'PANDU IKPP'!C59+'PANDU IKPP'!C65 -> 263773 | Y4: ='PANDU IKPP'!D8+'PANDU IKPP'!D14+'PANDU IKPP'!D20+'PANDU IKPP'!D35+'PANDU IKPP'!D41+'PANDU IKPP'!D47+'PANDU IKPP'!D53+'PANDU IKPP'!D59+'PANDU IKPP'!D65 -> 203390 | Z4: ='PANDU IKPP'!E8+'PANDU IKPP'!E14+'PANDU IKPP'!E20+'PANDU IKPP'!E35+'PANDU IKPP'!E41+'PANDU IKPP'!E47+'PANDU IKPP'!E53+'PANDU IKPP'!E59+'PANDU IKPP'!E65 -> 1340528 | AA4: ='PANDU IKPP'!F8+'PANDU IKPP'!F14+'PANDU IKPP'!F20+'PANDU IKPP'!F35+'PANDU IKPP'!F41+'PANDU IKPP'!F47+'PANDU IKPP'!F53+'PANDU IKPP'!F59+'PANDU IKPP'!F65 -> 352434.49 | AB4: ='PANDU IKPP'!G8+'PANDU IKPP'!G14+'PANDU IKPP'!G20+'PANDU IKPP'!G35+'PANDU IKPP'!G41+'PANDU IKPP'!G47+'PANDU IKPP'!G53+'PANDU IKPP'!G59+'PANDU IKPP'!G65 -> 153376.2 | AC4: ='PANDU IKPP'!H8+'PANDU IKPP'!H14+'PANDU IKPP'!H20+'PANDU IKPP'!H35+'PANDU IKPP'!H41+'PANDU IKPP'!H47+'PANDU IKPP'!H53+'PANDU IKPP'!H59+'PANDU IKPP'!H65 -> 331503.44 | AD4: ='PANDU IKPP'!I8+'PANDU IKPP'!I14+'PANDU IKPP'!I20+'PANDU IKPP'!I35+'PANDU IKPP'!I41+'PANDU IKPP'!I47+'PANDU IKPP'!I53+'PANDU IKPP'!I59+'PANDU IKPP'!I65 -> 170593.35 | AE4: ='PANDU IKPP'!J8+'PANDU IKPP'!J14+'PANDU IKPP'!J20+'PANDU IKPP'!J35+'PANDU IKPP'!J41+'PANDU IKPP'!J47+'PANDU IKPP'!J53+'PANDU IKPP'!J59+'PANDU IKPP'!J65 -> 258839.47 | ... AI4: ='PANDU IKPP'!N8+'PANDU IKPP'!N14+'PANDU IKPP'!N20+'PANDU IKPP'!N35+'PANDU IKPP'!N41+'PANDU IKPP'!N47+'PANDU IKPP'!N53+'PANDU IKPP'!N59+'PANDU IKPP'!N65 -> 274917.8 | AJ4: =SUM(X4:AI4) -> 4073742
E5: a | F5: b | G5: c | H5: d | I5: e | J5: f | K5: g | L5: h | M5: i | N5: j=e/d | O5: k=f/e | P5: l=g/f | Q5: m=h/g | R5: n=i/h | W5: Kpl.Grk | X5: ='PANDU IKPP'!C79 -> 32 | Y5: ='PANDU IKPP'!D79 -> 37 | Z5: ='PANDU IKPP'!E79 -> 159 | AA5: ='PANDU IKPP'!F79 -> 39 | AB5: ='PANDU IKPP'!G79 -> 34 | AC5: ='PANDU IKPP'!H79 -> 37 | AD5: ='PANDU IKPP'!I79 -> 35 | AE5: ='PANDU IKPP'!J79 -> 34 | ... AI5: ='PANDU IKPP'!N79 -> 32 | AJ5: =SUM(X5:AI5) -> 556
B6: Derum | C6: Pandu | D6: Kpl Grk | E6: 1880 | F6: 1846.7949 | G6: 1877 | H6: 1952.1401 | I6: =H6+(H6*I$3) -> 2010.7043 | J6: =I6+(I6*J$3) -> 2050.9184 | K6: =J6+(J6*K$3) -> 2112.446 | L6: =K6+(K6*L$3) -> 2154.6949 | M6: =L6+(L6*M$3) -> 2219.3357 | N6: =I6/H6 -> 1.03 | O6: =J6/I6 -> 1.02 | P6: =K6/J6 -> 1.03 | Q6: =L6/K6 -> 1.02 | R6: =M6/L6 -> 1.03 | W6: GT.Kpl.Grk | X6: ='PANDU IKPP'!C80 -> 263773 | Y6: ='PANDU IKPP'!D80 -> 203390 | Z6: ='PANDU IKPP'!E80 -> 1340528 | AA6: ='PANDU IKPP'!F80 -> 352434.49 | AB6: ='PANDU IKPP'!G80 -> 153376.2 | AC6: ='PANDU IKPP'!H80 -> 331503.44 | AD6: ='PANDU IKPP'!I80 -> 170593.35 | AE6: ='PANDU IKPP'!J80 -> 258839.47 | ... AI6: ='PANDU IKPP'!N80 -> 274917.8 | AJ6: =SUM(X6:AI6) -> 4073742
D7: GT Kpl Grk | E7: 13085594 | F7: 11763173 | G7: 12772751 | H7: 10182155 | I7: =H7+(H7*I$3) -> 10487620 | J7: =I7+(I7*J$3) -> 10697372 | K7: =J7+(J7*K$3) -> 11018293 | L7: =K7+(K7*L$3) -> 11238659 | M7: =L7+(L7*M$3) -> 11575819 | N7: =I7/H7 -> 1.03 | O7: =J7/I7 -> 1.02 | P7: =K7/J7 -> 1.03 | Q7: =L7/K7 -> 1.02 | R7: =M7/L7 -> 1.03 | V7: TUNDA | W7: Call | X7: ='TUNDA IKPP'!E8+'TUNDA IKPP'!E30+'TUNDA IKPP'!E52+'TUNDA IKPP'!E98+'TUNDA IKPP'!E120+'TUNDA IKPP'!E142+'TUNDA IKPP'!E164+'TUNDA IKPP'!E172+'TUNDA IKPP'!E180 -> 32 | Y7: ='TUNDA IKPP'!F8+'TUNDA IKPP'!F30+'TUNDA IKPP'!F52+'TUNDA IKPP'!F98+'TUNDA IKPP'!F120+'TUNDA IKPP'!F142+'TUNDA IKPP'!F164+'TUNDA IKPP'!F172+'TUNDA IKPP'!F180 -> 37 | Z7: ='TUNDA IKPP'!G8+'TUNDA IKPP'!G30+'TUNDA IKPP'!G52+'TUNDA IKPP'!G98+'TUNDA IKPP'!G120+'TUNDA IKPP'!G142+'TUNDA IKPP'!G164+'TUNDA IKPP'!G172+'TUNDA IKPP'!G180 -> 159 | AA7: ='TUNDA IKPP'!H8+'TUNDA IKPP'!H30+'TUNDA IKPP'!H52+'TUNDA IKPP'!H98+'TUNDA IKPP'!H120+'TUNDA IKPP'!H142+'TUNDA IKPP'!H164+'TUNDA IKPP'!H172+'TUNDA IKPP'!H180 -> 39 | AB7: ='TUNDA IKPP'!I8+'TUNDA IKPP'!I30+'TUNDA IKPP'!I52+'TUNDA IKPP'!I98+'TUNDA IKPP'!I120+'TUNDA IKPP'!I142+'TUNDA IKPP'!I164+'TUNDA IKPP'!I172+'TUNDA IKPP'!I180 -> 34 | AC7: ='TUNDA IKPP'!J8+'TUNDA IKPP'!J30+'TUNDA IKPP'!J52+'TUNDA IKPP'!J98+'TUNDA IKPP'!J120+'TUNDA IKPP'!J142+'TUNDA IKPP'!J164+'TUNDA IKPP'!J172+'TUNDA IKPP'!J180 -> 37 | AD7: ='TUNDA IKPP'!K8+'TUNDA IKPP'!K30+'TUNDA IKPP'!K52+'TUNDA IKPP'!K98+'TUNDA IKPP'!K120+'TUNDA IKPP'!K142+'TUNDA IKPP'!K164+'TUNDA IKPP'!K172+'TUNDA IKPP'!K180 -> 35 | AE7: ='TUNDA IKPP'!L8+'TUNDA IKPP'!L30+'TUNDA IKPP'!L52+'TUNDA IKPP'!L98+'TUNDA IKPP'!L120+'TUNDA IKPP'!L142+'TUNDA IKPP'!L164+'TUNDA IKPP'!L172+'TUNDA IKPP'!L180 -> 34 | ... AI7: ='TUNDA IKPP'!P8+'TUNDA IKPP'!P30+'TUNDA IKPP'!P52+'TUNDA IKPP'!P98+'TUNDA IKPP'!P120+'TUNDA IKPP'!P142+'TUNDA IKPP'!P164+'TUNDA IKPP'!P172+'TUNDA IKPP'!P180 -> 32 | AJ7: =SUM(X7:AI7) -> 556
C8: Tunda | D8: Kpl Jam | E8: 5074.5 | F8: 5461.3182 | G8: 4890.13 | H8: 7338 | I8: =H8+(H8*I$3) -> 7558.14 | J8: =I8+(I8*J$3) -> 7709.3028 | K8: =J8+(J8*K$3) -> 7940.5819 | L8: =K8+(K8*L$3) -> 8099.3935 | M8: =L8+(L8*M$3) -> 8342.3753 | N8: =I8/H8 -> 1.03 | O8: =J8/I8 -> 1.02 | P8: =K8/J8 -> 1.03 | Q8: =L8/K8 -> 1.02 | R8: =M8/L8 -> 1.03 | W8: GT | X8: ='TUNDA IKPP'!E9+'TUNDA IKPP'!E31+'TUNDA IKPP'!E53+'TUNDA IKPP'!E99+'TUNDA IKPP'!E121+'TUNDA IKPP'!E143+'TUNDA IKPP'!E165+'TUNDA IKPP'!E173+'TUNDA IKPP'!E181 -> 263773 | Y8: ='TUNDA IKPP'!F9+'TUNDA IKPP'!F31+'TUNDA IKPP'!F53+'TUNDA IKPP'!F99+'TUNDA IKPP'!F121+'TUNDA IKPP'!F143+'TUNDA IKPP'!F165+'TUNDA IKPP'!F173+'TUNDA IKPP'!F181 -> 203390 | Z8: ='TUNDA IKPP'!G9+'TUNDA IKPP'!G31+'TUNDA IKPP'!G53+'TUNDA IKPP'!G99+'TUNDA IKPP'!G121+'TUNDA IKPP'!G143+'TUNDA IKPP'!G165+'TUNDA IKPP'!G173+'TUNDA IKPP'!G181 -> 1340528 | AA8: ='TUNDA IKPP'!H9+'TUNDA IKPP'!H31+'TUNDA IKPP'!H53+'TUNDA IKPP'!H99+'TUNDA IKPP'!H121+'TUNDA IKPP'!H143+'TUNDA IKPP'!H165+'TUNDA IKPP'!H173+'TUNDA IKPP'!H181 -> 352434.49 | AB8: ='TUNDA IKPP'!I9+'TUNDA IKPP'!I31+'TUNDA IKPP'!I53+'TUNDA IKPP'!I99+'TUNDA IKPP'!I121+'TUNDA IKPP'!I143+'TUNDA IKPP'!I165+'TUNDA IKPP'!I173+'TUNDA IKPP'!I181 -> 153376.2 | AC8: ='TUNDA IKPP'!J9+'TUNDA IKPP'!J31+'TUNDA IKPP'!J53+'TUNDA IKPP'!J99+'TUNDA IKPP'!J121+'TUNDA IKPP'!J143+'TUNDA IKPP'!J165+'TUNDA IKPP'!J173+'TUNDA IKPP'!J181 -> 331503.44 | AD8: ='TUNDA IKPP'!K9+'TUNDA IKPP'!K31+'TUNDA IKPP'!K53+'TUNDA IKPP'!K99+'TUNDA IKPP'!K121+'TUNDA IKPP'!K143+'TUNDA IKPP'!K165+'TUNDA IKPP'!K173+'TUNDA IKPP'!K181 -> 170593.35 | AE8: ='TUNDA IKPP'!L9+'TUNDA IKPP'!L31+'TUNDA IKPP'!L53+'TUNDA IKPP'!L99+'TUNDA IKPP'!L121+'TUNDA IKPP'!L143+'TUNDA IKPP'!L165+'TUNDA IKPP'!L173+'TUNDA IKPP'!L181 -> 258839.47 | ... AI8: ='TUNDA IKPP'!P9+'TUNDA IKPP'!P31+'TUNDA IKPP'!P53+'TUNDA IKPP'!P99+'TUNDA IKPP'!P121+'TUNDA IKPP'!P143+'TUNDA IKPP'!P165+'TUNDA IKPP'!P173+'TUNDA IKPP'!P181 -> 274917.8 | AJ8: =SUM(X8:AI8) -> 4073742
D9: GT Kpl Jam | E9: 40317528 | F9: 37310315 | G9: 35612330 | H9: 44464317 | I9: =H9+(H9*I$3) -> 45798247 | J9: =I9+(I9*J$3) -> 46714211 | K9: =J9+(J9*K$3) -> 48115638 | L9: =K9+(K9*L$3) -> 49077951 | M9: =L9+(L9*M$3) -> 50550289 | N9: =I9/H9 -> 1.03 | O9: =J9/I9 -> 1.02 | P9: =K9/J9 -> 1.03 | Q9: =L9/K9 -> 1.02 | R9: =M9/L9 -> 1.03 | W9: Kpl Jam | X9: ='TUNDA IKPP'!E201 -> 154.9856 | Y9: ='TUNDA IKPP'!F201 -> 179.2021 | Z9: ='TUNDA IKPP'!G201 -> 140.4557 | AA9: ='TUNDA IKPP'!H201 -> 188.8887 | AB9: ='TUNDA IKPP'!I201 -> 164.6722 | AC9: ='TUNDA IKPP'!J201 -> 179.2021 | AD9: ='TUNDA IKPP'!K201 -> 169.5155 | AE9: ='TUNDA IKPP'!L201 -> 164.6722 | ... AI9: ='TUNDA IKPP'!P201 -> 154.9856 | AJ9: =SUM(X9:AI9) -> 2063.2458
B10: Pelsus | C10: Pandu | D10: Kpl Grk | E10: 7991 | F10: 7050.1061 | G10: 8195 | H10: 7565.9536 | I10: =H10+(H10*I$3) -> 7792.9322 | J10: =I10+(I10*J$3) -> 7948.7908 | K10: =J10+(J10*K$3) -> 8187.2546 | L10: =K10+(K10*L$3) -> 8350.9997 | M10: =L10+(L10*M$3) -> 8601.5296 | N10: =I10/H10 -> 1.03 | O10: =J10/I10 -> 1.02 | P10: =K10/J10 -> 1.03 | Q10: =L10/K10 -> 1.02 | R10: =M10/L10 -> 1.03 | W10: GT Kpl Jam | X10: ='TUNDA IKPP'!E202 -> 1277531.8 | Y10: ='TUNDA IKPP'!F202 -> 985078.79 | Z10: ='TUNDA IKPP'!G202 -> 1319770.2 | AA10: ='TUNDA IKPP'!H202 -> 1706945.9 | AB10: ='TUNDA IKPP'!I202 -> 742846.95 | AC10: ='TUNDA IKPP'!J202 -> 1605570.6 | AD10: ='TUNDA IKPP'!K202 -> 826234.77 | AE10: ='TUNDA IKPP'!L202 -> 1253637.2 | ... AI10: ='TUNDA IKPP'!P202 -> 1331509.4 | AJ10: =SUM(X10:AI10) -> 14557546
D11: GT Kpl Grk | E11: 75421585 | F11: 74066312 | G11: 87062723 | H11: 57207177 | I11: =H11+(H11*I$3) -> 58923393 | J11: =I11+(I11*J$3) -> 60101861 | K11: =J11+(J11*K$3) -> 61904916 | L11: =K11+(K11*L$3) -> 63143015 | M11: =L11+(L11*M$3) -> 65037305 | N11: =I11/H11 -> 1.03 | O11: =J11/I11 -> 1.02 | P11: =K11/J11 -> 1.03 | Q11: =L11/K11 -> 1.02 | R11: =M11/L11 -> 1.03 | U11: PELSUS | V11: PANDU | W11: Call | X11: =#REF!+#REF!+#REF!+#REF!+#REF!+#REF!+#REF!+#REF!+#REF!+#REF! -> #REF! | Y11: =#REF!+#REF!+#REF!+#REF!+#REF!+#REF!+#REF!+#REF!+#REF!+#REF! -> #REF! | Z11: =#REF!+#REF!+#REF!+#REF!+#REF!+#REF!+#REF!+#REF!+#REF!+#REF! -> #REF! | AA11: =#REF!+#REF!+#REF!+#REF!+#REF!+#REF!+#REF!+#REF!+#REF!+#REF! -> #REF! | AB11: =#REF!+#REF!+#REF!+#REF!+#REF!+#REF!+#REF!+#REF!+#REF!+#REF! -> #REF! | AC11: =#REF!+#REF!+#REF!+#REF!+#REF!+#REF!+#REF!+#REF!+#REF!+#REF! -> #REF! | AD11: =#REF!+#REF!+#REF!+#REF!+#REF!+#REF!+#REF!+#REF!+#REF!+#REF! -> #REF! | AE11: =#REF!+#REF!+#REF!+#REF!+#REF!+#REF!+#REF!+#REF!+#REF!+#REF! -> #REF! | ... AI11: =#REF!+#REF!+#REF!+#REF!+#REF!+#REF!+#REF!+#REF!+#REF!+#REF! -> #REF! | AJ11: =SUM(X11:AI11) -> #REF!
C12: Tunda | D12: Kpl Jam | E12: 24576.5 | F12: 22341.601 | G12: 22236.92 | H12: 13452.401 | I12: =H12+(H12*I$3) -> 13855.973 | J12: =I12+(I12*J$3) -> 14133.092 | K12: =J12+(J12*K$3) -> 14557.085 | L12: =K12+(K12*L$3) -> 14848.227 | M12: =L12+(L12*M$3) -> 15293.674 | N12: =I12/H12 -> 1.03 | O12: =J12/I12 -> 1.02 | P12: =K12/J12 -> 1.03 | Q12: =L12/K12 -> 1.02 | R12: =M12/L12 -> 1.03 | W12: GT | X12: =#REF!+#REF!+#REF!+#REF!+#REF!+#REF!+#REF!+#REF!+#REF!+#REF! -> #REF! | Y12: =#REF!+#REF!+#REF!+#REF!+#REF!+#REF!+#REF!+#REF!+#REF!+#REF! -> #REF! | Z12: =#REF!+#REF!+#REF!+#REF!+#REF!+#REF!+#REF!+#REF!+#REF!+#REF! -> #REF! | AA12: =#REF!+#REF!+#REF!+#REF!+#REF!+#REF!+#REF!+#REF!+#REF!+#REF! -> #REF! | AB12: =#REF!+#REF!+#REF!+#REF!+#REF!+#REF!+#REF!+#REF!+#REF!+#REF! -> #REF! | AC12: =#REF!+#REF!+#REF!+#REF!+#REF!+#REF!+#REF!+#REF!+#REF!+#REF! -> #REF! | AD12: =#REF!+#REF!+#REF!+#REF!+#REF!+#REF!+#REF!+#REF!+#REF!+#REF! -> #REF! | AE12: =#REF!+#REF!+#REF!+#REF!+#REF!+#REF!+#REF!+#REF!+#REF!+#REF! -> #REF! | ... AI12: =#REF!+#REF!+#REF!+#REF!+#REF!+#REF!+#REF!+#REF!+#REF!+#REF! -> #REF! | AJ12: =SUM(X12:AI12) -> #REF!
D13: GT Kpl Jam | E13: 2.440848e+08 | F13: 2.1648672e+08 | G13: 2.4800402e+08 | H13: 1.2548572e+08 | I13: =H13+(H13*I$3) -> 1.2925029e+08 | J13: =I13+(I13*J$3) -> 1.318353e+08 | K13: =J13+(J13*K$3) -> 1.3579036e+08 | L13: =K13+(K13*L$3) -> 1.3850616e+08 | M13: =L13+(L13*M$3) -> 1.4266135e+08 | N13: =I13/H13 -> 1.03 | O13: =J13/I13 -> 1.02 | P13: =K13/J13 -> 1.03 | Q13: =L13/K13 -> 1.02 | R13: =M13/L13 -> 1.03 | W13: Kpl.Grk | X13: =#REF! -> #REF! | Y13: =#REF! -> #REF! | Z13: =#REF! -> #REF! | AA13: =#REF! -> #REF! | AB13: =#REF! -> #REF! | AC13: =#REF! -> #REF! | AD13: =#REF! -> #REF! | AE13: =#REF! -> #REF! | ... AI13: =#REF! -> #REF! | AJ13: =SUM(X13:AI13) -> #REF!
B14: Konsolidasi | C14: Pandu | D14: Kpl Grk | E14: =E6+E10 -> 9871 | F14: =F6+F10 -> 8896.901 | G14: =G6+G10 -> 10072 | H14: =H6+H8 -> 9290.1401 | I14: =I6+I8 -> 9568.8443 | J14: =J6+J8 -> 9760.2212 | K14: =K6+K8 -> 10053.028 | L14: =L6+L8 -> 10254.088 | M14: =M6+M8 -> 10561.711 | N14: =(N6+N10)/2 -> 1.03 | O14: =(O6+O10)/2 -> 1.02 | P14: =(P6+P10)/2 -> 1.03 | Q14: =(Q6+Q10)/2 -> 1.02 | R14: =(R6+R10)/2 -> 1.03 | W14: GT.Kpl.Grk | X14: =#REF! -> #REF! | Y14: =#REF! -> #REF! | Z14: =#REF! -> #REF! | AA14: =#REF! -> #REF! | AB14: =#REF! -> #REF! | AC14: =#REF! -> #REF! | AD14: =#REF! -> #REF! | AE14: =#REF! -> #REF! | ... AI14: =#REF! -> #REF! | AJ14: =SUM(X14:AI14) -> #REF!
D15: GT Kpl Grk | E15: =E7+E11 -> 88507179 | F15: =F7+F11 -> 85829484 | G15: =G7+G11 -> 99835474 | H15: =H7+H9 -> 54646472 | I15: =I7+I9 -> 56285866 | J15: =J7+J9 -> 57411583 | K15: =K7+K9 -> 59133931 | L15: =L7+L9 -> 60316610 | M15: =M7+M9 -> 62126108 | N15: =(N7+N11)/2 -> 1.03 | O15: =(O7+O11)/2 -> 1.02 | P15: =(P7+P11)/2 -> 1.03 | Q15: =(Q7+Q11)/2 -> 1.02 | R15: =(R7+R11)/2 -> 1.03 | V15: TUNDA | W15: Call | X15: =#REF!+#REF!+#REF!+#REF!+#REF!+#REF!+#REF!+#REF!+#REF!+#REF!+#REF! -> #REF! | Y15: =#REF!+#REF!+#REF!+#REF!+#REF!+#REF!+#REF!+#REF!+#REF!+#REF!+#REF! -> #REF! | Z15: =#REF!+#REF!+#REF!+#REF!+#REF!+#REF!+#REF!+#REF!+#REF!+#REF!+#REF! -> #REF! | AA15: =#REF!+#REF!+#REF!+#REF!+#REF!+#REF!+#REF!+#REF!+#REF!+#REF!+#REF! -> #REF! | AB15: =#REF!+#REF!+#REF!+#REF!+#REF!+#REF!+#REF!+#REF!+#REF!+#REF!+#REF! -> #REF! | AC15: =#REF!+#REF!+#REF!+#REF!+#REF!+#REF!+#REF!+#REF!+#REF!+#REF!+#REF! -> #REF! | AD15: =#REF!+#REF!+#REF!+#REF!+#REF!+#REF!+#REF!+#REF!+#REF!+#REF!+#REF! -> #REF! | AE15: =#REF!+#REF!+#REF!+#REF!+#REF!+#REF!+#REF!+#REF!+#REF!+#REF!+#REF! -> #REF! | ... AI15: =#REF!+#REF!+#REF!+#REF!+#REF!+#REF!+#REF!+#REF!+#REF!+#REF!+#REF! -> #REF! | AJ15: =SUM(X15:AI15) -> #REF!
C16: Tunda | D16: Kpl Jam | E16: =E8+E12 -> 29651 | F16: =F8+F12 -> 27802.919 | G16: =G8+G12 -> 27127.05 | H16: =H12+H10 -> 21018.354 | I16: =I12+I10 -> 21648.905 | J16: =J12+J10 -> 22081.883 | K16: =K12+K10 -> 22744.34 | L16: =L12+L10 -> 23199.226 | M16: =M12+M10 -> 23895.203 | N16: =(N8+N12)/2 -> 1.03 | O16: =(O8+O12)/2 -> 1.02 | P16: =(P8+P12)/2 -> 1.03 | Q16: =(Q8+Q12)/2 -> 1.02 | R16: =(R8+R12)/2 -> 1.03 | W16: GT | X16: =#REF!+#REF!+#REF!+#REF!+#REF!+#REF!+#REF!+#REF!+#REF!+#REF!+#REF! -> #REF! | Y16: =#REF!+#REF!+#REF!+#REF!+#REF!+#REF!+#REF!+#REF!+#REF!+#REF!+#REF! -> #REF! | Z16: =#REF!+#REF!+#REF!+#REF!+#REF!+#REF!+#REF!+#REF!+#REF!+#REF!+#REF! -> #REF! | AA16: =#REF!+#REF!+#REF!+#REF!+#REF!+#REF!+#REF!+#REF!+#REF!+#REF!+#REF! -> #REF! | AB16: =#REF!+#REF!+#REF!+#REF!+#REF!+#REF!+#REF!+#REF!+#REF!+#REF!+#REF! -> #REF! | AC16: =#REF!+#REF!+#REF!+#REF!+#REF!+#REF!+#REF!+#REF!+#REF!+#REF!+#REF! -> #REF! | AD16: =#REF!+#REF!+#REF!+#REF!+#REF!+#REF!+#REF!+#REF!+#REF!+#REF!+#REF! -> #REF! | AE16: =#REF!+#REF!+#REF!+#REF!+#REF!+#REF!+#REF!+#REF!+#REF!+#REF!+#REF! -> #REF! | ... AI16: =#REF!+#REF!+#REF!+#REF!+#REF!+#REF!+#REF!+#REF!+#REF!+#REF!+#REF! -> #REF! | AJ16: =SUM(X16:AI16) -> #REF!
D17: GT Kpl Jam | E17: =E9+E13 -> 284402325 | F17: =F9+F13 -> 2.5379703e+08 | G17: =G9+G13 -> 2.8361635e+08 | H17: =H13+H11 -> 1.826929e+08 | I17: =I13+I11 -> 1.8817368e+08 | J17: =J13+J11 -> 1.9193716e+08 | K17: =K13+K11 -> 1.9769527e+08 | L17: =L13+L11 -> 2.0164918e+08 | M17: =M13+M11 -> 2.0769865e+08 | N17: =(N9+N13)/2 -> 1.03 | O17: =(O9+O13)/2 -> 1.02 | P17: =(P9+P13)/2 -> 1.03 | Q17: =(Q9+Q13)/2 -> 1.02 | R17: =(R9+R13)/2 -> 1.03 | W17: Kpl Jam | X17: =#REF! -> #REF! | Y17: =#REF! -> #REF! | Z17: =#REF! -> #REF! | AA17: =#REF! -> #REF! | AB17: =#REF! -> #REF! | AC17: =#REF! -> #REF! | AD17: =#REF! -> #REF! | AE17: =#REF! -> #REF! | ... AI17: =#REF! -> #REF! | AJ17: =SUM(X17:AI17) -> #REF!
W18: GT Kpl Jam | X18: =#REF! -> #REF! | Y18: =#REF! -> #REF! | Z18: =#REF! -> #REF! | AA18: =#REF! -> #REF! | AB18: =#REF! -> #REF! | AC18: =#REF! -> #REF! | AD18: =#REF! -> #REF! | AE18: =#REF! -> #REF! | ... AI18: =#REF! -> #REF! | AJ18: =SUM(X18:AI18) -> #REF!
B19: Pendapatan Pandu dan Tunda Unit Banten | I19: 0.3 | J19: 0.02 | K19: 0.03 | L19: 0.02 | M19: 0.03
B20: Area | C20: Layanan | D20: Satuan | E20: RKAP 2024 (BPC v1) | F20: Realisasi 2023 | G20: RKAP 2024 | H20: RKAP 2024 | I20: RKAP 2025 | J20: RKAP 2026 | K20: RKAP 2027 | L20: RKAP 2028 | M20: RKAP 2029 | N20: Persentase
E21: a | F21: b | G21: c | H21: d | I21: e | J21: f | K21: g | L21: h | M21: i | N21: j=e/d | O21: k=f/e | P21: l=g/f | Q21: m=h/g | R21: n=i/h
B22: Derum | C22: Pandu | D22: Kpl Grk | E22: 3662842598 | F22: 3780004121 | G22: 4.9088207e+09 | H22: ='PANDU IKPP'!$O$76 -> 3.108918e+09 | I22: =H22+(H22*I$19) -> 4.0415934e+09 | J22: =I22+(I22*J$19) -> 4.1224253e+09 | K22: =J22+(J22*K$19) -> 4.246098e+09 | L22: =K22+(K22*L$19) -> 4.33102e+09 | M22: =L22+(L22*M$19) -> 4.4609506e+09 | N22: =I22/H22 -> 1.3 | O22: =J22/I22 -> 1.02 | P22: =K22/J22 -> 1.03 | Q22: =L22/K22 -> 1.02 | R22: =M22/L22 -> 1.03
C23: Tunda | D23: GT Kpl Grk | E23: 20119424026 | F23: 23648304299 | G23: 4.3449886e+10 | H23: ='TUNDA IKPP'!Q193 -> 2.1797647e+10 | I23: =H23+(H23*I$19) -> 2.8336941e+10 | J23: =I23+(I23*J$19) -> 2.890368e+10 | K23: =J23+(J23*K$19) -> 2.9770791e+10 | L23: =K23+(K23*L$19) -> 3.0366206e+10 | M23: =L23+(L23*M$19) -> 3.1277193e+10 | N23: =I23/H23 -> 1.3 | O23: =J23/I23 -> 1.02 | P23: =K23/J23 -> 1.03 | Q23: =L23/K23 -> 1.02 | R23: =M23/L23 -> 1.03
B24: Pelsus | C24: Pandu | D24: Kpl Grk | E24: 17261281839 | F24: 18646890622 | G24: 2.1088333e+10 | H24: =#REF! -> #REF! | I24: =H24+(H24*I$19) -> #REF! | J24: =I24+(I24*J$19) -> #REF! | K24: =J24+(J24*K$19) -> #REF! | L24: =K24+(K24*L$19) -> #REF! | M24: =L24+(L24*M$19) -> #REF! | N24: =I24/H24 -> #REF! | O24: =J24/I24 -> #REF! | P24: =K24/J24 -> #REF! | Q24: =L24/K24 -> #REF! | R24: =M24/L24 -> #REF!
C25: Tunda | D25: GT Kpl Grk | E25: 83393040781 | F25: 88424721167 | G25: 9.6349748e+10 | H25: =#REF! -> #REF! | I25: =H25+(H25*I$19) -> #REF! | J25: =I25+(I25*J$19) -> #REF! | K25: =J25+(J25*K$19) -> #REF! | L25: =K25+(K25*L$19) -> #REF! | M25: =L25+(L25*M$19) -> #REF! | N25: =I25/H25 -> #REF! | O25: =J25/I25 -> #REF! | P25: =K25/J25 -> #REF! | Q25: =L25/K25 -> #REF! | R25: =M25/L25 -> #REF!
B26: Total | E26: =SUM(E22:E25) -> 124436589244 | F26: =SUM(F22:F25) -> 134499920209 | G26: =SUM(G22:G25) -> 1.6579679e+11 | H26: =SUM(H22:H25) -> #REF! | I26: =SUM(I22:I25) -> #REF! | J26: =SUM(J22:J25) -> #REF! | K26: =SUM(K22:K25) -> #REF! | L26: =SUM(L22:L25) -> #REF! | M26: =SUM(M22:M25) -> #REF! | N26: =I26/H26 -> #REF! | O26: =J26/I26 -> #REF! | P26: =K26/J26 -> #REF! | Q26: =L26/K26 -> #REF! | R26: =M26/L26 -> #REF!
A28: Keterangan
A29: 1 | B29: Wilayah Banten Memiliki 3 (tiga) BUP yang beroperasi dalam 1 (satu) wilayah wajib Pandu Kelas I;
A30: 2 | B30: Perbandingan Persentase Pendapatan TUKS 80% dan Derum 20%;
A31: 3 | B31: Adanya Kompetitor Pelabuhan Cilgeon Mandiri (PCM) untuk Pelayanan Pemanduan dan Penundaan TUKS untuk Cargo Chemical ;
A32: 4 | B32: Adanya Penurunan Trafik Realisasi 2023 di dermaga umum karena adanya kompetitor KBS yang dapat melayani kegiatan barang umum;
A33: 5 | B33: Berhentinya pengoperasian Kapal Roro Atosim Trayek Banten - Panjang pada bulan September 2023 sampai dengan sekarang.

Sheet PANDU IKPP
B1: Dollar | C1: 16900 | F1: Tarif LN | G1: 71.5 | I1: Tarif DN | J1: 631880 | L1: Kpl.Grk | M1: 1 | P1: =USULAN!N22 -> 3079864506 | V1: Dollar | W1: 17500 | Z1: Tarif LN | AA1: 71.5 | AC1: Tarif DN | AD1: 631880 | AF1: Kpl.Grk | AG1: 1 | AJ1: =USULAN!O22 -> 3.1722604e+09 | AK1: =IF(AJ1<1,"LEBIH","KURANG") -> KURANG
B2: In/Out | C2: 2 | G2: 0.032 | J2: 181 | L2: GT Kpl.Grk | M2: =M1 -> 1 | V2: In/Out | W2: 2 | AA2: 0.032 | AD2: 181 | AF2: GT Kpl.Grk | AG2: =AG1 -> 1
G3: 2 | H3: CALL | I3: 0.75 | AA3: 2 | AB3: call | AC3: 1
H4: GT | I4: 0.75 | W4: 0 | AB4: gt | AC4: 1
B5: TAKSASI 2025 | V5: RKAP 2026
B6: LN | C6: Jan | D6: Feb | E6: Mar | F6: Apr | G6: Mei | H6: Jun | I6: Jul | J6: Aug | K6: Sept | L6: Okt | M6: Nov | N6: Des | O6: JUMLAH | V6: LN | W6: Jan | X6: Feb | Y6: Mar | Z6: Apr | AA6: Mei | AB6: Jun | AC6: Jul | AD6: Aug | AE6: Sept | AF6: Okt | AG6: Nov | AH6: Des | AI6: JUMLAH
B7: GC | C7: ='TAMBAT-IKPP'!E8 -> 7 | D7: ='TAMBAT-IKPP'!F8 -> 4 | E7: ='TAMBAT-IKPP'!G8 -> 9 | F7: 8 | G7: 6 | H7: 7 | I7: 9 | J7: 5 | K7: 8 | L7: 9 | M7: 7 | N7: 6 | O7: =SUM(C7:N7) -> 85 | V7: GC | W7: 8 | X7: 6 | Y7: 4 | Z7: 4 | AA7: 6 | AB7: 4 | AC7: 7 | AD7: 8 | AE7: 6 | AF7: 6 | AG7: 4 | AH7: 6 | AI7: =SUM(W7:AH7) -> 69
C8: ='TAMBAT-IKPP'!E9 -> 178208 | D8: ='TAMBAT-IKPP'!F9 -> 38129 | E8: ='TAMBAT-IKPP'!G9 -> 191884 | F8: 203666.29 | G8: 57193.5 | H8: 149243.11 | I8: 85790.25 | J8: 106602.22 | K8: 76258 | L8: 191884 | M8: 66725.75 | N8: 127922.67 | O8: =SUM(C8:N8) -> 1473506.8 | W8: 106603 | X8: =ROUNDUP(D8*$AC$4,) -> 38129 | Y8: =ROUNDUP(E8*$AC$4,) -> 191884 | Z8: =ROUNDUP(F8*$AC$4,) -> 203667 | AA8: =ROUNDUP(G8*$AC$4,) -> 57194 | AB8: =ROUNDUP(H8*$AC$4,) -> 149244 | AC8: =ROUNDUP(I8*$AC$4,) -> 85791 | AD8: =ROUNDUP(J8*$AC$4,) -> 106603 | AE8: =ROUNDUP(K8*$AC$4,) -> 76258 | ... AH8: =ROUNDUP(N8*$AC$4,) -> 127923 | AI8: =SUM(W8:AH8) -> 1401906
A9: =$M$1 -> 1 | B9: Kpl.Grk | C9: =C7*$C$2 -> 14 | D9: =D7*$C$2 -> 8 | E9: =E7*$C$2 -> 18 | F9: =F7*$C$2 -> 16 | G9: =G7*$C$2 -> 12 | H9: =H7*$C$2 -> 14 | I9: =I7*$C$2 -> 18 | J9: =J7*$C$2 -> 10 | ... N9: =N7*$C$2 -> 12 | O9: =SUM(C9:N9) -> 170 | U9: =$AG$1 -> 1 | V9: Kpl.Grk | W9: =W7*$C$2 -> 16 | X9: =X7*$C$2 -> 12 | Y9: =Y7*$C$2 -> 8 | Z9: =Z7*$C$2 -> 8 | AA9: =AA7*$C$2 -> 12 | AB9: =AB7*$C$2 -> 8 | AC9: =AC7*$C$2 -> 14 | AD9: =AD7*$C$2 -> 16 | ... AH9: =AH7*$C$2 -> 12 | AI9: =SUM(W9:AH9) -> 138
A10: =$M$2 -> 1 | B10: GT.Kpl.Grk | C10: =C8*$C$2 -> 356416 | D10: =D8*$C$2 -> 76258 | E10: =E8*$C$2 -> 383768 | F10: =F8*$C$2 -> 407332.57 | G10: =G8*$C$2 -> 114387 | H10: =H8*$C$2 -> 298486.22 | I10: =I8*$C$2 -> 171580.5 | J10: =J8*$C$2 -> 213204.44 | ... N10: =N8*$C$2 -> 255845.33 | O10: =SUM(C10:N10) -> 2947013.6 | U10: =$AG$2 -> 1 | V10: GT.Kpl.Grk | W10: =W8*$C$2 -> 213206 | X10: =X8*$C$2 -> 76258 | Y10: =Y8*$C$2 -> 383768 | Z10: =Z8*$C$2 -> 407334 | AA10: =AA8*$C$2 -> 114388 | AB10: =AB8*$C$2 -> 298488 | AC10: =AC8*$C$2 -> 171582 | AD10: =AD8*$C$2 -> 213206 | ... AH10: =AH8*$C$2 -> 255846 | AI10: =SUM(W10:AH10) -> 2803812
B11: Rupiah Move | C11: =(C9*$G$1*$C$1)*$A9 -> 16916900 | D11: =(D9*$G$1*$C$1)*$A9 -> 9666800 | E11: =(E9*$G$1*$C$1)*$A9 -> 21750300 | F11: =(F9*$G$1*$C$1)*$A9 -> 19333600 | G11: =(G9*$G$1*$C$1)*$A9 -> 14500200 | H11: =(H9*$G$1*$C$1)*$A9 -> 16916900 | I11: =(I9*$G$1*$C$1)*$A9 -> 21750300 | J11: =(J9*$G$1*$C$1)*$A9 -> 12083500 | ... N11: =(N9*$G$1*$C$1)*$A9 -> 14500200 | O11: =SUM(C11:N11) -> 205419500 | V11: Rupiah Move | W11: =(W9*$G$1*$C$1)*$U9 -> 19333600 | X11: =(X9*$G$1*$C$1)*$U9 -> 14500200 | Y11: =(Y9*$G$1*$C$1)*$U9 -> 9666800 | Z11: =(Z9*$G$1*$C$1)*$U9 -> 9666800 | AA11: =(AA9*$G$1*$C$1)*$U9 -> 14500200 | AB11: =(AB9*$G$1*$C$1)*$U9 -> 9666800 | AC11: =(AC9*$G$1*$C$1)*$U9 -> 16916900 | AD11: =(AD9*$G$1*$C$1)*$U9 -> 19333600 | ... AH11: =(AH9*$G$1*$C$1)*$U9 -> 14500200 | AI11: =SUM(W11:AH11) -> 166752300
B12: Rupiah GT | C12: =(C10*$G$2*$C$1)*$A10 -> 1.9274977e+08 | D12: =(D10*$G$2*$C$1)*$A10 -> 41240326 | E12: =(E10*$G$2*$C$1)*$A10 -> 2.0754173e+08 | F12: =(F10*$G$2*$C$1)*$A10 -> 2.2028545e+08 | G12: =(G10*$G$2*$C$1)*$A10 -> 61860490 | H12: =(H10*$G$2*$C$1)*$A10 -> 1.6142135e+08 | I12: =(I10*$G$2*$C$1)*$A10 -> 92790734 | J12: =(J10*$G$2*$C$1)*$A10 -> 1.1530096e+08 | ... N12: =(N10*$G$2*$C$1)*$A10 -> 1.3836116e+08 | O12: =SUM(C12:N12) -> 1.5937449e+09 | V12: Rupiah GT | W12: =(W10*$G$2*$C$1)*$U10 -> 1.153018e+08 | X12: =(X10*$G$2*$C$1)*$U10 -> 41240326 | Y12: =(Y10*$G$2*$C$1)*$U10 -> 2.0754173e+08 | Z12: =(Z10*$G$2*$C$1)*$U10 -> 2.2028623e+08 | AA12: =(AA10*$G$2*$C$1)*$U10 -> 61861030 | AB12: =(AB10*$G$2*$C$1)*$U10 -> 1.6142231e+08 | AC12: =(AC10*$G$2*$C$1)*$U10 -> 92791546 | AD12: =(AD10*$G$2*$C$1)*$U10 -> 1.153018e+08 | ... AH12: =(AH10*$G$2*$C$1)*$U10 -> 1.3836152e+08 | AI12: =SUM(W12:AH12) -> 1.5163015e+09 | AL12: 67737
B13: CC | O13: =SUM(C13:N13) -> 0 | V13: CC | AI13: =SUM(W13:AH13) -> 0 | AL13: =AL12/12 -> 5644.75
O14: =SUM(C14:N14) -> 0 | AI14: =SUM(W14:AH14) -> 0
A15: =$M$1 -> 1 | B15: Kpl.Grk | O15: =SUM(C15:N15) -> 0 | U15: =$AG$1 -> 1 | V15: Kpl.Grk | W15: =W13*$C$2 -> 0 | X15: =X13*$C$2 -> 0 | Y15: =Y13*$C$2 -> 0 | Z15: =Z13*$C$2 -> 0 | AA15: =AA13*$C$2 -> 0 | AB15: =AB13*$C$2 -> 0 | AC15: =AC13*$C$2 -> 0 | AD15: =AD13*$C$2 -> 0 | ... AH15: =AH13*$C$2 -> 0 | AI15: =SUM(W15:AH15) -> 0
A16: =$M$2 -> 1 | B16: GT.Kpl.Grk | O16: =SUM(C16:N16) -> 0 | U16: =$AG$2 -> 1 | V16: GT.Kpl.Grk | W16: =W14*$C$2 -> 0 | X16: =X14*$C$2 -> 0 | Y16: =Y14*$C$2 -> 0 | Z16: =Z14*$C$2 -> 0 | AA16: =AA14*$C$2 -> 0 | AB16: =AB14*$C$2 -> 0 | AC16: =AC14*$C$2 -> 0 | AD16: =AD14*$C$2 -> 0 | ... AH16: =AH14*$C$2 -> 0 | AI16: =SUM(W16:AH16) -> 0
B17: Rupiah Move | O17: =SUM(C17:N17) -> 0 | V17: Rupiah Move | W17: =(W15*$G$1*$C$1)*$U15 -> 0 | X17: =(X15*$G$1*$C$1)*$U15 -> 0 | Y17: =(Y15*$G$1*$C$1)*$U15 -> 0 | Z17: =(Z15*$G$1*$C$1)*$U15 -> 0 | AA17: =(AA15*$G$1*$C$1)*$U15 -> 0 | AB17: =(AB15*$G$1*$C$1)*$U15 -> 0 | AC17: =(AC15*$G$1*$C$1)*$U15 -> 0 | AD17: =(AD15*$G$1*$C$1)*$U15 -> 0 | ... AH17: =(AH15*$G$1*$C$1)*$U15 -> 0 | AI17: =SUM(W17:AH17) -> 0
B18: Rupiah GT | O18: =SUM(C18:N18) -> 0 | V18: Rupiah GT | W18: =(W16*$G$2*$C$1)*$U16 -> 0 | X18: =(X16*$G$2*$C$1)*$U16 -> 0 | Y18: =(Y16*$G$2*$C$1)*$U16 -> 0 | Z18: =(Z16*$G$2*$C$1)*$U16 -> 0 | AA18: =(AA16*$G$2*$C$1)*$U16 -> 0 | AB18: =(AB16*$G$2*$C$1)*$U16 -> 0 | AC18: =(AC16*$G$2*$C$1)*$U16 -> 0 | AD18: =(AD16*$G$2*$C$1)*$U16 -> 0 | ... AH18: =(AH16*$G$2*$C$1)*$U16 -> 0 | AI18: =SUM(W18:AH18) -> 0
B19: CK | C19: ='TAMBAT-IKPP'!E16 -> 0 | D19: ='TAMBAT-IKPP'!F16 -> 3 | E19: ='TAMBAT-IKPP'!G16 -> 2 | F19: 3 | G19: 3 | H19: 4 | I19: 2 | J19: 3 | K19: 2 | L19: 4 | M19: 3 | N19: 3 | O19: =SUM(C19:N19) -> 32 | R19: =TRAFIK!U6 -> -1514127.5 | V19: CK | W19: 6 | X19: 5 | Y19: 2 | Z19: 4 | AA19: 1 | AB19: 3 | AC19: 4 | AD19: 6 | AE19: 5 | AF19: 6 | AG19: 4 | AH19: 5 | AI19: =SUM(W19:AH19) -> 51
C20: ='TAMBAT-IKPP'!E17 -> 0 | D20: ='TAMBAT-IKPP'!F17 -> 57001 | E20: ='TAMBAT-IKPP'!G17 -> 3198 | F20: 57001 | G20: 4797 | H20: 76001.333 | I20: 3198 | J20: 57001 | K20: 3198 | L20: 76001.333 | M20: 4797 | N20: 57001 | O20: =SUM(C20:N20) -> 399194.67 | W20: 76002 | X20: =ROUNDUP(D20*$AC$4,) -> 57001 | Y20: =ROUNDUP(E20*$AC$4,) -> 3198 | Z20: =ROUNDUP(F20*$AC$4,) -> 57001 | AA20: =ROUNDUP(G20*$AC$4,) -> 4797 | AB20: =ROUNDUP(H20*$AC$4,) -> 76002 | AC20: =ROUNDUP(I20*$AC$4,) -> 3198 | AD20: =ROUNDUP(J20*$AC$4,) -> 57001 | AE20: =ROUNDUP(K20*$AC$4,) -> 3198 | ... AH20: =ROUNDUP(N20*$AC$4,) -> 57001 | AI20: =SUM(W20:AH20) -> 475198
A21: =$M$1 -> 1 | B21: Kpl.Grk | C21: =C19*$C$2 -> 0 | D21: =D19*$C$2 -> 6 | E21: =E19*$C$2 -> 4 | F21: =F19*$C$2 -> 6 | G21: =G19*$C$2 -> 6 | H21: =H19*$C$2 -> 8 | I21: =I19*$C$2 -> 4 | J21: =J19*$C$2 -> 6 | ... N21: =N19*$C$2 -> 6 | O21: =SUM(C21:N21) -> 64 | U21: =$AG$1 -> 1 | V21: Kpl.Grk | W21: =W19*$C$2 -> 12 | X21: =X19*$C$2 -> 10 | Y21: =Y19*$C$2 -> 4 | Z21: =Z19*$C$2 -> 8 | AA21: =AA19*$C$2 -> 2 | AB21: =AB19*$C$2 -> 6 | AC21: =AC19*$C$2 -> 8 | AD21: =AD19*$C$2 -> 12 | ... AH21: =AH19*$C$2 -> 10 | AI21: =SUM(W21:AH21) -> 102
A22: =$M$2 -> 1 | B22: GT.Kpl.Grk | C22: =C20*$C$2 -> 0 | D22: =D20*$C$2 -> 114002 | E22: =E20*$C$2 -> 6396 | F22: =F20*$C$2 -> 114002 | G22: =G20*$C$2 -> 9594 | H22: =H20*$C$2 -> 152002.67 | I22: =I20*$C$2 -> 6396 | J22: =J20*$C$2 -> 114002 | ... N22: =N20*$C$2 -> 114002 | O22: =SUM(C22:N22) -> 798389.33 | U22: =$AG$2 -> 1 | V22: GT.Kpl.Grk | W22: =W20*$C$2 -> 152004 | X22: =X20*$C$2 -> 114002 | Y22: =Y20*$C$2 -> 6396 | Z22: =Z20*$C$2 -> 114002 | AA22: =AA20*$C$2 -> 9594 | AB22: =AB20*$C$2 -> 152004 | AC22: =AC20*$C$2 -> 6396 | AD22: =AD20*$C$2 -> 114002 | ... AH22: =AH20*$C$2 -> 114002 | AI22: =SUM(W22:AH22) -> 950396
B23: Rupiah Move | C23: =(C21*$G$1*$C$1)*$A21 -> 0 | D23: =(D21*$G$1*$C$1)*$A21 -> 7250100 | E23: =(E21*$G$1*$C$1)*$A21 -> 4833400 | F23: =(F21*$G$1*$C$1)*$A21 -> 7250100 | G23: =(G21*$G$1*$C$1)*$A21 -> 7250100 | H23: =(H21*$G$1*$C$1)*$A21 -> 9666800 | I23: =(I21*$G$1*$C$1)*$A21 -> 4833400 | J23: =(J21*$G$1*$C$1)*$A21 -> 7250100 | ... N23: =(N21*$G$1*$C$1)*$A21 -> 7250100 | O23: =SUM(C23:N23) -> 77334400 | V23: Rupiah Move | W23: =(W21*$G$1*$C$1)*$U21 -> 14500200 | X23: =(X21*$G$1*$C$1)*$U21 -> 12083500 | Y23: =(Y21*$G$1*$C$1)*$U21 -> 4833400 | Z23: =(Z21*$G$1*$C$1)*$U21 -> 9666800 | AA23: =(AA21*$G$1*$C$1)*$U21 -> 2416700 | AB23: =(AB21*$G$1*$C$1)*$U21 -> 7250100 | AC23: =(AC21*$G$1*$C$1)*$U21 -> 9666800 | AD23: =(AD21*$G$1*$C$1)*$U21 -> 14500200 | ... AH23: =(AH21*$G$1*$C$1)*$U21 -> 12083500 | AI23: =SUM(W23:AH23) -> 123251700
B24: Rupiah GT | C24: =(C22*$G$2*$C$1)*$A22 -> 0 | D24: =(D22*$G$2*$C$1)*$A22 -> 61652282 | E24: =(E22*$G$2*$C$1)*$A22 -> 3458956.8 | F24: =(F22*$G$2*$C$1)*$A22 -> 61652282 | G24: =(G22*$G$2*$C$1)*$A22 -> 5188435.2 | H24: =(H22*$G$2*$C$1)*$A22 -> 82203042 | I24: =(I22*$G$2*$C$1)*$A22 -> 3458956.8 | J24: =(J22*$G$2*$C$1)*$A22 -> 61652282 | ... N24: =(N22*$G$2*$C$1)*$A22 -> 61652282 | O24: =SUM(C24:N24) -> 4.3176895e+08 | V24: Rupiah GT | W24: =(W22*$G$2*$C$1)*$U22 -> 82203763 | X24: =(X22*$G$2*$C$1)*$U22 -> 61652282 | Y24: =(Y22*$G$2*$C$1)*$U22 -> 3458956.8 | Z24: =(Z22*$G$2*$C$1)*$U22 -> 61652282 | AA24: =(AA22*$G$2*$C$1)*$U22 -> 5188435.2 | AB24: =(AB22*$G$2*$C$1)*$U22 -> 82203763 | AC24: =(AC22*$G$2*$C$1)*$U22 -> 3458956.8 | AD24: =(AD22*$G$2*$C$1)*$U22 -> 61652282 | ... AH24: =(AH22*$G$2*$C$1)*$U22 -> 61652282 | AI24: =SUM(W24:AH24) -> 5.1397416e+08
B25: Tongkang GC | G25: 0 | H25: 0 | I25: =IF(ROUND((C25*$I$3),)=1,1,IF($I$3>1,ROUNDUP((C25*$I$3),),ROUNDDOWN((C25*$I$3),))) -> 0 | J25: =IF(ROUND((D25*$I$3),)=1,1,IF($I$3>1,ROUNDUP((D25*$I$3),),ROUNDDOWN((D25*$I$3),))) -> 0 | K25: =IF(ROUND((E25*$I$3),)=1,1,IF($I$3>1,ROUNDUP((E25*$I$3),),ROUNDDOWN((E25*$I$3),))) -> 0 | L25: =IF(ROUND((F25*$I$3),)=1,1,IF($I$3>1,ROUNDUP((F25*$I$3),),ROUNDDOWN((F25*$I$3),))) -> 0 | M25: =IF(ROUND((G25*$I$3),)=1,1,IF($I$3>1,ROUNDUP((G25*$I$3),),ROUNDDOWN((G25*$I$3),))) -> 0 | N25: =IF(ROUND((H25*$I$3),)=1,1,IF($I$3>1,ROUNDUP((H25*$I$3),),ROUNDDOWN((H25*$I$3),))) -> 0 | O25: =SUM(C25:N25) -> 0 | V25: Tongkang GC | W25: =IF(ROUND((C25*$AC$3),)=1,1,IF($AC$3>1,ROUNDUP((C25*$AC$3),),ROUNDDOWN((C25*$AC$3),))) -> 0 | X25: =IF(ROUND((D25*$AC$3),)=1,1,IF($AC$3>1,ROUNDUP((D25*$AC$3),),ROUNDDOWN((D25*$AC$3),))) -> 0 | Y25: =IF(ROUND((E25*$AC$3),)=1,1,IF($AC$3>1,ROUNDUP((E25*$AC$3),),ROUNDDOWN((E25*$AC$3),))) -> 0 | Z25: =IF(ROUND((F25*$AC$3),)=1,1,IF($AC$3>1,ROUNDUP((F25*$AC$3),),ROUNDDOWN((F25*$AC$3),))) -> 0 | AA25: =IF(ROUND((G25*$AC$3),)=1,1,IF($AC$3>1,ROUNDUP((G25*$AC$3),),ROUNDDOWN((G25*$AC$3),))) -> 0 | AB25: =IF(ROUND((H25*$AC$3),)=1,1,IF($AC$3>1,ROUNDUP((H25*$AC$3),),ROUNDDOWN((H25*$AC$3),))) -> 0 | AC25: =IF(ROUND((I25*$AC$3),)=1,1,IF($AC$3>1,ROUNDUP((I25*$AC$3),),ROUNDDOWN((I25*$AC$3),))) -> 0 | AD25: =IF(ROUND((J25*$AC$3),)=1,1,IF($AC$3>1,ROUNDUP((J25*$AC$3),),ROUNDDOWN((J25*$AC$3),))) -> 0 | ... AH25: =IF(ROUND((N25*$AC$3),)=1,1,IF($AC$3>1,ROUNDUP((N25*$AC$3),),ROUNDDOWN((N25*$AC$3),))) -> 0 | AI25: =SUM(W25:AH25) -> 0
G26: 0 | H26: 0 | I26: =IF(I25=1,C26,IF(I21>1,ROUNDUP((C26*$I$4),),ROUNDDOWN((C26*$I$4),))) -> 0 | J26: =IF(J25=1,D26,IF(J21>1,ROUNDUP((D26*$I$4),),ROUNDDOWN((D26*$I$4),))) -> 0 | K26: =IF(K25=1,E26,IF(K21>1,ROUNDUP((E26*$I$4),),ROUNDDOWN((E26*$I$4),))) -> 0 | L26: =IF(L25=1,F26,IF(L21>1,ROUNDUP((F26*$I$4),),ROUNDDOWN((F26*$I$4),))) -> 0 | M26: =IF(M25=1,G26,IF(M21>1,ROUNDUP((G26*$I$4),),ROUNDDOWN((G26*$I$4),))) -> 0 | N26: =IF(N25=1,H26,IF(N21>1,ROUNDUP((H26*$I$4),),ROUNDDOWN((H26*$I$4),))) -> 0 | O26: =SUM(C26:N26) -> 0 | W26: =ROUNDUP(C26*$AC$4,) -> 0 | X26: =ROUNDUP(D26*$AC$4,) -> 0 | Y26: =ROUNDUP(E26*$AC$4,) -> 0 | Z26: =ROUNDUP(F26*$AC$4,) -> 0 | AA26: =ROUNDUP(G26*$AC$4,) -> 0 | AB26: =ROUNDUP(H26*$AC$4,) -> 0 | AC26: =ROUNDUP(I26*$AC$4,) -> 0 | AD26: =ROUNDUP(J26*$AC$4,) -> 0 | ... AH26: =ROUNDUP(N26*$AC$4,) -> 0
A27: =$M$1 -> 1 | B27: Kpl.Grk | C27: =C25*$C$2 -> 0 | D27: =D25*$C$2 -> 0 | E27: =E25*$C$2 -> 0 | F27: =F25*$C$2 -> 0 | G27: =G25*$C$2 -> 0 | H27: =H25*$C$2 -> 0 | I27: =I25*$C$2 -> 0 | J27: =J25*$C$2 -> 0 | ... N27: =N25*$C$2 -> 0 | O27: =SUM(C27:N27) -> 0 | U27: =$AG$1 -> 1 | V27: Kpl.Grk
A28: =$M$2 -> 1 | B28: GT.Kpl.Grk | C28: =C26*$C$2 -> 0 | D28: =D26*$C$2 -> 0 | E28: =E26*$C$2 -> 0 | F28: =F26*$C$2 -> 0 | G28: =G26*$C$2 -> 0 | H28: =H26*$C$2 -> 0 | I28: =I26*$C$2 -> 0 | J28: =J26*$C$2 -> 0 | ... N28: =N26*$C$2 -> 0 | O28: =SUM(C28:N28) -> 0 | U28: =$AG$2 -> 1 | V28: GT.Kpl.Grk
B29: Rupiah Move | C29: =C27*$G$1*$C$1 -> 0 | D29: =D27*$G$1*$C$1 -> 0 | E29: =E27*$G$1*$C$1 -> 0 | F29: =F27*$G$1*$C$1 -> 0 | G29: =G27*$G$1*$C$1 -> 0 | H29: =H27*$G$1*$C$1 -> 0 | I29: =I27*$G$1*$C$1 -> 0 | J29: =J27*$G$1*$C$1 -> 0 | ... N29: =N27*$G$1*$C$1 -> 0 | O29: =SUM(C29:N29) -> 0 | V29: Rupiah Move | W29: =(W27*$G$1*$C$1)*$U27 -> 0 | X29: =(X27*$G$1*$C$1)*$U27 -> 0 | Y29: =(Y27*$G$1*$C$1)*$U27 -> 0 | Z29: =(Z27*$G$1*$C$1)*$U27 -> 0 | AA29: =(AA27*$G$1*$C$1)*$U27 -> 0 | AB29: =(AB27*$G$1*$C$1)*$U27 -> 0 | AC29: =(AC27*$G$1*$C$1)*$U27 -> 0 | AD29: =(AD27*$G$1*$C$1)*$U27 -> 0 | ... AH29: =(AH27*$G$1*$C$1)*$U27 -> 0
B30: Rupiah GT | C30: =C28*$G$2*$C$1 -> 0 | D30: =D28*$G$2*$C$1 -> 0 | E30: =E28*$G$2*$C$1 -> 0 | F30: =F28*$G$2*$C$1 -> 0 | G30: =G28*$G$2*$C$1 -> 0 | H30: =H28*$G$2*$C$1 -> 0 | I30: =I28*$G$2*$C$1 -> 0 | J30: =J28*$G$2*$C$1 -> 0 | ... N30: =N28*$G$2*$C$1 -> 0 | O30: =SUM(C30:N30) -> 0 | V30: Rupiah GT | W30: =(W28*$G$2*$C$1)*$U28 -> 0 | X30: =(X28*$G$2*$C$1)*$U28 -> 0 | Y30: =(Y28*$G$2*$C$1)*$U28 -> 0 | Z30: =(Z28*$G$2*$C$1)*$U28 -> 0 | AA30: =(AA28*$G$2*$C$1)*$U28 -> 0 | AB30: =(AB28*$G$2*$C$1)*$U28 -> 0 | AC30: =(AC28*$G$2*$C$1)*$U28 -> 0 | AD30: =(AD28*$G$2*$C$1)*$U28 -> 0 | ... AH30: =(AH28*$G$2*$C$1)*$U28 -> 0
C31: =C14/C13 -> #DIV/0! | D31: =D14/D13 -> #DIV/0! | E31: =E14/E13 -> #DIV/0! | F31: =F14/F13 -> #DIV/0! | G31: =G14/G13 -> #DIV/0! | H31: =H14/H13 -> #DIV/0! | I31: =I13*8645 -> 0 | J31: =J13*8645 -> 0 | K31: =K13*8645 -> 0 | L31: =L13*8645 -> 0 | M31: =M13*8645 -> 0 | N31: =N13*8645 -> 0 | O31: =O11+O17+O23+O29 -> 282753900 | AI31: =AI11+AI17+AI23 -> 290004000
O32: =O12+O18+O24+O30 -> 2.0255139e+09 | AI32: =AI12+AI18+AI24 -> 2.0302757e+09
B33: DN | C33: Jan | D33: Feb | E33: Mar | F33: Apr | G33: Mei | H33: Jun | I33: Jul | J33: Aug | K33: Sept | L33: Okt | M33: Nov | N33: Des | V33: DN | W33: Jan | X33: Feb | Y33: Mar | Z33: Apr | AA33: Mei | AB33: Jun | AC33: Jul | AD33: Aug | AE33: Sept | AF33: Okt | AG33: Nov | AH33: Des
B34: GC | C34: ='TAMBAT-IKPP'!E34 -> 2 | D34: ='TAMBAT-IKPP'!F34 -> 5 | E34: ='TAMBAT-IKPP'!G34 -> 6 | F34: ='TAMBAT-IKPP'!H34 -> 5 | G34: ='TAMBAT-IKPP'!I34 -> 4 | H34: ='TAMBAT-IKPP'!J34 -> 6 | I34: ='TAMBAT-IKPP'!K34 -> 3 | J34: ='TAMBAT-IKPP'!L34 -> 5 | ... N34: ='TAMBAT-IKPP'!P34 -> 4 | O34: =SUM(C34:N34) -> 55 | V34: GC | W34: =IF(ROUND((C34*$AC$3),)=1,1,IF($AC$3>1,ROUNDUP((C34*$AC$3),),ROUNDDOWN((C34*$AC$3),))) -> 2 | X34: =IF(ROUND((D34*$AC$3),)=1,1,IF($AC$3>1,ROUNDUP((D34*$AC$3),),ROUNDDOWN((D34*$AC$3),))) -> 5 | Y34: =IF(ROUND((E34*$AC$3),)=1,1,IF($AC$3>1,ROUNDUP((E34*$AC$3),),ROUNDDOWN((E34*$AC$3),))) -> 6 | Z34: =IF(ROUND((F34*$AC$3),)=1,1,IF($AC$3>1,ROUNDUP((F34*$AC$3),),ROUNDDOWN((F34*$AC$3),))) -> 5 | AA34: 4 | AB34: =IF(ROUND((H34*$AC$3),)=1,1,IF($AC$3>1,ROUNDUP((H34*$AC$3),),ROUNDDOWN((H34*$AC$3),))) -> 6 | AC34: 4 | AD34: 4 | AE34: =IF(ROUND((K34*$AC$3),)=1,1,IF($AC$3>1,ROUNDUP((K34*$AC$3),),ROUNDDOWN((K34*$AC$3),))) -> 4 | AF34: 4 | AG34: 4 | AH34: =IF(ROUND((N34*$AC$3),)=1,1,IF($AC$3>1,ROUNDUP((N34*$AC$3),),ROUNDDOWN((N34*$AC$3),))) -> 4 | AI34: =SUM(W34:AH34) -> 52
C35: ='TAMBAT-IKPP'!E35 -> 5411 | D35: ='TAMBAT-IKPP'!F35 -> 27651 | E35: ='TAMBAT-IKPP'!G35 -> 36616 | F35: ='TAMBAT-IKPP'!H35 -> 13527.5 | G35: ='TAMBAT-IKPP'!I35 -> 22120.8 | H35: ='TAMBAT-IKPP'!J35 -> 36616 | I35: ='TAMBAT-IKPP'!K35 -> 8116.5 | J35: ='TAMBAT-IKPP'!L35 -> 27651 | ... N35: ='TAMBAT-IKPP'!P35 -> 24410.667 | O35: =SUM(C35:N35) -> 270415.13 | W35: =ROUNDUP(C35*$AC$4,) -> 5411 | X35: =ROUNDUP(D35*$AC$4,) -> 27651 | Y35: =ROUNDUP(E35*$AC$4,) -> 36616 | Z35: =ROUNDUP(F35*$AC$4,) -> 13528 | AA35: 20988 | AB35: =ROUNDUP(H35*$AC$4,) -> 36616 | AC35: =ROUNDUP(I35*$AC$4,) -> 8117 | AD35: =ROUNDUP(J35*$AC$4,) -> 27651 | AE35: =ROUNDUP(K35*$AC$4,) -> 24411 | AF35: =ROUNDUP(L35*$AC$4,) -> 16233 | AG35: =ROUNDUP(M35*$AC$4,) -> 27651 | AH35: =ROUNDUP(N35*$AC$4,) -> 24411 | AI35: =SUM(W35:AH35) -> 269284
A36: =$M$1 -> 1 | B36: Kpl.Grk | C36: =C34*$C$2 -> 4 | D36: =D34*$C$2 -> 10 | E36: =E34*$C$2 -> 12 | F36: =F34*$C$2 -> 10 | G36: =G34*$C$2 -> 8 | H36: =H34*$C$2 -> 12 | I36: =I34*$C$2 -> 6 | J36: =J34*$C$2 -> 10 | ... N36: =N34*$C$2 -> 8 | O36: =SUM(C36:N36) -> 110 | Q36: =H35/H34 -> 6102.6667 | U36: =$AG$1 -> 1 | V36: Kpl.Grk | W36: =W34*$C$2 -> 4 | X36: =X34*$C$2 -> 10 | Y36: =Y34*$C$2 -> 12 | Z36: =Z34*$C$2 -> 10 | AA36: =AA34*$C$2 -> 8 | AB36: =AB34*$C$2 -> 12 | AC36: =AC34*$C$2 -> 8 | AD36: =AD34*$C$2 -> 8 | ... AH36: =AH34*$C$2 -> 8 | AI36: =SUM(W36:AH36) -> 104
A37: =$M$2 -> 1 | B37: GT.Kpl.Grk | C37: =C35*$C$2 -> 10822 | D37: =D35*$C$2 -> 55302 | E37: =E35*$C$2 -> 73232 | F37: =F35*$C$2 -> 27055 | G37: =G35*$C$2 -> 44241.6 | H37: =H35*$C$2 -> 73232 | I37: =I35*$C$2 -> 16233 | J37: =J35*$C$2 -> 55302 | ... N37: =N35*$C$2 -> 48821.333 | O37: =SUM(C37:N37) -> 540830.27 | U37: =$AG$2 -> 1 | V37: GT.Kpl.Grk | W37: =W35*$C$2 -> 10822 | X37: =X35*$C$2 -> 55302 | Y37: =Y35*$C$2 -> 73232 | Z37: =Z35*$C$2 -> 27056 | AA37: =AA35*$C$2 -> 41976 | AB37: =AB35*$C$2 -> 73232 | AC37: =AC35*$C$2 -> 16234 | AD37: =AD35*$C$2 -> 55302 | ... AH37: =AH35*$C$2 -> 48822 | AI37: =SUM(W37:AH37) -> 538568
B38: Rupiah Move | C38: =(C36*$J$1)*$A36 -> 2527520 | D38: =(D36*$J$1)*$A36 -> 6318800 | E38: =(E36*$J$1)*$A36 -> 7582560 | F38: =(F36*$J$1)*$A36 -> 6318800 | G38: =(G36*$J$1)*$A36 -> 5055040 | H38: =(H36*$J$1)*$A36 -> 7582560 | I38: =(I36*$J$1)*$A36 -> 3791280 | J38: =(J36*$J$1)*$A36 -> 6318800 | ... N38: =(N36*$J$1)*$A36 -> 5055040 | O38: =SUM(C38:N38) -> 69506800 | V38: Rupiah Move | W38: =(W36*$J$1)*$U36 -> 2527520 | X38: =(X36*$J$1)*$U36 -> 6318800 | Y38: =(Y36*$J$1)*$U36 -> 7582560 | Z38: =(Z36*$J$1)*$U36 -> 6318800 | AA38: =(AA36*$J$1)*$U36 -> 5055040 | AB38: =(AB36*$J$1)*$U36 -> 7582560 | AC38: =(AC36*$J$1)*$U36 -> 5055040 | AD38: =(AD36*$J$1)*$U36 -> 5055040 | ... AH38: =(AH36*$J$1)*$U36 -> 5055040 | AI38: =SUM(W38:AH38) -> 65715520
B39: Rupiah GT | C39: =(C37*$J$2)*$A37 -> 1958782 | D39: =(D37*$J$2)*$A37 -> 10009662 | E39: =(E37*$J$2)*$A37 -> 13254992 | F39: =(F37*$J$2)*$A37 -> 4896955 | G39: =(G37*$J$2)*$A37 -> 8007729.6 | H39: =(H37*$J$2)*$A37 -> 13254992 | I39: =(I37*$J$2)*$A37 -> 2938173 | J39: =(J37*$J$2)*$A37 -> 10009662 | ... N39: =(N37*$J$2)*$A37 -> 8836661.3 | O39: =SUM(C39:N39) -> 97890278 | Q39: =N34*Q36 -> 24410.667 | R39: -829243 | V39: Rupiah GT | W39: =(W37*$J$2)*$U37 -> 1958782 | X39: =(X37*$J$2)*$U37 -> 10009662 | Y39: =(Y37*$J$2)*$U37 -> 13254992 | Z39: =(Z37*$J$2)*$U37 -> 4897136 | AA39: =(AA37*$J$2)*$U37 -> 7597656 | AB39: =(AB37*$J$2)*$U37 -> 13254992 | AC39: =(AC37*$J$2)*$U37 -> 2938354 | AD39: =(AD37*$J$2)*$U37 -> 10009662 | ... AH39: =(AH37*$J$2)*$U37 -> 8836782 | AI39: =SUM(W39:AH39) -> 97480808
B40: CC | O40: =SUM(C40:N40) -> 0 | V40: CC | W40: =IF(ROUND((C40*$AC$3),)=1,1,IF($AC$3>1,ROUNDUP((C40*$AC$3),),ROUNDDOWN((C40*$AC$3),))) -> 0 | X40: =IF(ROUND((D40*$AC$3),)=1,1,IF($AC$3>1,ROUNDUP((D40*$AC$3),),ROUNDDOWN((D40*$AC$3),))) -> 0 | Y40: =IF(ROUND((E40*$AC$3),)=1,1,IF($AC$3>1,ROUNDUP((E40*$AC$3),),ROUNDDOWN((E40*$AC$3),))) -> 0 | Z40: =IF(ROUND((F40*$AC$3),)=1,1,IF($AC$3>1,ROUNDUP((F40*$AC$3),),ROUNDDOWN((F40*$AC$3),))) -> 0 | AA40: 4 | AB40: =IF(ROUND((H40*$AC$3),)=1,1,IF($AC$3>1,ROUNDUP((H40*$AC$3),),ROUNDDOWN((H40*$AC$3),))) -> 0 | AC40: =IF(ROUND((I40*$AC$3),)=1,1,IF($AC$3>1,ROUNDUP((I40*$AC$3),),ROUNDDOWN((I40*$AC$3),))) -> 0 | AD40: =IF(ROUND((J40*$AC$3),)=1,1,IF($AC$3>1,ROUNDUP((J40*$AC$3),),ROUNDDOWN((J40*$AC$3),))) -> 0 | AE40: =IF(ROUND((K40*$AC$3),)=1,1,IF($AC$3>1,ROUNDUP((K40*$AC$3),),ROUNDDOWN((K40*$AC$3),))) -> 0 | AF40: =IF(ROUND((L40*$AC$3),)=1,1,IF($AC$3>1,ROUNDUP((L40*$AC$3),),ROUNDDOWN((L40*$AC$3),))) -> 0 | AG40: 4 | AH40: =IF(ROUND((N40*$AC$3),)=1,1,IF($AC$3>1,ROUNDUP((N40*$AC$3),),ROUNDDOWN((N40*$AC$3),))) -> 0 | AI40: =SUM(W40:AH40) -> 8
O41: =SUM(C41:N41) -> 0 | W41: =ROUNDUP(C41*$AC$4,) -> 0 | X41: =ROUNDUP(D41*$AC$4,) -> 0 | Y41: =ROUNDUP(E41*$AC$4,) -> 0 | Z41: =ROUNDUP(F41*$AC$4,) -> 0 | AA41: =ROUNDUP(G41*$AC$4,) -> 0 | AB41: =ROUNDUP(H41*$AC$4,) -> 0 | AC41: =ROUNDUP(I41*$AC$4,) -> 0 | AD41: =ROUNDUP(J41*$AC$4,) -> 0 | ... AH41: =ROUNDUP(N41*$AC$4,) -> 0 | AI41: =SUM(W41:AH41) -> 0
A42: =$M$1 -> 1 | B42: Kpl.Grk | C42: =C40*$C$2 -> 0 | D42: =D40*$C$2 -> 0 | E42: =E40*$C$2 -> 0 | F42: =F40*$C$2 -> 0 | G42: =G40*$C$2 -> 0 | H42: =H40*$C$2 -> 0 | I42: =I40*$C$2 -> 0 | J42: =J40*$C$2 -> 0 | ... N42: =N40*$C$2 -> 0 | O42: =SUM(C42:N42) -> 0 | U42: =$AG$1 -> 1 | V42: Kpl.Grk | W42: =W40*$C$2 -> 0 | X42: =X40*$C$2 -> 0 | Y42: =Y40*$C$2 -> 0 | Z42: =Z40*$C$2 -> 0 | AA42: =AA40*$C$2 -> 8 | AB42: =AB40*$C$2 -> 0 | AC42: =AC40*$C$2 -> 0 | AD42: =AD40*$C$2 -> 0 | ... AH42: =AH40*$C$2 -> 0 | AI42: =SUM(W42:AH42) -> 16
A43: =$M$2 -> 1 | B43: GT.Kpl.Grk | C43: =C41*$C$2 -> 0 | D43: =D41*$C$2 -> 0 | E43: =E41*$C$2 -> 0 | F43: =F41*$C$2 -> 0 | G43: =G41*$C$2 -> 0 | H43: =H41*$C$2 -> 0 | I43: =I41*$C$2 -> 0 | J43: =J41*$C$2 -> 0 | ... N43: =N41*$C$2 -> 0 | O43: =SUM(C43:N43) -> 0 | U43: =$AG$2 -> 1 | V43: GT.Kpl.Grk | W43: =W41*$C$2 -> 0 | X43: =X41*$C$2 -> 0 | Y43: =Y41*$C$2 -> 0 | Z43: =Z41*$C$2 -> 0 | AA43: =AA41*$C$2 -> 0 | AB43: =AB41*$C$2 -> 0 | AC43: =AC41*$C$2 -> 0 | AD43: =AD41*$C$2 -> 0 | ... AH43: =AH41*$C$2 -> 0 | AI43: =SUM(W43:AH43) -> 0 | AL43: 921608
B44: Rupiah Move | C44: =(C42*$J$1)*$A42 -> 0 | D44: =(D42*$J$1)*$A42 -> 0 | E44: =(E42*$J$1)*$A42 -> 0 | F44: =(F42*$J$1)*$A42 -> 0 | G44: =(G42*$J$1)*$A42 -> 0 | H44: =(H42*$J$1)*$A42 -> 0 | I44: =(I42*$J$1)*$A42 -> 0 | J44: =(J42*$J$1)*$A42 -> 0 | ... N44: =(N42*$J$1)*$A42 -> 0 | O44: =SUM(C44:N44) -> 0 | V44: Rupiah Move | W44: =(W42*$J$1)*$U42 -> 0 | X44: =(X42*$J$1)*$U42 -> 0 | Y44: =(Y42*$J$1)*$U42 -> 0 | Z44: =(Z42*$J$1)*$U42 -> 0 | AA44: =(AA42*$J$1)*$U42 -> 5055040 | AB44: =(AB42*$J$1)*$U42 -> 0 | AC44: =(AC42*$J$1)*$U42 -> 0 | AD44: =(AD42*$J$1)*$U42 -> 0 | ... AH44: =(AH42*$J$1)*$U42 -> 0 | AI44: =SUM(W44:AH44) -> 10110080
B45: Rupiah GT | C45: =(C43*$J$2)*$A43 -> 0 | D45: =(D43*$J$2)*$A43 -> 0 | E45: =(E43*$J$2)*$A43 -> 0 | F45: =(F43*$J$2)*$A43 -> 0 | G45: =(G43*$J$2)*$A43 -> 0 | H45: =(H43*$J$2)*$A43 -> 0 | I45: =(I43*$J$2)*$A43 -> 0 | J45: =(J43*$J$2)*$A43 -> 0 | ... N45: =(N43*$J$2)*$A43 -> 0 | O45: =SUM(C45:N45) -> 0 | V45: Rupiah GT | W45: =(W43*$J$2)*$U43 -> 0 | X45: =(X43*$J$2)*$U43 -> 0 | Y45: =(Y43*$J$2)*$U43 -> 0 | Z45: =(Z43*$J$2)*$U43 -> 0 | AA45: =(AA43*$J$2)*$U43 -> 0 | AB45: =(AB43*$J$2)*$U43 -> 0 | AC45: =(AC43*$J$2)*$U43 -> 0 | AD45: =(AD43*$J$2)*$U43 -> 0 | ... AH45: =(AH43*$J$2)*$U43 -> 0 | AI45: =SUM(W45:AH45) -> 0 | AL45: 146426
B46: CK | C46: ='TAMBAT-IKPP'!E42 -> 3 | D46: ='TAMBAT-IKPP'!F42 -> 5 | E46: ='TAMBAT-IKPP'!G42 -> 0 | F46: ='TAMBAT-IKPP'!H42 -> 4 | G46: ='TAMBAT-IKPP'!I42 -> 3 | H46: ='TAMBAT-IKPP'!J42 -> 5 | I46: ='TAMBAT-IKPP'!K42 -> 3 | J46: ='TAMBAT-IKPP'!L42 -> 4 | ... N46: ='TAMBAT-IKPP'!P42 -> 3 | O46: =SUM(C46:N46) -> 42 | V46: CK | W46: 2 | X46: 1 | Y46: 1 | Z46: =IF(ROUND((F46*$AC$3),)=1,1,IF($AC$3>1,ROUNDUP((F46*$AC$3),),ROUNDDOWN((F46*$AC$3),))) -> 4 | AA46: =IF(ROUND((G46*$AC$3),)=1,1,IF($AC$3>1,ROUNDUP((G46*$AC$3),),ROUNDDOWN((G46*$AC$3),))) -> 3 | AB46: =IF(ROUND((H46*$AC$3),)=1,1,IF($AC$3>1,ROUNDUP((H46*$AC$3),),ROUNDDOWN((H46*$AC$3),))) -> 5 | AC46: =IF(ROUND((I46*$AC$3),)=1,1,IF($AC$3>1,ROUNDUP((I46*$AC$3),),ROUNDDOWN((I46*$AC$3),))) -> 3 | AD46: =IF(ROUND((J46*$AC$3),)=1,1,IF($AC$3>1,ROUNDUP((J46*$AC$3),),ROUNDDOWN((J46*$AC$3),))) -> 4 | AE46: =IF(ROUND((K46*$AC$3),)=1,1,IF($AC$3>1,ROUNDUP((K46*$AC$3),),ROUNDDOWN((K46*$AC$3),))) -> 3 | AF46: =IF(ROUND((L46*$AC$3),)=1,1,IF($AC$3>1,ROUNDUP((L46*$AC$3),),ROUNDDOWN((L46*$AC$3),))) -> 5 | AG46: =IF(ROUND((M46*$AC$3),)=1,1,IF($AC$3>1,ROUNDUP((M46*$AC$3),),ROUNDDOWN((M46*$AC$3),))) -> 4 | AH46: =IF(ROUND((N46*$AC$3),)=1,1,IF($AC$3>1,ROUNDUP((N46*$AC$3),),ROUNDDOWN((N46*$AC$3),))) -> 3 | AI46: =SUM(W46:AH46) -> 38 | AL46: =AL45/24 -> 6101.0833
C47: ='TAMBAT-IKPP'!E43 -> 13500 | D47: ='TAMBAT-IKPP'!F43 -> 18648 | E47: ='TAMBAT-IKPP'!G43 -> 0 | F47: ='TAMBAT-IKPP'!H43 -> 14918.4 | G47: ='TAMBAT-IKPP'!I43 -> 13500 | H47: ='TAMBAT-IKPP'!J43 -> 18648 | I47: ='TAMBAT-IKPP'!K43 -> 13500 | J47: ='TAMBAT-IKPP'!L43 -> 14918.4 | ... N47: ='TAMBAT-IKPP'!P43 -> 11188.8 | O47: =SUM(C47:N47) -> 168969.6 | W47: 8018 | X47: 8018 | Y47: 4009 | Z47: 8018 | AA47: 8018 | AB47: 8018 | AC47: 8018 | AD47: 4009 | AE47: 4009 | AF47: 4009 | AG47: 4009 | AH47: 4009 | AI47: =SUM(W47:AH47) -> 72162
A48: =$M$1 -> 1 | B48: Kpl.Grk | C48: =C46*$C$2 -> 6 | D48: =D46*$C$2 -> 10 | E48: =E46*$C$2 -> 0 | F48: =F46*$C$2 -> 8 | G48: =G46*$C$2 -> 6 | H48: =H46*$C$2 -> 10 | I48: =I46*$C$2 -> 6 | J48: =J46*$C$2 -> 8 | ... N48: =N46*$C$2 -> 6 | O48: =SUM(C48:N48) -> 84 | U48: =$AG$1 -> 1 | V48: Kpl.Grk | W48: =W46*$C$2 -> 4 | X48: =X46*$C$2 -> 2 | Y48: =Y46*$C$2 -> 2 | Z48: =Z46*$C$2 -> 8 | AA48: =AA46*$C$2 -> 6 | AB48: =AB46*$C$2 -> 10 | AC48: =AC46*$C$2 -> 6 | AD48: =AD46*$C$2 -> 8 | ... AH48: =AH46*$C$2 -> 6 | AI48: =SUM(W48:AH48) -> 76
A49: =$M$2 -> 1 | B49: GT.Kpl.Grk | C49: =C47*$C$2 -> 27000 | D49: =D47*$C$2 -> 37296 | E49: =E47*$C$2 -> 0 | F49: =F47*$C$2 -> 29836.8 | G49: =G47*$C$2 -> 27000 | H49: =H47*$C$2 -> 37296 | I49: =I47*$C$2 -> 27000 | J49: =J47*$C$2 -> 29836.8 | ... N49: =N47*$C$2 -> 22377.6 | O49: =SUM(C49:N49) -> 337939.2 | U49: =$AG$2 -> 1 | V49: GT.Kpl.Grk | W49: =W47*$C$2 -> 16036 | X49: =X47*$C$2 -> 16036 | Y49: =Y47*$C$2 -> 8018 | Z49: =Z47*$C$2 -> 16036 | AA49: =AA47*$C$2 -> 16036 | AB49: =AB47*$C$2 -> 16036 | AC49: =AC47*$C$2 -> 16036 | AD49: =AD47*$C$2 -> 8018 | ... AH49: =AH47*$C$2 -> 8018 | AI49: =SUM(W49:AH49) -> 144324
B50: Rupiah Move | C50: =(C48*$J$1)*$A48 -> 3791280 | D50: =(D48*$J$1)*$A48 -> 6318800 | E50: =(E48*$J$1)*$A48 -> 0 | F50: =(F48*$J$1)*$A48 -> 5055040 | G50: =(G48*$J$1)*$A48 -> 3791280 | H50: =(H48*$J$1)*$A48 -> 6318800 | I50: =(I48*$J$1)*$A48 -> 3791280 | J50: =(J48*$J$1)*$A48 -> 5055040 | ... N50: =(N48*$J$1)*$A48 -> 3791280 | O50: =SUM(C50:N50) -> 53077920 | V50: Rupiah Move | W50: =(W48*$J$1)*$U48 -> 2527520 | X50: =(X48*$J$1)*$U48 -> 1263760 | Y50: =(Y48*$J$1)*$U48 -> 1263760 | Z50: =(Z48*$J$1)*$U48 -> 5055040 | AA50: =(AA48*$J$1)*$U48 -> 3791280 | AB50: =(AB48*$J$1)*$U48 -> 6318800 | AC50: =(AC48*$J$1)*$U48 -> 3791280 | AD50: =(AD48*$J$1)*$U48 -> 5055040 | ... AH50: =(AH48*$J$1)*$U48 -> 3791280 | AI50: =SUM(W50:AH50) -> 48022880
B51: Rupiah GT | C51: =(C49*$J$2)*$A49 -> 4887000 | D51: =(D49*$J$2)*$A49 -> 6750576 | E51: =(E49*$J$2)*$A49 -> 0 | F51: =(F49*$J$2)*$A49 -> 5400460.8 | G51: =(G49*$J$2)*$A49 -> 4887000 | H51: =(H49*$J$2)*$A49 -> 6750576 | I51: =(I49*$J$2)*$A49 -> 4887000 | J51: =(J49*$J$2)*$A49 -> 5400460.8 | ... N51: =(N49*$J$2)*$A49 -> 4050345.6 | O51: =SUM(C51:N51) -> 61166995 | V51: Rupiah GT | W51: =(W49*$J$2)*$U49 -> 2902516 | X51: =(X49*$J$2)*$U49 -> 2902516 | Y51: =(Y49*$J$2)*$U49 -> 1451258 | Z51: =(Z49*$J$2)*$U49 -> 2902516 | AA51: =(AA49*$J$2)*$U49 -> 2902516 | AB51: =(AB49*$J$2)*$U49 -> 2902516 | AC51: =(AC49*$J$2)*$U49 -> 2902516 | AD51: =(AD49*$J$2)*$U49 -> 1451258 | ... AH51: =(AH49*$J$2)*$U49 -> 1451258 | AI51: =SUM(W51:AH51) -> 26122644
B52: Roro | E52: 130 | H52: 0 | I52: =IF(ROUND((C52*$I$3),)=1,1,IF($I$3>1,ROUNDUP((C52*$I$3),),ROUNDDOWN((C52*$I$3),))) -> 0 | J52: =IF(ROUND((D52*$I$3),)=1,1,IF($I$3>1,ROUNDUP((D52*$I$3),),ROUNDDOWN((D52*$I$3),))) -> 0 | K52: 0 | L52: =IF(ROUND((F52*$I$3),)=1,1,IF($I$3>1,ROUNDUP((F52*$I$3),),ROUNDDOWN((F52*$I$3),))) -> 0 | M52: =IF(ROUND((G52*$I$3),)=1,1,IF($I$3>1,ROUNDUP((G52*$I$3),),ROUNDDOWN((G52*$I$3),))) -> 0 | N52: =IF(ROUND((H52*$I$3),)=1,1,IF($I$3>1,ROUNDUP((H52*$I$3),),ROUNDDOWN((H52*$I$3),))) -> 0 | O52: =SUM(C52:N52) -> 130 | Q52: 130 | V52: Roro | W52: =IF(ROUND((C52*$AC$3),)=1,1,IF($AC$3>1,ROUNDUP((C52*$AC$3),),ROUNDDOWN((C52*$AC$3),))) -> 0 | X52: =IF(ROUND((D52*$AC$3),)=1,1,IF($AC$3>1,ROUNDUP((D52*$AC$3),),ROUNDDOWN((D52*$AC$3),))) -> 0 | Y52: 140 | Z52: =IF(ROUND((F52*$AC$3),)=1,1,IF($AC$3>1,ROUNDUP((F52*$AC$3),),ROUNDDOWN((F52*$AC$3),))) -> 0 | AA52: =IF(ROUND((G52*$AC$3),)=1,1,IF($AC$3>1,ROUNDUP((G52*$AC$3),),ROUNDDOWN((G52*$AC$3),))) -> 0 | AB52: =IF(ROUND((H52*$AC$3),)=1,1,IF($AC$3>1,ROUNDUP((H52*$AC$3),),ROUNDDOWN((H52*$AC$3),))) -> 0 | AC52: =IF(ROUND((I52*$AC$3),)=1,1,IF($AC$3>1,ROUNDUP((I52*$AC$3),),ROUNDDOWN((I52*$AC$3),))) -> 0 | AD52: =IF(ROUND((J52*$AC$3),)=1,1,IF($AC$3>1,ROUNDUP((J52*$AC$3),),ROUNDDOWN((J52*$AC$3),))) -> 0 | AE52: =IF(ROUND((K52*$AC$3),)=1,1,IF($AC$3>1,ROUNDUP((K52*$AC$3),),ROUNDDOWN((K52*$AC$3),))) -> 0 | AF52: =IF(ROUND((L52*$AC$3),)=1,1,IF($AC$3>1,ROUNDUP((L52*$AC$3),),ROUNDDOWN((L52*$AC$3),))) -> 0 | AG52: =IF(ROUND((M52*$AC$3),)=1,1,IF($AC$3>1,ROUNDUP((M52*$AC$3),),ROUNDDOWN((M52*$AC$3),))) -> 0 | AH52: =IF(ROUND((N52*$AC$3),)=1,1,IF($AC$3>1,ROUNDUP((N52*$AC$3),),ROUNDDOWN((N52*$AC$3),))) -> 0 | AI52: =SUM(W52:AH52) -> 140
E53: 1068034 | H53: 0 | I53: =IF(I52=1,C53,IF(I48>1,ROUNDUP((C53*$I$4),),ROUNDDOWN((C53*$I$4),))) -> 0 | J53: =IF(J52=1,D53,IF(J48>1,ROUNDUP((D53*$I$4),),ROUNDDOWN((D53*$I$4),))) -> 0 | K53: 0 | L53: =IF(L52=1,F53,IF(L48>1,ROUNDUP((F53*$I$4),),ROUNDDOWN((F53*$I$4),))) -> 0 | M53: =IF(M52=1,G53,IF(M48>1,ROUNDUP((G53*$I$4),),ROUNDDOWN((G53*$I$4),))) -> 0 | N53: =IF(N52=1,H53,IF(N48>1,ROUNDUP((H53*$I$4),),ROUNDDOWN((H53*$I$4),))) -> 0 | O53: =SUM(C53:N53) -> 1068034 | Q53: 1068034 | W53: =ROUNDUP(C53*$AC$4,) -> 0 | X53: =ROUNDUP(D53*$AC$4,) -> 0 | Y53: 1109112.2 | Z53: =ROUNDUP(F53*$AC$4,) -> 0 | AA53: =ROUNDUP(G53*$AC$4,) -> 0 | AB53: =ROUNDUP(H53*$AC$4,) -> 0 | AC53: =ROUNDUP(I53*$AC$4,) -> 0 | AD53: =ROUNDUP(J53*$AC$4,) -> 0 | AE53: =ROUNDUP(K53*$AC$4,) -> 0 | AF53: =ROUNDUP(L53*$AC$4,) -> 0 | AG53: =ROUNDUP(M53*$AC$4,) -> 0 | AH53: =ROUNDUP(N53*$AC$4,) -> 0 | AI53: =SUM(W53:AH53) -> 1109112.2
A54: =$M$1 -> 1 | B54: Kpl.Grk | C54: =C52*2 -> 0 | D54: =D52*2 -> 0 | E54: =E52*2 -> 260 | F54: =F52*2 -> 0 | G54: =G52*2 -> 0 | H54: =H52*2 -> 0 | I54: =I52*2 -> 0 | J54: =J52*2 -> 0 | ... N54: =N52*2 -> 0 | O54: =SUM(C54:N54) -> 260 | U54: =$AG$1 -> 1 | V54: Kpl.Grk | W54: =W52*2 -> 0 | X54: =X52*2 -> 0 | Y54: =Y52*2 -> 280 | Z54: =Z52*2 -> 0 | AA54: =AA52*2 -> 0 | AB54: =AB52*2 -> 0 | AC54: =AC52*2 -> 0 | AD54: =AD52*2 -> 0 | ... AH54: =AH52*2 -> 0 | AI54: =SUM(W54:AH54) -> 280
A55: =$M$2 -> 1 | B55: GT.Kpl.Grk | C55: =C53*2 -> 0 | D55: =D53*2 -> 0 | E55: =E53*2 -> 2136068 | F55: =F53*2 -> 0 | G55: =G53*2 -> 0 | H55: =H53*2 -> 0 | I55: =I53*2 -> 0 | J55: =J53*2 -> 0 | ... N55: =N53*2 -> 0 | O55: =SUM(C55:N55) -> 2136068 | U55: =$AG$2 -> 1 | V55: GT.Kpl.Grk | W55: =W53*2 -> 0 | X55: =X53*2 -> 0 | Y55: =Y53*2 -> 2218224.5 | Z55: =Z53*2 -> 0 | AA55: =AA53*2 -> 0 | AB55: =AB53*2 -> 0 | AC55: =AC53*2 -> 0 | AD55: =AD53*2 -> 0 | ... AH55: =AH53*2 -> 0 | AI55: =SUM(W55:AH55) -> 2218224.5
B56: Rupiah Move | C56: =(C54*$J$1)*$A54 -> 0 | D56: =(D54*$J$1)*$A54 -> 0 | E56: =(E54*$J$1)*$A54 -> 164288800 | F56: =(F54*$J$1)*$A54 -> 0 | G56: =(G54*$J$1)*$A54 -> 0 | H56: =(H54*$J$1)*$A54 -> 0 | I56: =(I54*$J$1)*$A54 -> 0 | J56: =(J54*$J$1)*$A54 -> 0 | ... N56: =(N54*$J$1)*$A54 -> 0 | O56: =SUM(C56:N56) -> 164288800 | Q56: =TRAFIK!U21 -> 0 | V56: Rupiah Move | W56: =(W54*$J$1)*$U54 -> 0 | X56: =(X54*$J$1)*$U54 -> 0 | Y56: =(Y54*$J$1)*$U54 -> 176926400 | Z56: =(Z54*$J$1)*$U54 -> 0 | AA56: =(AA54*$J$1)*$U54 -> 0 | AB56: =(AB54*$J$1)*$U54 -> 0 | AC56: =(AC54*$J$1)*$U54 -> 0 | AD56: =(AD54*$J$1)*$U54 -> 0 | ... AH56: =(AH54*$J$1)*$U54 -> 0 | AI56: =SUM(W56:AH56) -> 176926400
B57: Rupiah GT | C57: =(C55*$J$2)*$A55 -> 0 | D57: =(D55*$J$2)*$A55 -> 0 | E57: =(E55*$J$2)*$A55 -> 386628308 | F57: =(F55*$J$2)*$A55 -> 0 | G57: =(G55*$J$2)*$A55 -> 0 | H57: =(H55*$J$2)*$A55 -> 0 | I57: =(I55*$J$2)*$A55 -> 0 | J57: =(J55*$J$2)*$A55 -> 0 | ... N57: =(N55*$J$2)*$A55 -> 0 | O57: =SUM(C57:N57) -> 386628308 | V57: Rupiah GT | W57: =(W55*$J$2)*$U55 -> 0 | X57: =(X55*$J$2)*$U55 -> 0 | Y57: =(Y55*$J$2)*$U55 -> 4.0149863e+08 | Z57: =(Z55*$J$2)*$U55 -> 0 | AA57: =(AA55*$J$2)*$U55 -> 0 | AB57: =(AB55*$J$2)*$U55 -> 0 | AC57: =(AC55*$J$2)*$U55 -> 0 | AD57: =(AD55*$J$2)*$U55 -> 0 | ... AH57: =(AH55*$J$2)*$U55 -> 0 | AI57: =SUM(W57:AH57) -> 4.0149863e+08
B58: Tonkang CK | C58: ='TAMBAT-IKPP'!E50 -> 20 | D58: ='TAMBAT-IKPP'!F50 -> 20 | E58: ='TAMBAT-IKPP'!G50 -> 12 | F58: ='TAMBAT-IKPP'!H50 -> 19 | G58: ='TAMBAT-IKPP'!I50 -> 18 | H58: ='TAMBAT-IKPP'!J50 -> 15 | I58: ='TAMBAT-IKPP'!K50 -> 18 | J58: ='TAMBAT-IKPP'!L50 -> 17 | ... N58: ='TAMBAT-IKPP'!P50 -> 16 | O58: =SUM(C58:N58) -> 212 | V58: Tonkang CK | W58: =IF(ROUND((C58*$AC$3),)=1,1,IF($AC$3>1,ROUNDUP((C58*$AC$3),),ROUNDDOWN((C58*$AC$3),))) -> 20 | X58: =IF(ROUND((D58*$AC$3),)=1,1,IF($AC$3>1,ROUNDUP((D58*$AC$3),),ROUNDDOWN((D58*$AC$3),))) -> 20 | Y58: 24 | Z58: =IF(ROUND((F58*$AC$3),)=1,1,IF($AC$3>1,ROUNDUP((F58*$AC$3),),ROUNDDOWN((F58*$AC$3),))) -> 19 | AA58: =IF(ROUND((G58*$AC$3),)=1,1,IF($AC$3>1,ROUNDUP((G58*$AC$3),),ROUNDDOWN((G58*$AC$3),))) -> 18 | AB58: =IF(ROUND((H58*$AC$3),)=1,1,IF($AC$3>1,ROUNDUP((H58*$AC$3),),ROUNDDOWN((H58*$AC$3),))) -> 15 | AC58: 34 | AD58: 38 | AE58: 34 | AF58: 36 | AG58: 32 | AH58: 32 | AI58: =SUM(W58:AH58) -> 322
C59: ='TAMBAT-IKPP'!E51 -> 66654 | D59: ='TAMBAT-IKPP'!F51 -> 61961 | E59: ='TAMBAT-IKPP'!G51 -> 40796 | F59: ='TAMBAT-IKPP'!H51 -> 63321.3 | G59: ='TAMBAT-IKPP'!I51 -> 55764.9 | H59: ='TAMBAT-IKPP'!J51 -> 50995 | I59: ='TAMBAT-IKPP'!K51 -> 59988.6 | J59: ='TAMBAT-IKPP'!L51 -> 52666.85 | ... N59: ='TAMBAT-IKPP'!P51 -> 54394.667 | O59: =SUM(C59:N59) -> 693621.85 | Q59: 277.2 | R59: =N59/N58 -> 3399.6667 | W59: 32226 | X59: 33262 | Y59: 48377 | Z59: 36073 | AA59: 35858 | AB59: 35914 | AC59: 80144 | AD59: 90060 | AE59: 80144 | AF59: 85102 | AG59: 75186 | AH59: 75186 | AI59: =SUM(W59:AH59) -> 707532
A60: =$M$1 -> 1 | B60: Kpl.Grk | C60: =C58*$C$2 -> 40 | D60: =D58*$C$2 -> 40 | E60: =E58*$C$2 -> 24 | F60: =F58*$C$2 -> 38 | G60: =G58*$C$2 -> 36 | H60: =H58*$C$2 -> 30 | I60: =I58*$C$2 -> 36 | J60: =J58*$C$2 -> 34 | ... N60: =N58*$C$2 -> 32 | O60: =SUM(C60:N60) -> 424 | Q60: 641120.4 | U60: =$AG$1 -> 1 | V60: Kpl.Grk | W60: =W58*$C$2 -> 40 | X60: =X58*$C$2 -> 40 | Y60: =Y58*$C$2 -> 48 | Z60: =Z58*$C$2 -> 38 | AA60: =AA58*$C$2 -> 36 | AB60: =AB58*$C$2 -> 30 | AC60: =AC58*$C$2 -> 68 | AD60: =AD58*$C$2 -> 76 | ... AH60: =AH58*$C$2 -> 64 | AI60: =SUM(W60:AH60) -> 644
A61: =$M$2 -> 1 | B61: GT.Kpl.Grk | C61: =C59*$C$2 -> 133308 | D61: =D59*$C$2 -> 123922 | E61: =E59*$C$2 -> 81592 | F61: =F59*$C$2 -> 126642.6 | G61: =G59*$C$2 -> 111529.8 | H61: =H59*$C$2 -> 101990 | I61: =I59*$C$2 -> 119977.2 | J61: =J59*$C$2 -> 105333.7 | ... N61: =N59*$C$2 -> 108789.33 | O61: =SUM(C61:N61) -> 1387243.7 | U61: =$AG$2 -> 1 | V61: GT.Kpl.Grk | W61: =W59*$C$2 -> 64452 | X61: =X59*$C$2 -> 66524 | Y61: =Y59*$C$2 -> 96754 | Z61: =Z59*$C$2 -> 72146 | AA61: =AA59*$C$2 -> 71716 | AB61: =AB59*$C$2 -> 71828 | AC61: =AC59*$C$2 -> 160288 | AD61: =AD59*$C$2 -> 180120 | ... AH61: =AH59*$C$2 -> 150372 | AI61: =SUM(W61:AH61) -> 1415064
B62: Rupiah Move | C62: =(C60*$J$1)*$A60 -> 25275200 | D62: =(D60*$J$1)*$A60 -> 25275200 | E62: =(E60*$J$1)*$A60 -> 15165120 | F62: =(F60*$J$1)*$A60 -> 24011440 | G62: =(G60*$J$1)*$A60 -> 22747680 | H62: =(H60*$J$1)*$A60 -> 18956400 | I62: =(I60*$J$1)*$A60 -> 22747680 | J62: =(J60*$J$1)*$A60 -> 21483920 | ... N62: =(N60*$J$1)*$A60 -> 20220160 | O62: =SUM(C62:N62) -> 267917120 | V62: Rupiah Move | W62: =(W60*$J$1)*$U60 -> 25275200 | X62: =(X60*$J$1)*$U60 -> 25275200 | Y62: =(Y60*$J$1)*$U60 -> 30330240 | Z62: =(Z60*$J$1)*$U60 -> 24011440 | AA62: =(AA60*$J$1)*$U60 -> 22747680 | AB62: =(AB60*$J$1)*$U60 -> 18956400 | AC62: =(AC60*$J$1)*$U60 -> 42967840 | AD62: =(AD60*$J$1)*$U60 -> 48022880 | ... AH62: =(AH60*$J$1)*$U60 -> 40440320 | AI62: =SUM(W62:AH62) -> 406930720
B63: Rupiah GT | C63: =(C61*$J$2)*$A61 -> 24128748 | D63: =(D61*$J$2)*$A61 -> 22429882 | E63: =(E61*$J$2)*$A61 -> 14768152 | F63: =(F61*$J$2)*$A61 -> 22922311 | G63: =(G61*$J$2)*$A61 -> 20186894 | H63: =(H61*$J$2)*$A61 -> 18460190 | I63: =(I61*$J$2)*$A61 -> 21715873 | J63: =(J61*$J$2)*$A61 -> 19065400 | ... N63: =(N61*$J$2)*$A61 -> 19690869 | O63: =SUM(C63:N63) -> 2.5109111e+08 | V63: Rupiah GT | W63: =(W61*$J$2)*$U61 -> 11665812 | X63: =(X61*$J$2)*$U61 -> 12040844 | Y63: =(Y61*$J$2)*$U61 -> 17512474 | Z63: =(Z61*$J$2)*$U61 -> 13058426 | AA63: =(AA61*$J$2)*$U61 -> 12980596 | AB63: =(AB61*$J$2)*$U61 -> 13000868 | AC63: =(AC61*$J$2)*$U61 -> 29012128 | AD63: =(AD61*$J$2)*$U61 -> 32601720 | ... AH63: =(AH61*$J$2)*$U61 -> 27217332 | AI63: =SUM(W63:AH63) -> 256126584
B64: Tongkang GC | O64: =SUM(C64:N64) -> 0 | Q64: =277/12 -> 23.083333 | V64: Tongkang GC | W64: =IF(ROUND((C64*$AC$3),)=1,1,IF($AC$3>1,ROUNDUP((C64*$AC$3),),ROUNDDOWN((C64*$AC$3),))) -> 0 | X64: =IF(ROUND((D64*$AC$3),)=1,1,IF($AC$3>1,ROUNDUP((D64*$AC$3),),ROUNDDOWN((D64*$AC$3),))) -> 0 | Y64: =IF(ROUND((E64*$AC$3),)=1,1,IF($AC$3>1,ROUNDUP((E64*$AC$3),),ROUNDDOWN((E64*$AC$3),))) -> 0 | Z64: =IF(ROUND((F64*$AC$3),)=1,1,IF($AC$3>1,ROUNDUP((F64*$AC$3),),ROUNDDOWN((F64*$AC$3),))) -> 0 | AA64: =IF(ROUND((G64*$AC$3),)=1,1,IF($AC$3>1,ROUNDUP((G64*$AC$3),),ROUNDDOWN((G64*$AC$3),))) -> 0 | AB64: =IF(ROUND((H64*$AC$3),)=1,1,IF($AC$3>1,ROUNDUP((H64*$AC$3),),ROUNDDOWN((H64*$AC$3),))) -> 0 | AC64: =IF(ROUND((I64*$AC$3),)=1,1,IF($AC$3>1,ROUNDUP((I64*$AC$3),),ROUNDDOWN((I64*$AC$3),))) -> 0 | AD64: =IF(ROUND((J64*$AC$3),)=1,1,IF($AC$3>1,ROUNDUP((J64*$AC$3),),ROUNDDOWN((J64*$AC$3),))) -> 0 | ... AH64: =IF(ROUND((N64*$AC$3),)=1,1,IF($AC$3>1,ROUNDUP((N64*$AC$3),),ROUNDDOWN((N64*$AC$3),))) -> 0 | AI64: =SUM(W64:AH64) -> 0
O65: =SUM(C65:N65) -> 0 | Q65: =Q60/6 -> 106853.4 | W65: =ROUNDUP(C65*$AC$4,) -> 0 | X65: =ROUNDUP(D65*$AC$4,) -> 0 | Y65: =ROUNDUP(E65*$AC$4,) -> 0 | Z65: =ROUNDUP(F65*$AC$4,) -> 0 | AA65: =ROUNDUP(G65*$AC$4,) -> 0 | AB65: =ROUNDUP(H65*$AC$4,) -> 0 | AC65: =ROUNDUP(I65*$AC$4,) -> 0 | AD65: =ROUNDUP(J65*$AC$4,) -> 0 | ... AH65: =ROUNDUP(N65*$AC$4,) -> 0 | AI65: =SUM(W65:AH65) -> 0
A66: =$M$1 -> 1 | B66: Kpl.Grk | C66: =C64*$C$2 -> 0 | D66: =D64*$C$2 -> 0 | E66: =E64*$C$2 -> 0 | F66: =F64*$C$2 -> 0 | G66: =G64*$C$2 -> 0 | H66: =H64*$C$2 -> 0 | I66: =I64*$C$2 -> 0 | J66: =J64*$C$2 -> 0 | ... N66: =N64*$C$2 -> 0 | O66: =SUM(C66:N66) -> 0 | U66: =$AG$1 -> 1 | V66: Kpl.Grk | W66: =W64*$C$2 -> 0 | X66: =X64*$C$2 -> 0 | Y66: =Y64*$C$2 -> 0 | Z66: =Z64*$C$2 -> 0 | AA66: =AA64*$C$2 -> 0 | AB66: =AB64*$C$2 -> 0 | AC66: =AC64*$C$2 -> 0 | AD66: =AD64*$C$2 -> 0 | ... AH66: =AH64*$C$2 -> 0 | AI66: =SUM(W66:AH66) -> 0
A67: =$M$2 -> 1 | B67: GT.Kpl.Grk | C67: =C65*$C$2 -> 0 | D67: =D65*$C$2 -> 0 | E67: =E65*$C$2 -> 0 | F67: =F65*$C$2 -> 0 | G67: =G65*$C$2 -> 0 | H67: =H65*$C$2 -> 0 | I67: =I65*$C$2 -> 0 | J67: =J65*$C$2 -> 0 | ... N67: =N65*$C$2 -> 0 | O67: =SUM(C67:N67) -> 0 | U67: =$AG$2 -> 1 | V67: GT.Kpl.Grk | W67: =W65*$C$2 -> 0 | X67: =X65*$C$2 -> 0 | Y67: =Y65*$C$2 -> 0 | Z67: =Z65*$C$2 -> 0 | AA67: =AA65*$C$2 -> 0 | AB67: =AB65*$C$2 -> 0 | AC67: =AC65*$C$2 -> 0 | AD67: =AD65*$C$2 -> 0 | ... AH67: =AH65*$C$2 -> 0 | AI67: =SUM(W67:AH67) -> 0
B68: Rupiah Move | C68: =(C66*$J$1)*$A66 -> 0 | D68: =(D66*$J$1)*$A66 -> 0 | E68: =(E66*$J$1)*$A66 -> 0 | F68: =(F66*$J$1)*$A66 -> 0 | G68: =(G66*$J$1)*$A66 -> 0 | H68: =(H66*$J$1)*$A66 -> 0 | I68: =(I66*$J$1)*$A66 -> 0 | J68: =(J66*$J$1)*$A66 -> 0 | ... N68: =(N66*$J$1)*$A66 -> 0 | O68: =SUM(C68:N68) -> 0 | V68: Rupiah Move | W68: =(W66*$J$1)*$U66 -> 0 | X68: =(X66*$J$1)*$U66 -> 0 | Y68: =(Y66*$J$1)*$U66 -> 0 | Z68: =(Z66*$J$1)*$U66 -> 0 | AA68: =(AA66*$J$1)*$U66 -> 0 | AB68: =(AB66*$J$1)*$U66 -> 0 | AC68: =(AC66*$J$1)*$U66 -> 0 | AD68: =(AD66*$J$1)*$U66 -> 0 | ... AH68: =(AH66*$J$1)*$U66 -> 0 | AI68: =SUM(W68:AH68) -> 0
B69: Rupiah GT | C69: =(C67*$J$2)*$A67 -> 0 | D69: =(D67*$J$2)*$A67 -> 0 | E69: =(E67*$J$2)*$A67 -> 0 | F69: =(F67*$J$2)*$A67 -> 0 | G69: =(G67*$J$2)*$A67 -> 0 | H69: =(H67*$J$2)*$A67 -> 0 | I69: =(I67*$J$2)*$A67 -> 0 | J69: =(J67*$J$2)*$A67 -> 0 | ... N69: =(N67*$J$2)*$A67 -> 0 | O69: =SUM(C69:N69) -> 0 | V69: Rupiah GT | W69: =(W67*$J$2)*$U67 -> 0 | X69: =(X67*$J$2)*$U67 -> 0 | Y69: =(Y67*$J$2)*$U67 -> 0 | Z69: =(Z67*$J$2)*$U67 -> 0 | AA69: =(AA67*$J$2)*$U67 -> 0 | AB69: =(AB67*$J$2)*$U67 -> 0 | AC69: =(AC67*$J$2)*$U67 -> 0 | AD69: =(AD67*$J$2)*$U67 -> 0 | ... AH69: =(AH67*$J$2)*$U67 -> 0 | AI69: =SUM(W69:AH69) -> 0
C70: =C60+C66 -> 40 | D70: =D60+D66 -> 40 | E70: =E60+E66 -> 24 | F70: =F60+F66 -> 38 | G70: =G60+G66 -> 36 | H70: =H60+H66 -> 30 | I70: =I60+I66 -> 36 | J70: =J60+J66 -> 34 | ... N70: =N60+N66 -> 32 | O70: =SUM(C70:N70) -> 424 | R70: =O9+O15+O21+O36+O42+O48+O54+O60+O66 -> 1112 | W70: =W60+W66 -> 40 | X70: =X60+X66 -> 40 | Y70: =Y60+Y66 -> 48 | Z70: =Z60+Z66 -> 38 | AA70: =AA60+AA66 -> 36 | AB70: =AB60+AB66 -> 30 | AC70: =AC60+AC66 -> 68 | AD70: =AD60+AD66 -> 76 | ... AH70: =AH60+AH66 -> 64 | AI70: =SUM(W70:AH70) -> 644 | AL70: =AI9+AI15+AI21+AI36+AI42+AI48+AI54+AI60+AI66 -> 1360
C71: =C61+C67 -> 133308 | D71: =D61+D67 -> 123922 | E71: =E61+E67 -> 81592 | F71: =F61+F67 -> 126642.6 | G71: =G61+G67 -> 111529.8 | H71: =H61+H67 -> 101990 | I71: =I61+I67 -> 119977.2 | J71: =J61+J67 -> 105333.7 | ... N71: =N61+N67 -> 108789.33 | O71: =SUM(C71:N71) -> 1387243.7 | R71: =O10+O16+O22+O37+O43+O49+O55+O61+O67 -> 8147484.1 | W71: =W61+W67 -> 64452 | X71: =X61+X67 -> 66524 | Y71: =Y61+Y67 -> 96754 | Z71: =Z61+Z67 -> 72146 | AA71: =AA61+AA67 -> 71716 | AB71: =AB61+AB67 -> 71828 | AC71: =AC61+AC67 -> 160288 | AD71: =AD61+AD67 -> 180120 | ... AH71: =AH61+AH67 -> 150372 | AI71: =SUM(W71:AH71) -> 1415064 | AL71: =AI10+AI16+AI22+AI37+AI43+AI49+AI55+AI61+AI67 -> 8070388.5
C72: =C62+C68 -> 25275200 | D72: =D62+D68 -> 25275200 | E72: =E62+E68 -> 15165120 | F72: =F62+F68 -> 24011440 | G72: =G62+G68 -> 22747680 | H72: =H62+H68 -> 18956400 | I72: =I62+I68 -> 22747680 | J72: =J62+J68 -> 21483920 | ... N72: =N62+N68 -> 20220160 | O72: =SUM(C72:N72) -> 267917120 | W72: =W62+W68 -> 25275200 | X72: =X62+X68 -> 25275200 | Y72: =Y62+Y68 -> 30330240 | Z72: =Z62+Z68 -> 24011440 | AA72: =AA62+AA68 -> 22747680 | AB72: =AB62+AB68 -> 18956400 | AC72: =AC62+AC68 -> 42967840 | AD72: =AD62+AD68 -> 48022880 | ... AH72: =AH62+AH68 -> 40440320 | AI72: =SUM(W72:AH72) -> 406930720
C73: =C63+C69 -> 24128748 | D73: =D63+D69 -> 22429882 | E73: =E63+E69 -> 14768152 | F73: =F63+F69 -> 22922311 | G73: =G63+G69 -> 20186894 | H73: =H63+H69 -> 18460190 | I73: =I63+I69 -> 21715873 | J73: =J63+J69 -> 19065400 | ... N73: =N63+N69 -> 19690869 | O73: =SUM(C73:N73) -> 2.5109111e+08 | W73: =W63+W69 -> 11665812 | X73: =X63+X69 -> 12040844 | Y73: =Y63+Y69 -> 17512474 | Z73: =Z63+Z69 -> 13058426 | AA73: =AA63+AA69 -> 12980596 | AB73: =AB63+AB69 -> 13000868 | AC73: =AC63+AC69 -> 29012128 | AD73: =AD63+AD69 -> 32601720 | ... AH73: =AH63+AH69 -> 27217332 | AI73: =SUM(W73:AH73) -> 256126584
A74: Pendapatan | B74: Move | C74: =C11+C17+C23+C29+C38+C44+C50+C56+C62+C68 -> 48510900 | D74: =D11+D17+D23+D29+D38+D44+D50+D56+D62+D68 -> 54829700 | E74: =E11+E17+E23+E29+E38+E44+E50+E62+E68 -> 49331380 | F74: =F11+F17+F23+F29+F38+F44+F50+F56+F62+F68 -> 61968980 | G74: =G11+G17+G23+G29+G38+G44+G50+G56+G62+G68 -> 53344300 | H74: =H11+H17+H23+H29+H38+H44+H50+H56+H62+H68 -> 59441460 | I74: =I11+I17+I23+I29+I38+I44+I50+I56+I62+I68 -> 56913940 | J74: =J11+J17+J23+J29+J38+J44+J50+J56+J62+J68 -> 52191360 | K74: =K11+K17+K23+K29+K38+K44+K50+K56+K62+K68 -> 58288520 | L74: =L11+L17+L23+L29+L38+L44+L50+L56+L62+L68 -> 69329900 | M74: =M11+M17+M23+M29+M38+M44+M50+M56+M62+M68 -> 58288520 | N74: =N11+N17+N23+N29+N38+N44+N50+N56+N62+N68 -> 50816780 | O74: =SUM(C74:N74) -> 673255740 | U74: Pendapatan | V74: Move | W74: =W11+W17+W23+W38+W44+W50+W56+W62+W68 -> 64164040 | X74: =X11+X17+X23+X38+X44+X50+X56+X62+X68 -> 59441460 | Y74: =Y11+Y17+Y23+Y38+Y44+Y50+Y62+Y68 -> 53676760 | Z74: =Z11+Z17+Z23+Z38+Z44+Z50+Z56+Z62+Z68 -> 54718880 | AA74: =AA11+AA17+AA23+AA38+AA44+AA50+AA56+AA62+AA68 -> 53565940 | AB74: =AB11+AB17+AB23+AB38+AB44+AB50+AB56+AB62+AB68 -> 49774660 | AC74: =AC11+AC17+AC23+AC38+AC44+AC50+AC56+AC62+AC68 -> 78397860 | AD74: =AD11+AD17+AD23+AD38+AD44+AD50+AD56+AD62+AD68 -> 91966760 | AE74: =AE11+AE17+AE23+AE38+AE44+AE50+AE56+AE62+AE68 -> 78397860 | AF74: =AF11+AF17+AF23+AF38+AF44+AF50+AF56+AF62+AF68 -> 85869600 | AG74: =AG11+AG17+AG23+AG38+AG44+AG50+AG56+AG62+AG68 -> 74939040 | AH74: =AH11+AH17+AH23+AH38+AH44+AH50+AH56+AH62+AH68 -> 75870340 | AI74: =SUM(W74:AH74) -> 820783200
B75: GT | C75: =C12+C18+C24+C30+C39+C45+C51+C57+C63+C69 -> 2.237243e+08 | D75: =D12+D18+D24+D30+D39+D45+D51+D57+D63+D69 -> 142082728 | E75: =E12+E18+E24+E30+E39+E45+E51+E63+E69 -> 2.3902384e+08 | F75: =F12+F18+F24+F30+F39+F45+F51+F57+F63+F69 -> 3.1515746e+08 | G75: =G12+G18+G24+G30+G39+G45+G51+G57+G63+G69 -> 1.0013055e+08 | H75: =H12+H18+H24+H30+H39+H45+H51+H57+H63+H69 -> 2.8209015e+08 | I75: =I12+I18+I24+I30+I39+I45+I51+I57+I63+I69 -> 1.2579074e+08 | J75: =J12+J18+J24+J30+J39+J45+J51+J57+J63+J69 -> 2.1142877e+08 | K75: =K12+K18+K24+K30+K39+K45+K51+K57+K63+K69 -> 1.2427686e+08 | L75: =L12+L18+L24+L30+L39+L45+L51+L57+L63+L69 -> 3.2529401e+08 | M75: =M12+M18+M24+M30+M39+M45+M51+M57+M63+M69 -> 1.1407156e+08 | N75: =N12+N18+N24+N30+N39+N45+N51+N57+N63+N69 -> 2.3259131e+08 | O75: =SUM(C75:N75) -> 2.4356623e+09 | V75: GT | W75: =W12+W18+W24+W39+W45+W51+W57+W63+W69 -> 214032678 | X75: =X12+X18+X24+X39+X45+X51+X57+X63+X69 -> 127845630 | Y75: =Y12+Y18+Y24+Y39+Y45+Y51+Y63+Y69 -> 2.4321942e+08 | Z75: =Z12+Z18+Z24+Z39+Z45+Z51+Z57+Z63+Z69 -> 3.0279659e+08 | AA75: =AA12+AA18+AA24+AA39+AA45+AA51+AA57+AA63+AA69 -> 90530234 | AB75: =AB12+AB18+AB24+AB39+AB45+AB51+AB57+AB63+AB69 -> 2.7278445e+08 | AC75: =AC12+AC18+AC24+AC39+AC45+AC51+AC57+AC63+AC69 -> 1.311035e+08 | AD75: =AD12+AD18+AD24+AD39+AD45+AD51+AD57+AD63+AD69 -> 2.2101673e+08 | AE75: =AE12+AE18+AE24+AE39+AE45+AE51+AE57+AE63+AE69 -> 1.2523978e+08 | AF75: =AF12+AF18+AF24+AF39+AF45+AF51+AF57+AF63+AF69 -> 3.2788003e+08 | AG75: =AG12+AG18+AG24+AG39+AG45+AG51+AG57+AG63+AG69 -> 1.1603753e+08 | AH75: =AH12+AH18+AH24+AH39+AH45+AH51+AH57+AH63+AH69 -> 2.3751917e+08 | AI75: =SUM(W75:AH75) -> 2.4100057e+09
C76: =C74+C75 -> 2.722352e+08 | D76: =D74+D75 -> 196912428 | E76: =E74+E75 -> 2.8835522e+08 | F76: =F74+F75 -> 3.7712644e+08 | G76: =G74+G75 -> 1.5347485e+08 | H76: =H74+H75 -> 3.4153161e+08 | I76: =I74+I75 -> 1.8270468e+08 | J76: =J74+J75 -> 2.6362013e+08 | ... N76: =N74+N75 -> 2.8340809e+08 | O76: =SUM(C76:N76) -> 3.108918e+09 | R76: Pemanduan | W76: =W74+W75 -> 278196718 | X76: =X74+X75 -> 187287090 | Y76: =Y74+Y75 -> 2.9689618e+08 | Z76: =Z74+Z75 -> 3.5751547e+08 | AA76: =AA74+AA75 -> 1.4409617e+08 | AB76: =AB74+AB75 -> 3.2255911e+08 | AC76: =AC74+AC75 -> 2.0950136e+08 | AD76: =AD74+AD75 -> 3.1298349e+08 | ... AH76: =AH74+AH75 -> 3.1338951e+08 | AI76: =SUM(W76:AH76) -> 3.2307889e+09 | AL76: Pemanduan
C77: 1 | D77: 2 | E77: 3 | F77: 4 | G77: 5 | R77: Pemanduan BPC | AL77: Pemanduan BPC
C79: =C7+C13+C19+C25+C34+C40+C46+C52+C58+C64 -> 32 | D79: =D7+D13+D19+D25+D34+D40+D46+D52+D58+D64 -> 37 | E79: =E7+E13+E19+E25+E34+E40+E46+E52+E58+E64 -> 159 | F79: =F7+F13+F19+F25+F34+F40+F46+F52+F58+F64 -> 39 | G79: =G7+G13+G19+G25+G34+G40+G46+G52+G58+G64 -> 34 | H79: =H7+H13+H19+H25+H34+H40+H46+H52+H58+H64 -> 37 | I79: =I7+I13+I19+I25+I34+I40+I46+I52+I58+I64 -> 35 | J79: =J7+J13+J19+J25+J34+J40+J46+J52+J58+J64 -> 34 | ... N79: =N7+N13+N19+N25+N34+N40+N46+N52+N58+N64 -> 32 | O79: =SUM(C79:N79) -> 556 | W79: =W7+W13+W19+W34+W40+W46+W52+W58+W64 -> 38 | X79: =X7+X13+X19+X34+X40+X46+X52+X58+X64 -> 37 | Y79: =Y7+Y13+Y19+Y34+Y40+Y46+Y52+Y58+Y64 -> 177 | Z79: =Z7+Z13+Z19+Z34+Z40+Z46+Z52+Z58+Z64 -> 36 | AA79: =AA7+AA13+AA19+AA34+AA40+AA46+AA52+AA58+AA64 -> 36 | AB79: =AB7+AB13+AB19+AB34+AB40+AB46+AB52+AB58+AB64 -> 33 | AC79: =AC7+AC13+AC19+AC34+AC40+AC46+AC52+AC58+AC64 -> 52 | AD79: =AD7+AD13+AD19+AD34+AD40+AD46+AD52+AD58+AD64 -> 60 | ... AH79: =AH7+AH13+AH19+AH34+AH40+AH46+AH52+AH58+AH64 -> 50 | AI79: =SUM(W79:AH79) -> 680
C80: =C8+C14+C20+C26+C35+C41+C47+C53+C59+C65 -> 263773 | D80: =D8+D14+D20+D26+D35+D41+D47+D53+D59+D65 -> 203390 | E80: =E8+E14+E20+E26+E35+E41+E47+E53+E59+E65 -> 1340528 | F80: =F8+F14+F20+F26+F35+F41+F47+F53+F59+F65 -> 352434.49 | G80: =G8+G14+G20+G26+G35+G41+G47+G53+G59+G65 -> 153376.2 | H80: =H8+H14+H20+H26+H35+H41+H47+H53+H59+H65 -> 331503.44 | I80: =I8+I14+I20+I26+I35+I41+I47+I53+I59+I65 -> 170593.35 | J80: =J8+J14+J20+J26+J35+J41+J47+J53+J59+J65 -> 258839.47 | ... N80: =N8+N14+N20+N26+N35+N41+N47+N53+N59+N65 -> 274917.8 | O80: =SUM(C80:N80) -> 4073742 | W80: =W8+W14+W20+W35+W41+W47+W53+W59+W65 -> 228260 | X80: =X8+X14+X20+X35+X41+X47+X53+X59+X65 -> 164061 | Y80: =Y8+Y14+Y20+Y35+Y41+Y47+Y53+Y59+Y65 -> 1393196.2 | Z80: =Z8+Z14+Z20+Z35+Z41+Z47+Z53+Z59+Z65 -> 318287 | AA80: =AA8+AA14+AA20+AA35+AA41+AA47+AA53+AA59+AA65 -> 126855 | AB80: =AB8+AB14+AB20+AB35+AB41+AB47+AB53+AB59+AB65 -> 305794 | AC80: =AC8+AC14+AC20+AC35+AC41+AC47+AC53+AC59+AC65 -> 185268 | AD80: =AD8+AD14+AD20+AD35+AD41+AD47+AD53+AD59+AD65 -> 285324 | ... AH80: =AH8+AH14+AH20+AH35+AH41+AH47+AH53+AH59+AH65 -> 288530 | AI80: =SUM(W80:AH80) -> 4035194.2
C81: =C9+C15+C21+C27+C36+C42+C48+C54+C60+C66 -> 64 | D81: =D9+D15+D21+D27+D36+D42+D48+D54+D60+D66 -> 74 | E81: =E9+E15+E21+E27+E36+E42+E48+E54+E60+E66 -> 318 | F81: =F9+F15+F21+F27+F36+F42+F48+F54+F60+F66 -> 78 | G81: =G9+G15+G21+G27+G36+G42+G48+G54+G60+G66 -> 68 | H81: =H9+H15+H21+H27+H36+H42+H48+H54+H60+H66 -> 74 | I81: =I9+I15+I21+I27+I36+I42+I48+I54+I60+I66 -> 70 | J81: =J9+J15+J21+J27+J36+J42+J48+J54+J60+J66 -> 68 | ... N81: =N9+N15+N21+N27+N36+N42+N48+N54+N60+N66 -> 64 | O81: =SUM(C81:N81) -> 1112 | W81: =W9+W15+W21+W36+W42+W48+W54+W60+W66 -> 76 | X81: =X9+X15+X21+X36+X42+X48+X54+X60+X66 -> 74 | Y81: =Y9+Y15+Y21+Y36+Y42+Y48+Y54+Y60+Y66 -> 354 | Z81: =Z9+Z15+Z21+Z36+Z42+Z48+Z54+Z60+Z66 -> 72 | AA81: =AA9+AA15+AA21+AA36+AA42+AA48+AA54+AA60+AA66 -> 72 | AB81: =AB9+AB15+AB21+AB36+AB42+AB48+AB54+AB60+AB66 -> 66 | AC81: =AC9+AC15+AC21+AC36+AC42+AC48+AC54+AC60+AC66 -> 104 | AD81: =AD9+AD15+AD21+AD36+AD42+AD48+AD54+AD60+AD66 -> 120 | ... AH81: =AH9+AH15+AH21+AH36+AH42+AH48+AH54+AH60+AH66 -> 100 | AI81: =SUM(W81:AH81) -> 1360
C82: =C10+C16+C22+C28+C37+C43+C49+C55+C61+C67 -> 527546 | D82: =D10+D16+D22+D28+D37+D43+D49+D55+D61+D67 -> 406780 | E82: =E10+E16+E22+E28+E37+E43+E49+E55+E61+E67 -> 2681056 | F82: =F10+F16+F22+F28+F37+F43+F49+F55+F61+F67 -> 704868.97 | G82: =G10+G16+G22+G28+G37+G43+G49+G55+G61+G67 -> 306752.4 | H82: =H10+H16+H22+H28+H37+H43+H49+H55+H61+H67 -> 663006.89 | I82: =I10+I16+I22+I28+I37+I43+I49+I55+I61+I67 -> 341186.7 | J82: =J10+J16+J22+J28+J37+J43+J49+J55+J61+J67 -> 517678.94 | ... N82: =N10+N16+N22+N28+N37+N43+N49+N55+N61+N67 -> 549835.6 | O82: =SUM(C82:N82) -> 8147484.1 | W82: =W10+W16+W22+W37+W43+W49+W55+W61+W67 -> 456520 | X82: =X10+X16+X22+X37+X43+X49+X55+X61+X67 -> 328122 | Y82: =Y10+Y16+Y22+Y37+Y43+Y49+Y55+Y61+Y67 -> 2786392.5 | Z82: =Z10+Z16+Z22+Z37+Z43+Z49+Z55+Z61+Z67 -> 636574 | AA82: =AA10+AA16+AA22+AA37+AA43+AA49+AA55+AA61+AA67 -> 253710 | AB82: =AB10+AB16+AB22+AB37+AB43+AB49+AB55+AB61+AB67 -> 611588 | AC82: =AC10+AC16+AC22+AC37+AC43+AC49+AC55+AC61+AC67 -> 370536 | AD82: =AD10+AD16+AD22+AD37+AD43+AD49+AD55+AD61+AD67 -> 570648 | ... AH82: =AH10+AH16+AH22+AH37+AH43+AH49+AH55+AH61+AH67 -> 577060 | AI82: =SUM(W82:AH82) -> 8070388.5
C83: =C11+C17+C23+C29+C38+C44+C50+C56+C62+C68 -> 48510900 | D83: =D11+D17+D23+D29+D38+D44+D50+D56+D62+D68 -> 54829700 | E83: =E11+E17+E23+E29+E38+E44+E50+E56+E62+E68 -> 213620180 | F83: =F11+F17+F23+F29+F38+F44+F50+F56+F62+F68 -> 61968980 | G83: =G11+G17+G23+G29+G38+G44+G50+G56+G62+G68 -> 53344300 | H83: =H11+H17+H23+H29+H38+H44+H50+H56+H62+H68 -> 59441460 | I83: =I11+I17+I23+I29+I38+I44+I50+I56+I62+I68 -> 56913940 | J83: =J11+J17+J23+J29+J38+J44+J50+J56+J62+J68 -> 52191360 | ... N83: =N11+N17+N23+N29+N38+N44+N50+N56+N62+N68 -> 50816780 | O83: =SUM(C83:N83) -> 837544540 | W83: =W11+W17+W23+W38+W44+W50+W56+W62+W68 -> 64164040 | X83: =X11+X17+X23+X38+X44+X50+X56+X62+X68 -> 59441460 | Y83: =Y11+Y17+Y23+Y38+Y44+Y50+Y56+Y62+Y68 -> 230603160 | Z83: =Z11+Z17+Z23+Z38+Z44+Z50+Z56+Z62+Z68 -> 54718880 | AA83: =AA11+AA17+AA23+AA38+AA44+AA50+AA56+AA62+AA68 -> 53565940 | AB83: =AB11+AB17+AB23+AB38+AB44+AB50+AB56+AB62+AB68 -> 49774660 | AC83: =AC11+AC17+AC23+AC38+AC44+AC50+AC56+AC62+AC68 -> 78397860 | AD83: =AD11+AD17+AD23+AD38+AD44+AD50+AD56+AD62+AD68 -> 91966760 | ... AH83: =AH11+AH17+AH23+AH38+AH44+AH50+AH56+AH62+AH68 -> 75870340 | AI83: =SUM(W83:AH83) -> 997709600
C84: =C12+C18+C24+C30+C39+C45+C51+C57+C63+C69 -> 2.237243e+08 | D84: =D12+D18+D24+D30+D39+D45+D51+D57+D63+D69 -> 142082728 | E84: =E12+E18+E24+E30+E39+E45+E51+E57+E63+E69 -> 6.2565214e+08 | F84: =F12+F18+F24+F30+F39+F45+F51+F57+F63+F69 -> 3.1515746e+08 | G84: =G12+G18+G24+G30+G39+G45+G51+G57+G63+G69 -> 1.0013055e+08 | H84: =H12+H18+H24+H30+H39+H45+H51+H57+H63+H69 -> 2.8209015e+08 | I84: =I12+I18+I24+I30+I39+I45+I51+I57+I63+I69 -> 1.2579074e+08 | J84: =J12+J18+J24+J30+J39+J45+J51+J57+J63+J69 -> 2.1142877e+08 | ... N84: =N12+N18+N24+N30+N39+N45+N51+N57+N63+N69 -> 2.3259131e+08 | O84: =SUM(C84:N84) -> 2.8222906e+09 | W84: =W12+W18+W24+W39+W45+W51+W57+W63+W69 -> 214032678 | X84: =X12+X18+X24+X39+X45+X51+X57+X63+X69 -> 127845630 | Y84: =Y12+Y18+Y24+Y39+Y45+Y51+Y57+Y63+Y69 -> 6.4471804e+08 | Z84: =Z12+Z18+Z24+Z39+Z45+Z51+Z57+Z63+Z69 -> 3.0279659e+08 | AA84: =AA12+AA18+AA24+AA39+AA45+AA51+AA57+AA63+AA69 -> 90530234 | AB84: =AB12+AB18+AB24+AB39+AB45+AB51+AB57+AB63+AB69 -> 2.7278445e+08 | AC84: =AC12+AC18+AC24+AC39+AC45+AC51+AC57+AC63+AC69 -> 1.311035e+08 | AD84: =AD12+AD18+AD24+AD39+AD45+AD51+AD57+AD63+AD69 -> 2.2101673e+08 | ... AH84: =AH12+AH18+AH24+AH39+AH45+AH51+AH57+AH63+AH69 -> 2.3751917e+08 | AI84: =SUM(W84:AH84) -> 2.8115043e+09
C85: =C83+C84 -> 2.722352e+08 | D85: =D83+D84 -> 196912428 | E85: =E83+E84 -> 8.3927232e+08 | F85: =F83+F84 -> 3.7712644e+08 | G85: =G83+G84 -> 1.5347485e+08 | H85: =H83+H84 -> 3.4153161e+08 | I85: =I83+I84 -> 1.8270468e+08 | J85: =J83+J84 -> 2.6362013e+08 | ... N85: =N83+N84 -> 2.8340809e+08 | O85: =SUM(C85:N85) -> 3.6598351e+09 | W85: =W83+W84 -> 278196718 | X85: =X83+X84 -> 187287090 | Y85: =Y83+Y84 -> 8.753212e+08 | Z85: =Z83+Z84 -> 3.5751547e+08 | AA85: =AA83+AA84 -> 1.4409617e+08 | AB85: =AB83+AB84 -> 3.2255911e+08 | AC85: =AC83+AC84 -> 2.0950136e+08 | AD85: =AD83+AD84 -> 3.1298349e+08 | ... AH85: =AH83+AH84 -> 3.1338951e+08 | AI85: =SUM(W85:AH85) -> 3.8092139e+09
A89: Internasional | B89: CALL | C89: =C7+C13+C19+C25 -> 7 | D89: =D7+D13+D19+D25 -> 7 | E89: =E7+E13+E19+E25 -> 11 | F89: =F7+F13+F19+F25 -> 11 | G89: =G7+G13+G19+G25 -> 9 | H89: =H7+H13+H19+H25 -> 11 | I89: =I7+I13+I19+I25 -> 11 | J89: =J7+J13+J19+J25 -> 8 | ... N89: =N7+N13+N19+N25 -> 9 | O89: =SUM(C89:N89) -> 117 | U89: Internasional | V89: CALL | W89: =W7+W13+W19 -> 14 | X89: =X7+X13+X19 -> 11 | Y89: =Y7+Y13+Y19 -> 6 | Z89: =Z7+Z13+Z19 -> 8 | AA89: =AA7+AA13+AA19 -> 7 | AB89: =AB7+AB13+AB19 -> 7 | AC89: =AC7+AC13+AC19 -> 11 | AD89: =AD7+AD13+AD19 -> 14 | ... AH89: =AH7+AH13+AH19 -> 11 | AI89: =SUM(W89:AH89) -> 120
B90: GT | C90: =C8+C14+C20+C26 -> 178208 | D90: =D8+D14+D20+D26 -> 95130 | E90: =E8+E14+E20+E26 -> 195082 | F90: =F8+F14+F20+F26 -> 260667.29 | G90: =G8+G14+G20+G26 -> 61990.5 | H90: =H8+H14+H20+H26 -> 225244.44 | I90: =I8+I14+I20+I26 -> 88988.25 | J90: =J8+J14+J20+J26 -> 163603.22 | ... N90: =N8+N14+N20+N26 -> 184923.67 | O90: =SUM(C90:N90) -> 1872701.5 | V90: GT | W90: =W8+W14+W20 -> 182605 | X90: =X8+X14+X20 -> 95130 | Y90: =Y8+Y14+Y20 -> 195082 | Z90: =Z8+Z14+Z20 -> 260668 | AA90: =AA8+AA14+AA20 -> 61991 | AB90: =AB8+AB14+AB20 -> 225246 | AC90: =AC8+AC14+AC20 -> 88989 | AD90: =AD8+AD14+AD20 -> 163604 | ... AH90: =AH8+AH14+AH20 -> 184924 | AI90: =SUM(W90:AH90) -> 1877104
A91: Domestik | B91: CALL | C91: =C34+C40+C46+C52+C58+C64 -> 25 | D91: =D34+D40+D46+D52+D58+D64 -> 30 | E91: =E34+E40+E46+E52+E58+E64 -> 148 | F91: =F34+F40+F46+F52+F58+F64 -> 28 | G91: =G34+G40+G46+G52+G58+G64 -> 25 | H91: =H34+H40+H46+H52+H58+H64 -> 26 | I91: =I34+I40+I46+I52+I58+I64 -> 24 | J91: =J34+J40+J46+J52+J58+J64 -> 26 | ... N91: =N34+N40+N46+N52+N58+N64 -> 23 | O91: =SUM(C91:N91) -> 439 | U91: Domestik | V91: CALL | W91: =W34+W40+W46+W52+W58+W64 -> 24 | X91: =X34+X40+X46+X52+X58+X64 -> 26 | Y91: =Y34+Y40+Y46+Y52+Y58+Y64 -> 171 | Z91: =Z34+Z40+Z46+Z52+Z58+Z64 -> 28 | AA91: =AA34+AA40+AA46+AA52+AA58+AA64 -> 29 | AB91: =AB34+AB40+AB46+AB52+AB58+AB64 -> 26 | AC91: =AC34+AC40+AC46+AC52+AC58+AC64 -> 41 | AD91: =AD34+AD40+AD46+AD52+AD58+AD64 -> 46 | ... AH91: =AH34+AH40+AH46+AH52+AH58+AH64 -> 39 | AI91: =SUM(W91:AH91) -> 560
B92: GT | C92: =C35+C41+C47+C53+C59+C65 -> 85565 | D92: =D35+D41+D47+D53+D59+D65 -> 108260 | E92: =E35+E41+E47+E53+E59+E65 -> 1145446 | F92: =F35+F41+F47+F53+F59+F65 -> 91767.2 | G92: =G35+G41+G47+G53+G59+G65 -> 91385.7 | H92: =H35+H41+H47+H53+H59+H65 -> 106259 | I92: =I35+I41+I47+I53+I59+I65 -> 81605.1 | J92: =J35+J41+J47+J53+J59+J65 -> 95236.25 | ... N92: =N35+N41+N47+N53+N59+N65 -> 89994.133 | O92: =SUM(C92:N92) -> 2201040.6 | V92: GT | W92: =W35+W41+W47+W53+W59+W65 -> 45655 | X92: =X35+X41+X47+X53+X59+X65 -> 68931 | Y92: =Y35+Y41+Y47+Y53+Y59+Y65 -> 1198114.2 | Z92: =Z35+Z41+Z47+Z53+Z59+Z65 -> 57619 | AA92: =AA35+AA41+AA47+AA53+AA59+AA65 -> 64864 | AB92: =AB35+AB41+AB47+AB53+AB59+AB65 -> 80548 | AC92: =AC35+AC41+AC47+AC53+AC59+AC65 -> 96279 | AD92: =AD35+AD41+AD47+AD53+AD59+AD65 -> 121720 | ... AH92: =AH35+AH41+AH47+AH53+AH59+AH65 -> 103606 | AI92: =SUM(W92:AH92) -> 2158090.2
A95: Internasional | B95: Grk | C95: =C9+C15+C21+C27 -> 14 | D95: =D9+D15+D21+D27 -> 14 | E95: =E9+E15+E21+E27 -> 22 | F95: =F9+F15+F21+F27 -> 22 | G95: =G9+G15+G21+G27 -> 18 | H95: =H9+H15+H21+H27 -> 22 | I95: =I9+I15+I21+I27 -> 22 | J95: =J9+J15+J21+J27 -> 16 | ... N95: =N9+N15+N21+N27 -> 18 | O95: =SUM(C95:N95) -> 234 | U95: Internasional | W95: =W9+W15+W21 -> 28 | X95: =X9+X15+X21 -> 22 | Y95: =Y9+Y15+Y21 -> 12 | Z95: =Z9+Z15+Z21 -> 16 | AA95: =AA9+AA15+AA21 -> 14 | AB95: =AB9+AB15+AB21 -> 14 | AC95: =AC9+AC15+AC21 -> 22 | AD95: =AD9+AD15+AD21 -> 28 | ... AH95: =AH9+AH15+AH21 -> 22 | AI95: =SUM(W95:AH95) -> 240
B96: Gt Grk | C96: =C10+C16+C22+C28 -> 356416 | D96: =D10+D16+D22+D28 -> 190260 | E96: =E10+E16+E22+E28 -> 390164 | F96: =F10+F16+F22+F28 -> 521334.57 | G96: =G10+G16+G22+G28 -> 123981 | H96: =H10+H16+H22+H28 -> 450488.89 | I96: =I10+I16+I22+I28 -> 177976.5 | J96: =J10+J16+J22+J28 -> 327206.44 | ... N96: =N10+N16+N22+N28 -> 369847.33 | O96: =SUM(C96:N96) -> 3745402.9 | W96: =W10+W16+W22 -> 365210 | X96: =X10+X16+X22 -> 190260 | Y96: =Y10+Y16+Y22 -> 390164 | Z96: =Z10+Z16+Z22 -> 521336 | AA96: =AA10+AA16+AA22 -> 123982 | AB96: =AB10+AB16+AB22 -> 450492 | AC96: =AC10+AC16+AC22 -> 177978 | AD96: =AD10+AD16+AD22 -> 327208 | ... AH96: =AH10+AH16+AH22 -> 369848 | AI96: =SUM(W96:AH96) -> 3754208
A97: Domestik | B97: Grk | C97: =C36+C42+C48+C54+C60+C66 -> 50 | D97: =D36+D42+D48+D54+D60+D66 -> 60 | E97: =E36+E42+E48+E54+E60+E66 -> 296 | F97: =F36+F42+F48+F54+F60+F66 -> 56 | G97: =G36+G42+G48+G54+G60+G66 -> 50 | H97: =H36+H42+H48+H54+H60+H66 -> 52 | I97: =I36+I42+I48+I54+I60+I66 -> 48 | J97: =J36+J42+J48+J54+J60+J66 -> 52 | ... N97: =N36+N42+N48+N54+N60+N66 -> 46 | O97: =SUM(C97:N97) -> 878 | U97: Domestik | W97: =W36+W42+W48+W54+W60+W66 -> 48 | X97: =X36+X42+X48+X54+X60+X66 -> 52 | Y97: =Y36+Y42+Y48+Y54+Y60+Y66 -> 342 | Z97: =Z36+Z42+Z48+Z54+Z60+Z66 -> 56 | AA97: =AA36+AA42+AA48+AA54+AA60+AA66 -> 58 | AB97: =AB36+AB42+AB48+AB54+AB60+AB66 -> 52 | AC97: =AC36+AC42+AC48+AC54+AC60+AC66 -> 82 | AD97: =AD36+AD42+AD48+AD54+AD60+AD66 -> 92 | ... AH97: =AH36+AH42+AH48+AH54+AH60+AH66 -> 78 | AI97: =SUM(W97:AH97) -> 1120
B98: Gt Grk | C98: =C37+C43+C49+C55+C61+C67 -> 171130 | D98: =D37+D43+D49+D55+D61+D67 -> 216520 | E98: =E37+E43+E49+E55+E61+E67 -> 2290892 | F98: =F37+F43+F49+F55+F61+F67 -> 183534.4 | G98: =G37+G43+G49+G55+G61+G67 -> 182771.4 | H98: =H37+H43+H49+H55+H61+H67 -> 212518 | I98: =I37+I43+I49+I55+I61+I67 -> 163210.2 | J98: =J37+J43+J49+J55+J61+J67 -> 190472.5 | ... N98: =N37+N43+N49+N55+N61+N67 -> 179988.27 | O98: =SUM(C98:N98) -> 4402081.2 | W98: =W37+W43+W49+W55+W61+W67 -> 91310 | X98: =X37+X43+X49+X55+X61+X67 -> 137862 | Y98: =Y37+Y43+Y49+Y55+Y61+Y67 -> 2396228.5 | Z98: =Z37+Z43+Z49+Z55+Z61+Z67 -> 115238 | AA98: =AA37+AA43+AA49+AA55+AA61+AA67 -> 129728 | AB98: =AB37+AB43+AB49+AB55+AB61+AB67 -> 161096 | AC98: =AC37+AC43+AC49+AC55+AC61+AC67 -> 192558 | AD98: =AD37+AD43+AD49+AD55+AD61+AD67 -> 243440 | ... AH98: =AH37+AH43+AH49+AH55+AH61+AH67 -> 207212 | AI98: =SUM(W98:AH98) -> 4316180.5
C99: =C95+C97 -> 64 | D99: =D95+D97 -> 74 | E99: =E95+E97 -> 318 | F99: =F95+F97 -> 78 | G99: =G95+G97 -> 68 | H99: =H95+H97 -> 74 | I99: =I95+I97 -> 70 | J99: =J95+J97 -> 68 | ... N99: =N95+N97 -> 64 | O99: =SUM(C99:N99) -> 1112 | W99: =W95+W97 -> 76 | X99: =X95+X97 -> 74 | Y99: =Y95+Y97 -> 354 | Z99: =Z95+Z97 -> 72 | AA99: =AA95+AA97 -> 72 | AB99: =AB95+AB97 -> 66 | AC99: =AC95+AC97 -> 104 | AD99: =AD95+AD97 -> 120 | ... AH99: =AH95+AH97 -> 100 | AI99: =SUM(W99:AH99) -> 1360
C100: =C96+C98 -> 527546 | D100: =D96+D98 -> 406780 | E100: =E96+E98 -> 2681056 | F100: =F96+F98 -> 704868.97 | G100: =G96+G98 -> 306752.4 | H100: =H96+H98 -> 663006.89 | I100: =I96+I98 -> 341186.7 | J100: =J96+J98 -> 517678.94 | ... N100: =N96+N98 -> 549835.6 | O100: =SUM(C100:N100) -> 8147484.1 | W100: =W96+W98 -> 456520 | X100: =X96+X98 -> 328122 | Y100: =Y96+Y98 -> 2786392.5 | Z100: =Z96+Z98 -> 636574 | AA100: =AA96+AA98 -> 253710 | AB100: =AB96+AB98 -> 611588 | AC100: =AC96+AC98 -> 370536 | AD100: =AD96+AD98 -> 570648 | ... AH100: =AH96+AH98 -> 577060 | AI100: =SUM(W100:AH100) -> 8070388.5
O101: =SUM(C101:N101) -> 0

Sheet TUNDA IKPP
I1: =USULAN!H23 -> 2.1797647e+10
C2: Dollar | E2: ='PANDU IKPP'!C1 -> 16900 | G2: JAM | I2: 21797589609 | AB2: ='PANDU IKPP'!Z1 -> Tarif LN | AD2: JAM | AF2: =USULAN!J23 -> 2.2451534e+10
E3: In/Out | G3: 4.8433 | I3: =I1-I2 -> 57564.143 | AB3: In/Out | AD3: 4.576341 | AF3: 22451517297
AF4: =AF2-AF3 -> 16204.656
C5: TAKSASI 2025 | Z5: RKAP 2026
E6: Jan | F6: Feb | G6: Mar | H6: Apr | I6: Mei | J6: Jun | K6: Jul | L6: Aug | M6: Sept | N6: Okt | O6: Nov | P6: Des | AB6: Jan | AC6: Feb | AD6: Mar | AE6: Apr | AF6: Mei | AG6: Jun | AH6: Jul | AI6: Aug | AJ6: Sept | AK6: Okt | AL6: Nov | AM6: Des
C7: LN | R7: GT | Z7: LN
C8: GC | D8: TARIF | E8: ='PANDU IKPP'!C7 -> 7 | F8: ='PANDU IKPP'!D7 -> 4 | G8: ='PANDU IKPP'!E7 -> 9 | H8: ='PANDU IKPP'!F7 -> 8 | I8: ='PANDU IKPP'!G7 -> 6 | J8: ='PANDU IKPP'!H7 -> 7 | K8: ='PANDU IKPP'!I7 -> 9 | L8: ='PANDU IKPP'!J7 -> 5 | ... P8: ='PANDU IKPP'!N7 -> 6 | Q8: =SUM(E8:P8) -> 85 | R8: =Q9/Q8 -> 17335.374 | Z8: GC | AA8: TARIF | AB8: ='PANDU IKPP'!W7 -> 8 | AC8: ='PANDU IKPP'!X7 -> 6 | AD8: ='PANDU IKPP'!Y7 -> 4 | AE8: ='PANDU IKPP'!Z7 -> 4 | AF8: ='PANDU IKPP'!AA7 -> 6 | AG8: ='PANDU IKPP'!AB7 -> 4 | AH8: ='PANDU IKPP'!AC7 -> 7 | AI8: ='PANDU IKPP'!AD7 -> 8 | ... AM8: ='PANDU IKPP'!AH7 -> 6 | AN8: =SUM(AB8:AM8) -> 69
E9: ='PANDU IKPP'!C8 -> 178208 | F9: ='PANDU IKPP'!D8 -> 38129 | G9: ='PANDU IKPP'!E8 -> 191884 | H9: ='PANDU IKPP'!F8 -> 203666.29 | I9: ='PANDU IKPP'!G8 -> 57193.5 | J9: ='PANDU IKPP'!H8 -> 149243.11 | K9: ='PANDU IKPP'!I8 -> 85790.25 | L9: ='PANDU IKPP'!J8 -> 106602.22 | ... P9: ='PANDU IKPP'!N8 -> 127922.67 | Q9: =SUM(E9:P9) -> 1473506.8 | AB9: ='PANDU IKPP'!W8 -> 106603 | AC9: ='PANDU IKPP'!X8 -> 38129 | AD9: ='PANDU IKPP'!Y8 -> 191884 | AE9: ='PANDU IKPP'!Z8 -> 203667 | AF9: ='PANDU IKPP'!AA8 -> 57194 | AG9: ='PANDU IKPP'!AB8 -> 149244 | AH9: ='PANDU IKPP'!AC8 -> 85791 | AI9: ='PANDU IKPP'!AD8 -> 106603 | ... AM9: ='PANDU IKPP'!AH8 -> 127923 | AN9: =SUM(AB9:AM9) -> 1401906
A10: 4010301010102010000 | B10: Gt Kapal s/d 3.500 Gt | C10: Kpl Jam | D10: 389.33 | Y10: 152.25 | Z10: Kpl Jam | AA10: 389
C11: GT Kpl Jam | D11: 0.01 | Y11: 0.005 | Z11: GT Kpl Jam | AA11: 0.01
A12: 4010301010102020000 | B12: Gt Kapal 3.501 s/d 8.000 Gt | C12: Kpl Jam | D12: 859.52 | Y12: 386.25 | Z12: Kpl Jam | AA12: 859
C13: GT Kpl Jam | D13: 0.01 | Y13: 0.005 | Z13: GT Kpl Jam | AA13: 0.01
A14: 4010301010102030000 | B14: Gt Kapal 8.001 s/d 14.000 Gt | C14: Kpl Jam | D14: 1342.72 | Y14: 587.1 | Z14: Kpl Jam | AA14: 1342.72
C15: GT Kpl Jam | D15: 0.01 | Y15: 0.005 | Z15: GT Kpl Jam | AA15: 0.01
A16: 4010301010102040000 | B16: Gt Kapal 14.001 s/d 18.000 Gt | C16: Kpl Jam | D16: 1700.12 | E16: =E8*$G$3 -> 33.9031 | F16: =F8*$G$3 -> 19.3732 | G16: =G8*$G$3 -> 43.5897 | H16: =H8*$G$3 -> 38.7464 | I16: =I8*$G$3 -> 29.0598 | J16: =J8*$G$3 -> 33.9031 | K16: =K8*$G$3 -> 43.5897 | L16: =L8*$G$3 -> 24.2165 | ... P16: =P8*$G$3 -> 29.0598 | Q16: =SUM(E16:P16) -> 411.6805 | Y16: 770 | Z16: Kpl Jam | AA16: 1700.12 | AB16: =AB8*$AD$3 -> 36.610728 | AC16: =AC8*$AD$3 -> 27.458046 | AD16: =AD8*$AD$3 -> 18.305364 | AE16: =AE8*$AD$3 -> 18.305364 | AF16: =AF8*$AD$3 -> 27.458046 | AG16: =AG8*$AD$3 -> 18.305364 | AH16: =AH8*$AD$3 -> 32.034387 | AI16: =AI8*$AD$3 -> 36.610728 | ... AM16: =AM8*$AD$3 -> 27.458046 | AN16: =SUM(AB16:AM16) -> 315.76753
